elemento,grupo,perfil,combo_axial,extremo_axial,material,Fy_kg_cm2,E_kg_cm2,A_cm2,b_ext_mm,b_flat_mm,t_mm,r_cm,lambda_pared,lambda_p,lambda_r,clasificacion_local,K,L_m,KL_r,limite_esbeltez,cumple_esbeltez,Pu_N,Tu_N,Pn_compresion_N,PR_compresion_N,Tn_fluencia_N,TR_tension_N,utilizacion_compresion,utilizacion_tension,utilizacion_control,estado_control,estado,observacion
367,Contraviento_2,ORC 89 x 4.8,SISMO_DOWN_1,I,A500 Gr B,3235.0,2039696.5324550178,15.950000000000001,89.0,73.5,4.8999999999999995,3.4000000000000004,15.0,28.118328025378982,35.14791003172372,compacta,1.0,4.49728807171611,132.27317857988558,200.0,True,77451.08993998857,77451.08993998857,157834.76915321653,142051.29223789487,506178.8325,455560.94925,0.5452332655325681,0.17001257475536038,0.5452332655325681,compresion,Cumple,Demanda axial CQC/envolvente absoluta revisada contra tension y compresion; ruptura neta depende del diseno de conexion.
355,Contraviento_2,ORC 89 x 4.8,SISMO_DOWN_1,I,A500 Gr B,3235.0,2039696.5324550178,15.950000000000001,89.0,73.5,4.8999999999999995,3.4000000000000004,15.0,28.118328025378982,35.14791003172372,compacta,1.0,4.49728807171611,132.27317857988558,200.0,True,77046.9080606152,77046.9080606152,157834.76915321653,142051.29223789487,506178.8325,455560.94925,0.5423879420370488,0.1691253567441617,0.5423879420370488,compresion,Cumple,Demanda axial CQC/envolvente absoluta revisada contra tension y compresion; ruptura neta depende del diseno de conexion.
356,Contraviento_2,ORC 89 x 4.8,SISMO_DOWN_1,I,A500 Gr B,3235.0,2039696.5324550178,15.950000000000001,89.0,73.5,4.8999999999999995,3.4000000000000004,15.0,28.118328025378982,35.14791003172372,compacta,1.0,4.49728807171611,132.27317857988558,200.0,True,66183.9679369692,66183.9679369692,157834.76915321653,142051.29223789487,506178.8325,455560.94925,0.46591598636167403,0.14528016074672187,0.46591598636167403,compresion,Cumple,Demanda axial CQC/envolvente absoluta revisada contra tension y compresion; ruptura neta depende del diseno de conexion.
368,Contraviento_2,ORC 89 x 4.8,SISMO_DOWN_1,I,A500 Gr B,3235.0,2039696.5324550178,15.950000000000001,89.0,73.5,4.8999999999999995,3.4000000000000004,15.0,28.118328025378982,35.14791003172372,compacta,1.0,4.49728807171611,132.27317857988558,200.0,True,63947.251748293005,63947.251748293005,157834.76915321653,142051.29223789487,506178.8325,455560.94925,0.450170151505555,0.14037035407352358,0.450170151505555,compresion,Cumple,Demanda axial CQC/envolvente absoluta revisada contra tension y compresion; ruptura neta depende del diseno de conexion.
358,Contraviento_2,ORC 89 x 4.8,SISMO_DOWN_1,I,A500 Gr B,3235.0,2039696.5324550178,15.950000000000001,89.0,73.5,4.8999999999999995,3.4000000000000004,15.0,28.118328025378982,35.14791003172372,compacta,1.0,4.203049488169275,123.61910259321395,200.0,True,72424.51551270418,72424.51551270418,180707.04585800372,162636.34127220337,506178.8325,455560.94925,0.44531569602569787,0.15897876152892002,0.44531569602569787,compresion,Cumple,Demanda axial CQC/envolvente absoluta revisada contra tension y compresion; ruptura neta depende del diseno de conexion.
370,Contraviento_2,ORC 89 x 4.8,SISMO_DOWN_1,I,A500 Gr B,3235.0,2039696.5324550178,15.950000000000001,89.0,73.5,4.8999999999999995,3.4000000000000004,15.0,28.118328025378982,35.14791003172372,compacta,1.0,4.199809519490142,123.52380939676887,200.0,True,69189.32241954062,69189.32241954062,180985.96851104946,162887.37165994453,506178.8325,455560.94925,0.42476787312883446,0.1518772022348459,0.42476787312883446,compresion,Cumple,Demanda axial CQC/envolvente absoluta revisada contra tension y compresion; ruptura neta depende del diseno de conexion.
468,Contraviento_2,ORC 89 x 4.8,SISMO_DOWN_1,I,A500 Gr B,3235.0,2039696.5324550178,15.950000000000001,89.0,73.5,4.8999999999999995,3.4000000000000004,15.0,28.118328025378982,35.14791003172372,compacta,1.0,4.497288071716109,132.27317857988555,200.0,True,55907.90926409395,55907.90926409395,157834.7691532166,142051.29223789493,506178.8325,455560.94925,0.3935755063070059,0.12272322585185663,0.3935755063070059,compresion,Cumple,Demanda axial CQC/envolvente absoluta revisada contra tension y compresion; ruptura neta depende del diseno de conexion.
156,Contraviento_1,ORC 114 x 5.3,SISMO_DOWN_1,I,A500 Gr B,3235.0,2039696.5324550178,20.97,114.0,98.98,4.8999999999999995,4.43,20.2,28.118328025378982,35.14791003172372,compacta,1.0,4.49728807171611,101.51891809742911,200.0,True,116600.1160699587,116600.1160699587,332652.98689453886,299387.688205085,665490.2895,598941.26055,0.3894619607406364,0.1946770472331232,0.3894619607406364,compresion,Cumple,Demanda axial CQC/envolvente absoluta revisada contra tension y compresion; ruptura neta depende del diseno de conexion.
268,Contraviento_1,ORC 114 x 5.3,SISMO_DOWN_1,I,A500 Gr B,3235.0,2039696.5324550178,20.97,114.0,98.98,4.8999999999999995,4.43,20.2,28.118328025378982,35.14791003172372,compacta,1.0,4.49728807171611,101.51891809742911,200.0,True,115863.7941695452,115863.7941695452,332652.98689453886,299387.688205085,665490.2895,598941.26055,0.3870025346205178,0.19344767475720237,0.3870025346205178,compresion,Cumple,Demanda axial CQC/envolvente absoluta revisada contra tension y compresion; ruptura neta depende del diseno de conexion.
256,Contraviento_1,ORC 114 x 5.3,SISMO_DOWN_1,I,A500 Gr B,3235.0,2039696.5324550178,20.97,114.0,98.98,4.8999999999999995,4.43,20.2,28.118328025378982,35.14791003172372,compacta,1.0,4.49728807171611,101.51891809742911,200.0,True,114954.24775931625,114954.24775931625,332652.98689453886,299387.688205085,665490.2895,598941.26055,0.3839645125305583,0.19192908442099188,0.3839645125305583,compresion,Cumple,Demanda axial CQC/envolvente absoluta revisada contra tension y compresion; ruptura neta depende del diseno de conexion.
168,Contraviento_1,ORC 114 x 5.3,SISMO_DOWN_1,I,A500 Gr B,3235.0,2039696.5324550178,20.97,114.0,98.98,4.8999999999999995,4.43,20.2,28.118328025378982,35.14791003172372,compacta,1.0,4.49728807171611,101.51891809742911,200.0,True,114777.37896002221,114777.37896002221,332652.98689453886,299387.688205085,665490.2895,598941.26055,0.3833737440846198,0.19163378200831185,0.3833737440846198,compresion,Cumple,Demanda axial CQC/envolvente absoluta revisada contra tension y compresion; ruptura neta depende del diseno de conexion.
456,Contraviento_2,ORC 89 x 4.8,SISMO_DOWN_1,I,A500 Gr B,3235.0,2039696.5324550178,15.950000000000001,89.0,73.5,4.8999999999999995,3.4000000000000004,15.0,28.118328025378982,35.14791003172372,compacta,1.0,4.497288071716109,132.27317857988555,200.0,True,54281.20684261654,54281.20684261654,157834.7691532166,142051.29223789493,506178.8325,455560.94925,0.38212399188675583,0.11915245793560858,0.38212399188675583,compresion,Cumple,Demanda axial CQC/envolvente absoluta revisada contra tension y compresion; ruptura neta depende del diseno de conexion.
155,Contraviento_1,ORC 114 x 5.3,SISMO_DOWN_1,I,A500 Gr B,3235.0,2039696.5324550178,20.97,114.0,98.98,4.8999999999999995,4.43,20.2,28.118328025378982,35.14791003172372,compacta,1.0,4.49728807171611,101.51891809742911,200.0,True,109556.61772150172,109556.61772150172,332652.98689453886,299387.688205085,665490.2895,598941.26055,0.3659356147152378,0.182917132175695,0.3659356147152378,compresion,Cumple,Demanda axial CQC/envolvente absoluta revisada contra tension y compresion; ruptura neta depende del diseno de conexion.
167,Contraviento_1,ORC 114 x 5.3,SISMO_DOWN_1,I,A500 Gr B,3235.0,2039696.5324550178,20.97,114.0,98.98,4.8999999999999995,4.43,20.2,28.118328025378982,35.14791003172372,compacta,1.0,4.49728807171611,101.51891809742911,200.0,True,109528.21451684687,109528.21451684687,332652.98689453886,299387.688205085,665490.2895,598941.26055,0.3658407437309794,0.18286970982140807,0.3658407437309794,compresion,Cumple,Demanda axial CQC/envolvente absoluta revisada contra tension y compresion; ruptura neta depende del diseno de conexion.
255,Contraviento_1,ORC 114 x 5.3,SISMO_DOWN_1,I,A500 Gr B,3235.0,2039696.5324550178,20.97,114.0,98.98,4.8999999999999995,4.43,20.2,28.118328025378982,35.14791003172372,compacta,1.0,4.49728807171611,101.51891809742911,200.0,True,102447.15348484376,102447.15348484376,332652.98689453886,299387.688205085,665490.2895,598941.26055,0.3421889326813798,0.17104707962641924,0.3421889326813798,compresion,Cumple,Demanda axial CQC/envolvente absoluta revisada contra tension y compresion; ruptura neta depende del diseno de conexion.
357,Contraviento_2,ORC 89 x 4.8,SISMO_DOWN_1,I,A500 Gr B,3235.0,2039696.5324550178,15.950000000000001,89.0,73.5,4.8999999999999995,3.4000000000000004,15.0,28.118328025378982,35.14791003172372,compacta,1.0,4.203049488169275,123.61910259321395,200.0,True,55261.34917453002,55261.34917453002,180707.04585800372,162636.34127220337,506178.8325,455560.94925,0.33978475377799766,0.12130396441026825,0.33978475377799766,compresion,Cumple,Demanda axial CQC/envolvente absoluta revisada contra tension y compresion; ruptura neta depende del diseno de conexion.
457,Contraviento_2,ORC 89 x 4.8,SISMO_DOWN_1,I,A500 Gr B,3235.0,2039696.5324550178,15.950000000000001,89.0,73.5,4.8999999999999995,3.4000000000000004,15.0,28.118328025378982,35.14791003172372,compacta,1.0,4.203049488169273,123.61910259321391,200.0,True,54998.32333380869,54998.32333380869,180707.04585800384,162636.34127220346,506178.8325,455560.94925,0.33816749014144587,0.12072659744948208,0.33816749014144587,compresion,Cumple,Demanda axial CQC/envolvente absoluta revisada contra tension y compresion; ruptura neta depende del diseno de conexion.
267,Contraviento_1,ORC 114 x 5.3,SISMO_DOWN_1,I,A500 Gr B,3235.0,2039696.5324550178,20.97,114.0,98.98,4.8999999999999995,4.43,20.2,28.118328025378982,35.14791003172372,compacta,1.0,4.49728807171611,101.51891809742911,200.0,True,99978.78013009929,99978.78013009929,332652.98689453886,299387.688205085,665490.2895,598941.26055,0.3339441936624072,0.16692585185781,0.3339441936624072,compresion,Cumple,Demanda axial CQC/envolvente absoluta revisada contra tension y compresion; ruptura neta depende del diseno de conexion.
257,Contraviento_1,ORC 114 x 5.3,SISMO_DOWN_1,I,A500 Gr B,3235.0,2039696.5324550178,20.97,114.0,98.98,4.8999999999999995,4.43,20.2,28.118328025378982,35.14791003172372,compacta,1.0,4.203049488169274,94.87696361555923,200.0,True,107040.28833255432,107040.28833255432,363168.6319587262,326851.7687628536,665490.2895,598941.26055,0.3274887840983878,0.17871583639814798,0.3274887840983878,compresion,Cumple,Demanda axial CQC/envolvente absoluta revisada contra tension y compresion; ruptura neta depende del diseno de conexion.
369,Contraviento_2,ORC 89 x 4.8,SISMO_DOWN_1,I,A500 Gr B,3235.0,2039696.5324550178,15.950000000000001,89.0,73.5,4.8999999999999995,3.4000000000000004,15.0,28.118328025378982,35.14791003172372,compacta,1.0,4.206292904684599,123.71449719660583,200.0,True,52815.554381979375,52815.554381979375,180428.47170250767,162385.62453225692,506178.8325,455560.94925,0.3252477214908139,0.11593521013803045,0.3252477214908139,compresion,Cumple,Demanda axial CQC/envolvente absoluta revisada contra tension y compresion; ruptura neta depende del diseno de conexion.
269,Contraviento_1,ORC 114 x 5.3,SISMO_DOWN_1,I,A500 Gr B,3235.0,2039696.5324550178,20.97,114.0,98.98,4.8999999999999995,4.43,20.2,28.118328025378982,35.14791003172372,compacta,1.0,4.206292904684598,94.95017843531824,200.0,True,103956.44892589803,103956.44892589803,362829.1883646506,326546.26952818554,665490.2895,598941.26055,0.31835135975094986,0.1735670186262275,0.31835135975094986,compresion,Cumple,Demanda axial CQC/envolvente absoluta revisada contra tension y compresion; ruptura neta depende del diseno de conexion.
169,Contraviento_1,ORC 114 x 5.3,SISMO_DOWN_1,I,A500 Gr B,3235.0,2039696.5324550178,20.97,114.0,98.98,4.8999999999999995,4.43,20.2,28.118328025378982,35.14791003172372,compacta,1.0,4.206292904684598,94.95017843531824,200.0,True,102780.37256520509,102780.37256520509,362829.1883646506,326546.26952818554,665490.2895,598941.26055,0.31474979859273416,0.17160342647094176,0.31474979859273416,compresion,Cumple,Demanda axial CQC/envolvente absoluta revisada contra tension y compresion; ruptura neta depende del diseno de conexion.
469,Contraviento_2,ORC 89 x 4.8,SISMO_DOWN_1,I,A500 Gr B,3235.0,2039696.5324550178,15.950000000000001,89.0,73.5,4.8999999999999995,3.4000000000000004,15.0,28.118328025378982,35.14791003172372,compacta,1.0,4.206292904684598,123.7144971966058,200.0,True,51056.05990142608,51056.05990142608,180428.47170250773,162385.62453225694,506178.8325,455560.94925,0.3144124367442642,0.1120729509091611,0.3144124367442642,compresion,Cumple,Demanda axial CQC/envolvente absoluta revisada contra tension y compresion; ruptura neta depende del diseno de conexion.
157,Contraviento_1,ORC 114 x 5.3,SISMO_DOWN_1,I,A500 Gr B,3235.0,2039696.5324550178,20.97,114.0,98.98,4.8999999999999995,4.43,20.2,28.118328025378982,35.14791003172372,compacta,1.0,4.203049488169274,94.87696361555923,200.0,True,102572.28812236186,102572.28812236186,363168.6319587262,326851.7687628536,665490.2895,598941.26055,0.3138189782805884,0.1712560060199744,0.3138189782805884,compresion,Cumple,Demanda axial CQC/envolvente absoluta revisada contra tension y compresion; ruptura neta depende del diseno de conexion.
158,Contraviento_1,ORC 114 x 5.3,SISMO_DOWN_1,I,A500 Gr B,3235.0,2039696.5324550178,20.97,114.0,98.98,4.8999999999999995,4.43,20.2,28.118328025378982,35.14791003172372,compacta,1.0,4.203049488169274,94.87696361555923,200.0,True,101835.18137920611,101835.18137920611,363168.6319587262,326851.7687628536,665490.2895,598941.26055,0.3115638069350402,0.17002532316055866,0.3115638069350402,compresion,Cumple,Demanda axial CQC/envolvente absoluta revisada contra tension y compresion; ruptura neta depende del diseno de conexion.
170,Contraviento_1,ORC 114 x 5.3,SISMO_DOWN_1,I,A500 Gr B,3235.0,2039696.5324550178,20.97,114.0,98.98,4.8999999999999995,4.43,20.2,28.118328025378982,35.14791003172372,compacta,1.0,4.199809519490141,94.80382662505961,200.0,True,100810.18892484515,100810.18892484515,363507.76998380397,327156.9929854236,665490.2895,598941.26055,0.30814010119397545,0.16831398263040429,0.30814010119397545,compresion,Cumple,Demanda axial CQC/envolvente absoluta revisada contra tension y compresion; ruptura neta depende del diseno de conexion.
455,Contraviento_2,ORC 89 x 4.8,SISMO_DOWN_1,I,A500 Gr B,3235.0,2039696.5324550178,15.950000000000001,89.0,73.5,4.8999999999999995,3.4000000000000004,15.0,28.118328025378982,35.14791003172372,compacta,1.0,4.497288071716109,132.27317857988555,200.0,True,38529.63615205738,38529.63615205738,157834.7691532166,142051.29223789493,506178.8325,455560.94925,0.2712374913670715,0.08457624872256844,0.2712374913670715,compresion,Cumple,Demanda axial CQC/envolvente absoluta revisada contra tension y compresion; ruptura neta depende del diseno de conexion.
467,Contraviento_2,ORC 89 x 4.8,SISMO_DOWN_1,I,A500 Gr B,3235.0,2039696.5324550178,15.950000000000001,89.0,73.5,4.8999999999999995,3.4000000000000004,15.0,28.118328025378982,35.14791003172372,compacta,1.0,4.497288071716109,132.27317857988555,200.0,True,37760.884215050566,37760.884215050566,157834.7691532166,142051.29223789493,506178.8325,455560.94925,0.26582570014084755,0.08288876445010737,0.26582570014084755,compresion,Cumple,Demanda axial CQC/envolvente absoluta revisada contra tension y compresion; ruptura neta depende del diseno de conexion.
270,Contraviento_1,ORC 114 x 5.3,SISMO_DOWN_1,I,A500 Gr B,3235.0,2039696.5324550178,20.97,114.0,98.98,4.8999999999999995,4.43,20.2,28.118328025378982,35.14791003172372,compacta,1.0,4.199809519490141,94.80382662505961,200.0,True,83773.93528177422,83773.93528177422,363507.76998380397,327156.9929854236,665490.2895,598941.26055,0.2560664667972014,0.13987003534344203,0.2560664667972014,compresion,Cumple,Demanda axial CQC/envolvente absoluta revisada contra tension y compresion; ruptura neta depende del diseno de conexion.
258,Contraviento_1,ORC 114 x 5.3,SISMO_DOWN_1,I,A500 Gr B,3235.0,2039696.5324550178,20.97,114.0,98.98,4.8999999999999995,4.43,20.2,28.118328025378982,35.14791003172372,compacta,1.0,4.203049488169274,94.87696361555923,200.0,True,81111.79447341406,81111.79447341406,363168.6319587262,326851.7687628536,665490.2895,598941.26055,0.24816079405176633,0.13542529095245526,0.24816079405176633,compresion,Cumple,Demanda axial CQC/envolvente absoluta revisada contra tension y compresion; ruptura neta depende del diseno de conexion.
458,Contraviento_2,ORC 89 x 4.8,SISMO_DOWN_1,I,A500 Gr B,3235.0,2039696.5324550178,15.950000000000001,89.0,73.5,4.8999999999999995,3.4000000000000004,15.0,28.118328025378982,35.14791003172372,compacta,1.0,4.203049488169273,123.61910259321391,200.0,True,39280.671485304985,39280.671485304985,180707.04585800384,162636.34127220346,506178.8325,455560.94925,0.2415245644241416,0.0862248433496629,0.2415245644241416,compresion,Cumple,Demanda axial CQC/envolvente absoluta revisada contra tension y compresion; ruptura neta depende del diseno de conexion.
470,Contraviento_2,ORC 89 x 4.8,SISMO_DOWN_1,I,A500 Gr B,3235.0,2039696.5324550178,15.950000000000001,89.0,73.5,4.8999999999999995,3.4000000000000004,15.0,28.118328025378982,35.14791003172372,compacta,1.0,4.19980951949014,123.52380939676881,200.0,True,34417.44227615434,34417.44227615434,180985.9685110496,162887.37165994465,506178.8325,455560.94925,0.21129595207666962,0.07554958855190844,0.21129595207666962,compresion,Cumple,Demanda axial CQC/envolvente absoluta revisada contra tension y compresion; ruptura neta depende del diseno de conexion.
360,Contraviento_2,ORC 89 x 4.8,SISMO_DOWN_1,I,A500 Gr B,3235.0,2039696.5324550178,15.950000000000001,89.0,73.5,4.8999999999999995,3.4000000000000004,15.0,28.118328025378982,35.14791003172372,compacta,1.0,4.455333881989094,131.03923182320864,200.0,True,8.280003957179,8.280003957179,160821.3051377983,144739.1746240185,506178.8325,455560.94925,5.72063781535824e-05,1.8175403249138347e-05,5.72063781535824e-05,compresion,Cumple,Demanda axial CQC/envolvente absoluta revisada contra tension y compresion; ruptura neta depende del diseno de conexion.
362,Contraviento_2,ORC 89 x 4.8,SISMO_DOWN_1,I,A500 Gr B,3235.0,2039696.5324550178,15.950000000000001,89.0,73.5,4.8999999999999995,3.4000000000000004,15.0,28.118328025378982,35.14791003172372,compacta,1.0,4.455333881989094,131.03923182320864,200.0,True,8.276706245934857,8.276706245934857,160821.3051377983,144739.1746240185,506178.8325,455560.94925,5.718359433397925e-05,1.8168164456503526e-05,5.718359433397925e-05,compresion,Cumple,Demanda axial CQC/envolvente absoluta revisada contra tension y compresion; ruptura neta depende del diseno de conexion.
259,Contraviento_1,ORC 114 x 5.3,SISMO_DOWN_1,I,A500 Gr B,3235.0,2039696.5324550178,20.97,114.0,98.98,4.8999999999999995,4.43,20.2,28.118328025378982,35.14791003172372,compacta,1.0,4.455333881989093,100.57187092526169,200.0,True,16.80246498877989,16.80246498877989,336964.3424407602,303267.9081966842,665490.2895,598941.26055,5.540469180762331e-05,2.8053610755335846e-05,5.540469180762331e-05,compresion,Cumple,Demanda axial CQC/envolvente absoluta revisada contra tension y compresion; ruptura neta depende del diseno de conexion.
261,Contraviento_1,ORC 114 x 5.3,SISMO_DOWN_1,I,A500 Gr B,3235.0,2039696.5324550178,20.97,114.0,98.98,4.8999999999999995,4.43,20.2,28.118328025378982,35.14791003172372,compacta,1.0,4.455333881989093,100.57187092526169,200.0,True,16.689679361886373,16.689679361886373,336964.3424407602,303267.9081966842,665490.2895,598941.26055,5.50327908453218e-05,2.786530242808862e-05,5.50327908453218e-05,compresion,Cumple,Demanda axial CQC/envolvente absoluta revisada contra tension y compresion; ruptura neta depende del diseno de conexion.
363,Contraviento_2,ORC 89 x 4.8,SISMO_DOWN_1,I,A500 Gr B,3235.0,2039696.5324550178,15.950000000000001,89.0,73.5,4.8999999999999995,3.4000000000000004,15.0,28.118328025378982,35.14791003172372,compacta,1.0,4.455333881989094,131.03923182320864,200.0,True,7.275003941467495,7.275003941467495,160821.3051377983,144739.1746240185,506178.8325,455560.94925,5.026285358034823e-05,1.5969331773156795e-05,5.026285358034823e-05,compresion,Cumple,Demanda axial CQC/envolvente absoluta revisada contra tension y compresion; ruptura neta depende del diseno de conexion.
264,Contraviento_1,ORC 114 x 5.3,SISMO_DOWN_1,I,A500 Gr B,3235.0,2039696.5324550178,20.97,114.0,98.98,4.8999999999999995,4.43,20.2,28.118328025378982,35.14791003172372,compacta,1.0,4.455333881989093,100.57187092526169,200.0,True,14.826091260834014,14.826091260834014,336964.3424407602,303267.9081966842,665490.2895,598941.26055,4.888776840581023e-05,2.4753831865280756e-05,4.888776840581023e-05,compresion,Cumple,Demanda axial CQC/envolvente absoluta revisada contra tension y compresion; ruptura neta depende del diseno de conexion.
365,Contraviento_2,ORC 89 x 4.8,SISMO_DOWN_1,I,A500 Gr B,3235.0,2039696.5324550178,15.950000000000001,89.0,73.5,4.8999999999999995,3.4000000000000004,15.0,28.118328025378982,35.14791003172372,compacta,1.0,4.455333881989094,131.03923182320864,200.0,True,7.063237527315719,7.063237527315719,160821.3051377983,144739.1746240185,506178.8325,455560.94925,4.8799763752028626e-05,1.5504484172631745e-05,4.8799763752028626e-05,compresion,Cumple,Demanda axial CQC/envolvente absoluta revisada contra tension y compresion; ruptura neta depende del diseno de conexion.
461,Contraviento_2,ORC 89 x 4.8,SISMO_DOWN_1,I,A500 Gr B,3235.0,2039696.5324550178,15.950000000000001,89.0,73.5,4.8999999999999995,3.4000000000000004,15.0,28.118328025378982,35.14791003172372,compacta,1.0,4.455333881989092,131.03923182320858,200.0,True,6.968820438851766,6.968820438851766,160821.30513779842,144739.17462401857,506178.8325,455560.94925,4.814743801706972e-05,1.529722960303048e-05,4.814743801706972e-05,compresion,Cumple,Demanda axial CQC/envolvente absoluta revisada contra tension y compresion; ruptura neta depende del diseno de conexion.
266,Contraviento_1,ORC 114 x 5.3,SISMO_DOWN_1,I,A500 Gr B,3235.0,2039696.5324550178,20.97,114.0,98.98,4.8999999999999995,4.43,20.2,28.118328025378982,35.14791003172372,compacta,1.0,4.455333881989093,100.57187092526169,200.0,True,14.530757006041588,14.530757006041588,336964.3424407602,303267.9081966842,665490.2895,598941.26055,4.791392894963906e-05,2.426073801076617e-05,4.791392894963906e-05,compresion,Cumple,Demanda axial CQC/envolvente absoluta revisada contra tension y compresion; ruptura neta depende del diseno de conexion.
459,Contraviento_2,ORC 89 x 4.8,SISMO_DOWN_1,I,A500 Gr B,3235.0,2039696.5324550178,15.950000000000001,89.0,73.5,4.8999999999999995,3.4000000000000004,15.0,28.118328025378982,35.14791003172372,compacta,1.0,4.455333881989092,131.03923182320858,200.0,True,6.819501400159346,6.819501400159346,160821.30513779842,144739.17462401857,506178.8325,455560.94925,4.7115795829802197e-05,1.4969459984194082e-05,4.7115795829802197e-05,compresion,Cumple,Demanda axial CQC/envolvente absoluta revisada contra tension y compresion; ruptura neta depende del diseno de conexion.
359,Contraviento_2,ORC 89 x 4.8,SISMO_DOWN_1,I,A500 Gr B,3235.0,2039696.5324550178,15.950000000000001,89.0,73.5,4.8999999999999995,3.4000000000000004,15.0,28.118328025378982,35.14791003172372,compacta,1.0,4.455333881989094,131.03923182320864,200.0,True,6.456854647223601,6.456854647223601,160821.3051377983,144739.1746240185,506178.8325,455560.94925,4.461027682378486e-05,1.4173415561306698e-05,4.461027682378486e-05,compresion,Cumple,Demanda axial CQC/envolvente absoluta revisada contra tension y compresion; ruptura neta depende del diseno de conexion.
361,Contraviento_2,ORC 89 x 4.8,SISMO_DOWN_1,I,A500 Gr B,3235.0,2039696.5324550178,15.950000000000001,89.0,73.5,4.8999999999999995,3.4000000000000004,15.0,28.118328025378982,35.14791003172372,compacta,1.0,4.455333881989094,131.03923182320864,200.0,True,6.144084618815851,6.144084618815851,160821.3051377983,144739.1746240185,506178.8325,455560.94925,4.2449355088392785e-05,1.3486855335012786e-05,4.2449355088392785e-05,compresion,Cumple,Demanda axial CQC/envolvente absoluta revisada contra tension y compresion; ruptura neta depende del diseno de conexion.
464,Contraviento_2,ORC 89 x 4.8,SISMO_DOWN_1,I,A500 Gr B,3235.0,2039696.5324550178,15.950000000000001,89.0,73.5,4.8999999999999995,3.4000000000000004,15.0,28.118328025378982,35.14791003172372,compacta,1.0,4.455333881989092,131.03923182320858,200.0,True,6.124881592423958,6.124881592423958,160821.30513779842,144739.17462401857,506178.8325,455560.94925,4.23166817714295e-05,1.3444702849327813e-05,4.23166817714295e-05,compresion,Cumple,Demanda axial CQC/envolvente absoluta revisada contra tension y compresion; ruptura neta depende del diseno de conexion.
466,Contraviento_2,ORC 89 x 4.8,SISMO_DOWN_1,I,A500 Gr B,3235.0,2039696.5324550178,15.950000000000001,89.0,73.5,4.8999999999999995,3.4000000000000004,15.0,28.118328025378982,35.14791003172372,compacta,1.0,4.455333881989092,131.03923182320858,200.0,True,5.87656269063392,5.87656269063392,160821.30513779842,144739.17462401857,506178.8325,455560.94925,4.0601051552899624e-05,1.2899619030798478e-05,4.0601051552899624e-05,compresion,Cumple,Demanda axial CQC/envolvente absoluta revisada contra tension y compresion; ruptura neta depende del diseno de conexion.
463,Contraviento_2,ORC 89 x 4.8,SISMO_DOWN_1,I,A500 Gr B,3235.0,2039696.5324550178,15.950000000000001,89.0,73.5,4.8999999999999995,3.4000000000000004,15.0,28.118328025378982,35.14791003172372,compacta,1.0,4.455333881989092,131.03923182320858,200.0,True,5.6601526039304355,5.6601526039304355,160821.30513779842,144739.17462401857,506178.8325,455560.94925,3.910587868580513e-05,1.2424578123407787e-05,3.910587868580513e-05,compresion,Cumple,Demanda axial CQC/envolvente absoluta revisada contra tension y compresion; ruptura neta depende del diseno de conexion.
364,Contraviento_2,ORC 89 x 4.8,SISMO_DOWN_1,I,A500 Gr B,3235.0,2039696.5324550178,15.950000000000001,89.0,73.5,4.8999999999999995,3.4000000000000004,15.0,28.118328025378982,35.14791003172372,compacta,1.0,4.455333881989094,131.03923182320864,200.0,True,5.637790449222588,5.637790449222588,160821.3051377983,144739.1746240185,506178.8325,455560.94925,3.895137901585791e-05,1.2375491047914019e-05,3.895137901585791e-05,compresion,Cumple,Demanda axial CQC/envolvente absoluta revisada contra tension y compresion; ruptura neta depende del diseno de conexion.
460,Contraviento_2,ORC 89 x 4.8,SISMO_DOWN_1,I,A500 Gr B,3235.0,2039696.5324550178,15.950000000000001,89.0,73.5,4.8999999999999995,3.4000000000000004,15.0,28.118328025378982,35.14791003172372,compacta,1.0,4.455333881989092,131.03923182320858,200.0,True,5.5562243442167,5.5562243442167,160821.30513779842,144739.17462401857,506178.8325,455560.94925,3.8387840463024714e-05,1.219644562020523e-05,3.8387840463024714e-05,compresion,Cumple,Demanda axial CQC/envolvente absoluta revisada contra tension y compresion; ruptura neta depende del diseno de conexion.
366,Contraviento_2,ORC 89 x 4.8,SISMO_DOWN_1,I,A500 Gr B,3235.0,2039696.5324550178,15.950000000000001,89.0,73.5,4.8999999999999995,3.4000000000000004,15.0,28.118328025378982,35.14791003172372,compacta,1.0,4.455333881989094,131.03923182320864,200.0,True,5.377573396284892,5.377573396284892,160821.3051377983,144739.1746240185,506178.8325,455560.94925,3.715354471416559e-05,1.1804289645848946e-05,3.715354471416559e-05,compresion,Cumple,Demanda axial CQC/envolvente absoluta revisada contra tension y compresion; ruptura neta depende del diseno de conexion.
462,Contraviento_2,ORC 89 x 4.8,SISMO_DOWN_1,I,A500 Gr B,3235.0,2039696.5324550178,15.950000000000001,89.0,73.5,4.8999999999999995,3.4000000000000004,15.0,28.118328025378982,35.14791003172372,compacta,1.0,4.455333881989092,131.03923182320858,200.0,True,5.004236654303166,5.004236654303166,160821.30513779842,144739.17462401857,506178.8325,455560.94925,3.4574168792259674e-05,1.0984779671176273e-05,3.4574168792259674e-05,compresion,Cumple,Demanda axial CQC/envolvente absoluta revisada contra tension y compresion; ruptura neta depende del diseno de conexion.
465,Contraviento_2,ORC 89 x 4.8,SISMO_DOWN_1,I,A500 Gr B,3235.0,2039696.5324550178,15.950000000000001,89.0,73.5,4.8999999999999995,3.4000000000000004,15.0,28.118328025378982,35.14791003172372,compacta,1.0,4.455333881989092,131.03923182320858,200.0,True,4.932697958577468,4.932697958577468,160821.30513779842,144739.17462401857,506178.8325,455560.94925,3.407990940525176e-05,1.0827745369084591e-05,3.407990940525176e-05,compresion,Cumple,Demanda axial CQC/envolvente absoluta revisada contra tension y compresion; ruptura neta depende del diseno de conexion.
160,Contraviento_1,ORC 114 x 5.3,SISMO_DOWN_1,I,A500 Gr B,3235.0,2039696.5324550178,20.97,114.0,98.98,4.8999999999999995,4.43,20.2,28.118328025378982,35.14791003172372,compacta,1.0,4.455333881989093,100.57187092526169,200.0,True,5.465498861273935,5.465498861273935,336964.3424407602,303267.9081966842,665490.2895,598941.26055,1.8022015233241526e-05,9.125266902225166e-06,1.8022015233241526e-05,compresion,Cumple,Demanda axial CQC/envolvente absoluta revisada contra tension y compresion; ruptura neta depende del diseno de conexion.
162,Contraviento_1,ORC 114 x 5.3,SISMO_DOWN_1,I,A500 Gr B,3235.0,2039696.5324550178,20.97,114.0,98.98,4.8999999999999995,4.43,20.2,28.118328025378982,35.14791003172372,compacta,1.0,4.455333881989093,100.57187092526169,200.0,True,5.334011290453939,5.334011290453939,336964.3424407602,303267.9081966842,665490.2895,598941.26055,1.758844620972744e-05,8.90573356985923e-06,1.758844620972744e-05,compresion,Cumple,Demanda axial CQC/envolvente absoluta revisada contra tension y compresion; ruptura neta depende del diseno de conexion.
164,Contraviento_1,ORC 114 x 5.3,SISMO_DOWN_1,I,A500 Gr B,3235.0,2039696.5324550178,20.97,114.0,98.98,4.8999999999999995,4.43,20.2,28.118328025378982,35.14791003172372,compacta,1.0,4.455333881989093,100.57187092526169,200.0,True,5.2041199623507755,5.2041199623507755,336964.3424407602,303267.9081966842,665490.2895,598941.26055,1.7160140660104554e-05,8.688865344778383e-06,1.7160140660104554e-05,compresion,Cumple,Demanda axial CQC/envolvente absoluta revisada contra tension y compresion; ruptura neta depende del diseno de conexion.
166,Contraviento_1,ORC 114 x 5.3,SISMO_DOWN_1,I,A500 Gr B,3235.0,2039696.5324550178,20.97,114.0,98.98,4.8999999999999995,4.43,20.2,28.118328025378982,35.14791003172372,compacta,1.0,4.455333881989093,100.57187092526169,200.0,True,5.06123310877669,5.06123310877669,336964.3424407602,303267.9081966842,665490.2895,598941.26055,1.668898347626756e-05,8.450299623921426e-06,1.668898347626756e-05,compresion,Cumple,Demanda axial CQC/envolvente absoluta revisada contra tension y compresion; ruptura neta depende del diseno de conexion.
159,Contraviento_1,ORC 114 x 5.3,SISMO_DOWN_1,I,A500 Gr B,3235.0,2039696.5324550178,20.97,114.0,98.98,4.8999999999999995,4.43,20.2,28.118328025378982,35.14791003172372,compacta,1.0,4.455333881989093,100.57187092526169,200.0,True,4.724645053948427,4.724645053948427,336964.3424407602,303267.9081966842,665490.2895,598941.26055,1.5579113141388708e-05,7.888327896478273e-06,1.5579113141388708e-05,compresion,Cumple,Demanda axial CQC/envolvente absoluta revisada contra tension y compresion; ruptura neta depende del diseno de conexion.
161,Contraviento_1,ORC 114 x 5.3,SISMO_DOWN_1,I,A500 Gr B,3235.0,2039696.5324550178,20.97,114.0,98.98,4.8999999999999995,4.43,20.2,28.118328025378982,35.14791003172372,compacta,1.0,4.455333881989093,100.57187092526169,200.0,True,4.575874268717548,4.575874268717548,336964.3424407602,303267.9081966842,665490.2895,598941.26055,1.5088554195948317e-05,7.639938287964302e-06,1.5088554195948317e-05,compresion,Cumple,Demanda axial CQC/envolvente absoluta revisada contra tension y compresion; ruptura neta depende del diseno de conexion.
163,Contraviento_1,ORC 114 x 5.3,SISMO_DOWN_1,I,A500 Gr B,3235.0,2039696.5324550178,20.97,114.0,98.98,4.8999999999999995,4.43,20.2,28.118328025378982,35.14791003172372,compacta,1.0,4.455333881989093,100.57187092526169,200.0,True,4.4789774325740614,4.4789774325740614,336964.3424407602,303267.9081966842,665490.2895,598941.26055,1.4769045162764876e-05,7.478158089260831e-06,1.4769045162764876e-05,compresion,Cumple,Demanda axial CQC/envolvente absoluta revisada contra tension y compresion; ruptura neta depende del diseno de conexion.
165,Contraviento_1,ORC 114 x 5.3,SISMO_DOWN_1,I,A500 Gr B,3235.0,2039696.5324550178,20.97,114.0,98.98,4.8999999999999995,4.43,20.2,28.118328025378982,35.14791003172372,compacta,1.0,4.455333881989093,100.57187092526169,200.0,True,4.323603333467014,4.323603333467014,336964.3424407602,303267.9081966842,665490.2895,598941.26055,1.425671235435483e-05,7.2187435033223544e-06,1.425671235435483e-05,compresion,Cumple,Demanda axial CQC/envolvente absoluta revisada contra tension y compresion; ruptura neta depende del diseno de conexion.
260,Contraviento_1,ORC 114 x 5.3,SISMO_DOWN_1,I,A500 Gr B,3235.0,2039696.5324550178,20.97,114.0,98.98,4.8999999999999995,4.43,20.2,28.118328025378982,35.14791003172372,compacta,1.0,4.455333881989093,100.57187092526169,200.0,True,3.5635688537456853,3.5635688537456853,336964.3424407602,303267.9081966842,665490.2895,598941.26055,1.1750563635089721e-05,5.949780201272669e-06,1.1750563635089721e-05,compresion,Cumple,Demanda axial CQC/envolvente absoluta revisada contra tension y compresion; ruptura neta depende del diseno de conexion.
262,Contraviento_1,ORC 114 x 5.3,SISMO_DOWN_1,I,A500 Gr B,3235.0,2039696.5324550178,20.97,114.0,98.98,4.8999999999999995,4.43,20.2,28.118328025378982,35.14791003172372,compacta,1.0,4.455333881989093,100.57187092526169,200.0,True,3.084081494575889,3.084081494575889,336964.3424407602,303267.9081966842,665490.2895,598941.26055,1.0169495061032669e-05,5.149221965011756e-06,1.0169495061032669e-05,compresion,Cumple,Demanda axial CQC/envolvente absoluta revisada contra tension y compresion; ruptura neta depende del diseno de conexion.
263,Contraviento_1,ORC 114 x 5.3,SISMO_DOWN_1,I,A500 Gr B,3235.0,2039696.5324550178,20.97,114.0,98.98,4.8999999999999995,4.43,20.2,28.118328025378982,35.14791003172372,compacta,1.0,4.455333881989093,100.57187092526169,200.0,True,2.4851598420249945,2.4851598420249945,336964.3424407602,303267.9081966842,665490.2895,598941.26055,8.194602115345636e-06,4.149254702778206e-06,8.194602115345636e-06,compresion,Cumple,Demanda axial CQC/envolvente absoluta revisada contra tension y compresion; ruptura neta depende del diseno de conexion.
265,Contraviento_1,ORC 114 x 5.3,SISMO_DOWN_1,I,A500 Gr B,3235.0,2039696.5324550178,20.97,114.0,98.98,4.8999999999999995,4.43,20.2,28.118328025378982,35.14791003172372,compacta,1.0,4.455333881989093,100.57187092526169,200.0,True,2.0234978624381723,2.0234978624381723,336964.3424407602,303267.9081966842,665490.2895,598941.26055,6.6723112065185415e-06,3.378457948580835e-06,6.6723112065185415e-06,compresion,Cumple,Demanda axial CQC/envolvente absoluta revisada contra tension y compresion; ruptura neta depende del diseno de conexion.
