elemento,grupo,perfil,rol_critico,combo,extremo,material,Fy_kg_cm2,E_kg_cm2,A_cm2,Ix_cm4,Iy_cm4,rx_cm,ry_cm,J_cm4,b_ext_mm,b_flat_mm,t_mm,lambda_pared,lambda_p,lambda_r,clasificacion_local,tipo_elemento_local,Kx,Ky,L_m,KL_rx,KL_ry,Fe_x_MPa,Fe_y_MPa,Fcr_x_MPa,Fcr_y_MPa,Ae_cm2,Q_local,Pn_fluencia_N,Pn_pandeo_x_N,Pn_pandeo_y_N,Pn_control_N,PR_N,estado_limite_axial,S_cm3,Z_cm3,Mn_x_Nm,Mn_y_Nm,MRx_Nm,MRy_Nm,estado_limite_flexion,Vy_max_N,Vz_max_N,VRy_N,VRz_N,Cv_cortante,Pu_N,Mux_Nm,Muy_Nm,M_resultante_Nm,ratio_axial,ratio_mx,ratio_my,ratio_flexion,interaccion_pm,ecuacion_interaccion,utilizacion_cortante_y,utilizacion_cortante_z,utilizacion_control,limite_esbeltez,cumple_esbeltez,p_delta_global,p_delta_local,requisitos_sismicos,dictamen
102,Columna_1,ORC 203 x 9.5,interaccion,SISMO_DOWN_1,I,A500 Gr B,3235.0,2039696.5324550178,67.1,4162.3,4162.3,7.870000000000001,7.870000000000001,6659.7,203.0,177.10999999999999,8.9,19.9,28.118328025378982,35.14791003172372,compacta,pared atiesada en compresion,1.0,1.0,3.2,40.66073697585769,40.66073697585769,1194.0856703800566,1194.0856703800566,283.9441872105283,283.9441872105283,67.1,1.0,2129441.985,1905265.496182645,1905265.496182645,1905265.496182645,1714738.9465643805,pandeo_x,408.0,481.8,152900.9163,152900.9163,137610.82467,137610.82467,fluencia_plastica,3100.58176503593,247.12566333752994,619231.573926,619231.573926,1.0,542638.924154906,216.11546410970266,6181.95944412875,6185.735886915962,0.31645570612490453,0.0015704830243402875,0.0449234968175905,0.04649397984193079,0.35778368820662076,Pu/PR >= 0.20: Pu/PR + 8/9(Mux/MRx + Muy/MRy),0.005007144169632504,0.0003990844035466805,0.35778368820662076,200.0,True,Incluido en columnas mediante transformacion PDelta del modelo OpenSees.,No se amplifica adicionalmente; revisar si se requiere metodo B1/B2 especifico.,"Continuidad de columna y compatibilidad de nudos se verifican en constructibilidad; placas, diafragmas o rigidizadores requieren revision de conexion.",Cumple
114,Columna_1,ORC 203 x 9.5,interaccion,SISMO_DOWN_1,I,A500 Gr B,3235.0,2039696.5324550178,67.1,4162.3,4162.3,7.870000000000001,7.870000000000001,6659.7,203.0,177.10999999999999,8.9,19.9,28.118328025378982,35.14791003172372,compacta,pared atiesada en compresion,1.0,1.0,3.2,40.66073697585769,40.66073697585769,1194.0856703800566,1194.0856703800566,283.9441872105283,283.9441872105283,67.1,1.0,2129441.985,1905265.496182645,1905265.496182645,1905265.496182645,1714738.9465643805,pandeo_x,408.0,481.8,152900.9163,152900.9163,137610.82467,137610.82467,fluencia_plastica,3029.9720081133405,228.33213617580563,619231.573926,619231.573926,1.0,534730.3729545939,292.9771960085818,6076.4870701281525,6083.545902745837,0.31184360396430594,0.002129027252842651,0.04415704276680251,0.04628607001964516,0.35298677731510164,Pu/PR >= 0.20: Pu/PR + 8/9(Mux/MRx + Muy/MRy),0.004893116138931622,0.00036873464756997676,0.35298677731510164,200.0,True,Incluido en columnas mediante transformacion PDelta del modelo OpenSees.,No se amplifica adicionalmente; revisar si se requiere metodo B1/B2 especifico.,"Continuidad de columna y compatibilidad de nudos se verifican en constructibilidad; placas, diafragmas o rigidizadores requieren revision de conexion.",Cumple
106,Columna_2,ORC 305 x 12.7,interaccion,GRAV_DISEÑO,J,A500 Gr B,3235.0,2039696.5324550178,134.84,19021.8,19021.8,11.89,11.89,30301.6,305.0,269.04,11.799999999999999,22.8,28.118328025378982,35.14791003172372,compacta,pared atiesada en compresion,1.0,1.0,3.2,26.91337258200168,26.91337258200168,2725.522246052618,2725.522246052618,302.2580918264678,302.2580918264678,134.84,1.0,4279194.5940000005,4075648.1101880926,4075648.1101880926,4075648.1101880926,3668083.2991692834,pandeo_x,1248.7,1468.3,465970.14404999994,465970.14404999994,419373.129645,419373.129645,fluencia_plastica,19216.93677506773,126.71409145780106,1233527.66622,1233527.66622,1.0,1028436.5016268399,503.2227796269236,28011.823948554233,28016.34369597025,0.28037435841758324,0.0011999404445699764,0.06679451297288953,0.06799445341745951,0.34081387256643614,Pu/PR >= 0.20: Pu/PR + 8/9(Mux/MRx + Muy/MRy),0.015578845372763925,0.00010272496914974063,0.34081387256643614,200.0,True,Incluido en columnas mediante transformacion PDelta del modelo OpenSees.,No se amplifica adicionalmente; revisar si se requiere metodo B1/B2 especifico.,"Continuidad de columna y compatibilidad de nudos se verifican en constructibilidad; placas, diafragmas o rigidizadores requieren revision de conexion.",Cumple
115,Columna_1,ORC 203 x 9.5,interaccion,SISMO_DOWN_1,I,A500 Gr B,3235.0,2039696.5324550178,67.1,4162.3,4162.3,7.870000000000001,7.870000000000001,6659.7,203.0,177.10999999999999,8.9,19.9,28.118328025378982,35.14791003172372,compacta,pared atiesada en compresion,1.0,1.0,3.2,40.66073697585769,40.66073697585769,1194.0856703800566,1194.0856703800566,283.9441872105283,283.9441872105283,67.1,1.0,2129441.985,1905265.496182645,1905265.496182645,1905265.496182645,1714738.9465643805,pandeo_x,408.0,481.8,152900.9163,152900.9163,137610.82467,137610.82467,fluencia_plastica,3193.1978803435895,181.8392285983859,619231.573926,619231.573926,1.0,487251.66499776713,253.6031227794197,6317.6093197172095,6322.697372202881,0.28415501145175226,0.0018429009737248288,0.04590924685516028,0.04775214782888511,0.32660136507742793,Pu/PR >= 0.20: Pu/PR + 8/9(Mux/MRx + Muy/MRy),0.005156710372661304,0.0002936530310389441,0.32660136507742793,200.0,True,Incluido en columnas mediante transformacion PDelta del modelo OpenSees.,No se amplifica adicionalmente; revisar si se requiere metodo B1/B2 especifico.,"Continuidad de columna y compatibilidad de nudos se verifican en constructibilidad; placas, diafragmas o rigidizadores requieren revision de conexion.",Cumple
103,Columna_1,ORC 203 x 9.5,interaccion,SISMO_DOWN_1,I,A500 Gr B,3235.0,2039696.5324550178,67.1,4162.3,4162.3,7.870000000000001,7.870000000000001,6659.7,203.0,177.10999999999999,8.9,19.9,28.118328025378982,35.14791003172372,compacta,pared atiesada en compresion,1.0,1.0,3.2,40.66073697585769,40.66073697585769,1194.0856703800566,1194.0856703800566,283.9441872105283,283.9441872105283,67.1,1.0,2129441.985,1905265.496182645,1905265.496182645,1905265.496182645,1714738.9465643805,pandeo_x,408.0,481.8,152900.9163,152900.9163,137610.82467,137610.82467,fluencia_plastica,3252.81009545302,135.27514434734445,619231.573926,619231.573926,1.0,479060.1702934458,86.93927108587654,6464.199002359137,6464.783614240913,0.2793779025392069,0.0006317763976370518,0.04697449505052179,0.04760627144815884,0.32169458827090364,Pu/PR >= 0.20: Pu/PR + 8/9(Mux/MRx + Muy/MRy),0.005252978421028867,0.00021845647096074952,0.32169458827090364,200.0,True,Incluido en columnas mediante transformacion PDelta del modelo OpenSees.,No se amplifica adicionalmente; revisar si se requiere metodo B1/B2 especifico.,"Continuidad de columna y compatibilidad de nudos se verifican en constructibilidad; placas, diafragmas o rigidizadores requieren revision de conexion.",Cumple
110,Columna_2,ORC 305 x 12.7,interaccion,GRAV_DISEÑO,J,A500 Gr B,3235.0,2039696.5324550178,134.84,19021.8,19021.8,11.89,11.89,30301.6,305.0,269.04,11.799999999999999,22.8,28.118328025378982,35.14791003172372,compacta,pared atiesada en compresion,1.0,1.0,3.2,26.91337258200168,26.91337258200168,2725.522246052618,2725.522246052618,302.2580918264678,302.2580918264678,134.84,1.0,4279194.5940000005,4075648.1101880926,4075648.1101880926,4075648.1101880926,3668083.2991692834,pandeo_x,1248.7,1468.3,465970.14404999994,465970.14404999994,419373.129645,419373.129645,fluencia_plastica,17439.71792866886,183.23331403945238,1233527.66622,1233527.66622,1.0,979955.0506097088,535.4327385041686,23282.915948636906,23289.071756700672,0.26715725099035803,0.0012767454580540562,0.05551837803329444,0.05679512349134849,0.31764180520489005,Pu/PR >= 0.20: Pu/PR + 8/9(Mux/MRx + Muy/MRy),0.014138084135648791,0.00014854414623787827,0.31764180520489005,200.0,True,Incluido en columnas mediante transformacion PDelta del modelo OpenSees.,No se amplifica adicionalmente; revisar si se requiere metodo B1/B2 especifico.,"Continuidad de columna y compatibilidad de nudos se verifican en constructibilidad; placas, diafragmas o rigidizadores requieren revision de conexion.",Cumple
105,Columna_1,ORC 203 x 9.5,interaccion,GRAV_DISEÑO,J,A500 Gr B,3235.0,2039696.5324550178,67.1,4162.3,4162.3,7.870000000000001,7.870000000000001,6659.7,203.0,177.10999999999999,8.9,19.9,28.118328025378982,35.14791003172372,compacta,pared atiesada en compresion,1.0,1.0,3.2,40.66073697585769,40.66073697585769,1194.0856703800566,1194.0856703800566,283.9441872105283,283.9441872105283,67.1,1.0,2129441.985,1905265.496182645,1905265.496182645,1905265.496182645,1714738.9465643805,pandeo_x,408.0,481.8,152900.9163,152900.9163,137610.82467,137610.82467,fluencia_plastica,296.44621534998043,2398.23444647547,619231.573926,619231.573926,1.0,500024.4514879357,82.46593035878593,669.0737928157614,674.136759050275,0.29160383421031844,0.0005992692112451529,0.004862072401791395,0.0054613416130365475,0.2964583600885731,Pu/PR >= 0.20: Pu/PR + 8/9(Mux/MRx + Muy/MRy),0.0004787323964611123,0.0038729201601759183,0.2964583600885731,200.0,True,Incluido en columnas mediante transformacion PDelta del modelo OpenSees.,No se amplifica adicionalmente; revisar si se requiere metodo B1/B2 especifico.,"Continuidad de columna y compatibilidad de nudos se verifican en constructibilidad; placas, diafragmas o rigidizadores requieren revision de conexion.",Cumple
206,Columna_2,ORC 305 x 12.7,interaccion,GRAV_DISEÑO,I,A500 Gr B,3235.0,2039696.5324550178,134.84,19021.8,19021.8,11.89,11.89,30301.6,305.0,269.04,11.799999999999999,22.8,28.118328025378982,35.14791003172372,compacta,pared atiesada en compresion,1.0,1.0,3.2,26.91337258200168,26.91337258200168,2725.522246052618,2725.522246052618,302.2580918264678,302.2580918264678,134.84,1.0,4279194.5940000005,4075648.1101880926,4075648.1101880926,4075648.1101880926,3668083.2991692834,pandeo_x,1248.7,1468.3,465970.14404999994,465970.14404999994,419373.129645,419373.129645,fluencia_plastica,23667.420443375486,518.0938362324376,1233527.66622,1233527.66622,1.0,774567.7275191817,872.874516001061,38950.880942088246,38960.66010844038,0.21116415968377797,0.0020813792164985647,0.09287881885770848,0.09496019807420704,0.2955732246386287,Pu/PR >= 0.20: Pu/PR + 8/9(Mux/MRx + Muy/MRy),0.01918677715263696,0.00042000990364494625,0.2955732246386287,200.0,True,Incluido en columnas mediante transformacion PDelta del modelo OpenSees.,No se amplifica adicionalmente; revisar si se requiere metodo B1/B2 especifico.,"Continuidad de columna y compatibilidad de nudos se verifican en constructibilidad; placas, diafragmas o rigidizadores requieren revision de conexion.",Cumple
109,Columna_1,ORC 203 x 9.5,interaccion,GRAV_DISEÑO,J,A500 Gr B,3235.0,2039696.5324550178,67.1,4162.3,4162.3,7.870000000000001,7.870000000000001,6659.7,203.0,177.10999999999999,8.9,19.9,28.118328025378982,35.14791003172372,compacta,pared atiesada en compresion,1.0,1.0,3.2,40.66073697585769,40.66073697585769,1194.0856703800566,1194.0856703800566,283.9441872105283,283.9441872105283,67.1,1.0,2129441.985,1905265.496182645,1905265.496182645,1905265.496182645,1714738.9465643805,pandeo_x,408.0,481.8,152900.9163,152900.9163,137610.82467,137610.82467,fluencia_plastica,301.5425895971398,2393.48631035573,619231.573926,619231.573926,1.0,483919.9852588866,114.75707722738653,600.9319201576117,611.7911076814427,0.28221204529614247,0.0008339247839156673,0.0043668942584908325,0.0052008190424065,0.28683499555605935,Pu/PR >= 0.20: Pu/PR + 8/9(Mux/MRx + Muy/MRy),0.0004869625553576423,0.0038652523726798184,0.28683499555605935,200.0,True,Incluido en columnas mediante transformacion PDelta del modelo OpenSees.,No se amplifica adicionalmente; revisar si se requiere metodo B1/B2 especifico.,"Continuidad de columna y compatibilidad de nudos se verifican en constructibilidad; placas, diafragmas o rigidizadores requieren revision de conexion.",Cumple
202,Columna_1,ORC 203 x 9.5,interaccion,SISMO_DOWN_1,J,A500 Gr B,3235.0,2039696.5324550178,67.1,4162.3,4162.3,7.870000000000001,7.870000000000001,6659.7,203.0,177.10999999999999,8.9,19.9,28.118328025378982,35.14791003172372,compacta,pared atiesada en compresion,1.0,1.0,3.2,40.66073697585769,40.66073697585769,1194.0856703800566,1194.0856703800566,283.9441872105283,283.9441872105283,67.1,1.0,2129441.985,1905265.496182645,1905265.496182645,1905265.496182645,1714738.9465643805,pandeo_x,408.0,481.8,152900.9163,152900.9163,137610.82467,137610.82467,fluencia_plastica,2529.160608686226,440.2914552450756,619231.573926,619231.573926,1.0,436791.9792979437,765.1202846892095,4201.366271448803,4270.466906195447,0.25472797487517973,0.005560029790708829,0.030530783326994524,0.03609081311770335,0.2868086976464716,Pu/PR >= 0.20: Pu/PR + 8/9(Mux/MRx + Muy/MRy),0.004084353439297441,0.0007110287552903298,0.2868086976464716,200.0,True,Incluido en columnas mediante transformacion PDelta del modelo OpenSees.,No se amplifica adicionalmente; revisar si se requiere metodo B1/B2 especifico.,"Continuidad de columna y compatibilidad de nudos se verifican en constructibilidad; placas, diafragmas o rigidizadores requieren revision de conexion.",Cumple
214,Columna_1,ORC 203 x 9.5,interaccion,SISMO_DOWN_1,I,A500 Gr B,3235.0,2039696.5324550178,67.1,4162.3,4162.3,7.870000000000001,7.870000000000001,6659.7,203.0,177.10999999999999,8.9,19.9,28.118328025378982,35.14791003172372,compacta,pared atiesada en compresion,1.0,1.0,3.2,40.66073697585769,40.66073697585769,1194.0856703800566,1194.0856703800566,283.9441872105283,283.9441872105283,67.1,1.0,2129441.985,1905265.496182645,1905265.496182645,1905265.496182645,1714738.9465643805,pandeo_x,408.0,481.8,152900.9163,152900.9163,137610.82467,137610.82467,fluencia_plastica,2457.1713449982194,624.1660474564582,619231.573926,619231.573926,1.0,430688.66117844795,997.4851562110237,4104.425963868845,4223.895018787995,0.2511686470068041,0.0072485951494227294,0.029826330695361607,0.037074925844784334,0.2841241366466124,Pu/PR >= 0.20: Pu/PR + 8/9(Mux/MRx + Muy/MRy),0.003968097636590892,0.001007968704662737,0.2841241366466124,200.0,True,Incluido en columnas mediante transformacion PDelta del modelo OpenSees.,No se amplifica adicionalmente; revisar si se requiere metodo B1/B2 especifico.,"Continuidad de columna y compatibilidad de nudos se verifican en constructibilidad; placas, diafragmas o rigidizadores requieren revision de conexion.",Cumple
210,Columna_2,ORC 305 x 12.7,interaccion,GRAV_DISEÑO,I,A500 Gr B,3235.0,2039696.5324550178,134.84,19021.8,19021.8,11.89,11.89,30301.6,305.0,269.04,11.799999999999999,22.8,28.118328025378982,35.14791003172372,compacta,pared atiesada en compresion,1.0,1.0,3.2,26.91337258200168,26.91337258200168,2725.522246052618,2725.522246052618,302.2580918264678,302.2580918264678,134.84,1.0,4279194.5940000005,4075648.1101880926,4075648.1101880926,4075648.1101880926,3668083.2991692834,pandeo_x,1248.7,1468.3,465970.14404999994,465970.14404999994,419373.129645,419373.129645,fluencia_plastica,19800.38522671056,519.1010394157892,1233527.66622,1233527.66622,1.0,738182.5871570458,868.0704405046605,32657.465166918337,32669.000251280457,0.20124477198329252,0.002069923843808218,0.07787209732431578,0.079942021168124,0.2723043463549583,Pu/PR >= 0.20: Pu/PR + 8/9(Mux/MRx + Muy/MRy),0.016051837156913152,0.00042082642621751084,0.2723043463549583,200.0,True,Incluido en columnas mediante transformacion PDelta del modelo OpenSees.,No se amplifica adicionalmente; revisar si se requiere metodo B1/B2 especifico.,"Continuidad de columna y compatibilidad de nudos se verifican en constructibilidad; placas, diafragmas o rigidizadores requieren revision de conexion.",Cumple
107,Columna_2,ORC 305 x 12.7,interaccion,GRAV_DISEÑO,J,A500 Gr B,3235.0,2039696.5324550178,134.84,19021.8,19021.8,11.89,11.89,30301.6,305.0,269.04,11.799999999999999,22.8,28.118328025378982,35.14791003172372,compacta,pared atiesada en compresion,1.0,1.0,3.2,26.91337258200168,26.91337258200168,2725.522246052618,2725.522246052618,302.2580918264678,302.2580918264678,134.84,1.0,4279194.5940000005,4075648.1101880926,4075648.1101880926,4075648.1101880926,3668083.2991692834,pandeo_x,1248.7,1468.3,465970.14404999994,465970.14404999994,419373.129645,419373.129645,fluencia_plastica,13481.158220112051,8434.436610296887,1233527.66622,1233527.66622,1.0,743344.4389225298,18283.914031592976,11420.688179458908,21557.681480324245,0.2026520060465574,0.043598201074709624,0.027232760928499494,0.07083096200320912,0.2656128611605211,Pu/PR >= 0.20: Pu/PR + 8/9(Mux/MRx + Muy/MRy),0.010928946783515176,0.006837654996537875,0.2656128611605211,200.0,True,Incluido en columnas mediante transformacion PDelta del modelo OpenSees.,No se amplifica adicionalmente; revisar si se requiere metodo B1/B2 especifico.,"Continuidad de columna y compatibilidad de nudos se verifican en constructibilidad; placas, diafragmas o rigidizadores requieren revision de conexion.",Cumple
215,Columna_1,ORC 203 x 9.5,interaccion,SISMO_DOWN_1,I,A500 Gr B,3235.0,2039696.5324550178,67.1,4162.3,4162.3,7.870000000000001,7.870000000000001,6659.7,203.0,177.10999999999999,8.9,19.9,28.118328025378982,35.14791003172372,compacta,pared atiesada en compresion,1.0,1.0,3.2,40.66073697585769,40.66073697585769,1194.0856703800566,1194.0856703800566,283.9441872105283,283.9441872105283,67.1,1.0,2129441.985,1905265.496182645,1905265.496182645,1905265.496182645,1714738.9465643805,pandeo_x,408.0,481.8,152900.9163,152900.9163,137610.82467,137610.82467,fluencia_plastica,2714.302212906073,523.7003943280926,619231.573926,619231.573926,1.0,390732.10064123396,864.3158744646963,4481.25351204734,4563.844319221274,0.22786681402676345,0.006280871265304774,0.03256468757304294,0.03884555883834771,0.2623961996608503,Pu/PR >= 0.20: Pu/PR + 8/9(Mux/MRx + Muy/MRy),0.004383339492359993,0.0008457262458497897,0.2623961996608503,200.0,True,Incluido en columnas mediante transformacion PDelta del modelo OpenSees.,No se amplifica adicionalmente; revisar si se requiere metodo B1/B2 especifico.,"Continuidad de columna y compatibilidad de nudos se verifican en constructibilidad; placas, diafragmas o rigidizadores requieren revision de conexion.",Cumple
113,Columna_1,ORC 203 x 9.5,interaccion,SISMO_DOWN_1,I,A500 Gr B,3235.0,2039696.5324550178,67.1,4162.3,4162.3,7.870000000000001,7.870000000000001,6659.7,203.0,177.10999999999999,8.9,19.9,28.118328025378982,35.14791003172372,compacta,pared atiesada en compresion,1.0,1.0,3.2,40.66073697585769,40.66073697585769,1194.0856703800566,1194.0856703800566,283.9441872105283,283.9441872105283,67.1,1.0,2129441.985,1905265.496182645,1905265.496182645,1905265.496182645,1714738.9465643805,pandeo_x,408.0,481.8,152900.9163,152900.9163,137610.82467,137610.82467,fluencia_plastica,31.4336802713469,2317.353270294581,619231.573926,619231.573926,1.0,388364.7838544678,5377.854217353128,40.05591746113848,5378.003389700166,0.22648624423711164,0.039080168513266185,0.00029108115264329866,0.039371249665909484,0.26148291060680895,Pu/PR >= 0.20: Pu/PR + 8/9(Mux/MRx + Muy/MRy),5.076239906833839e-05,0.003742304765892818,0.26148291060680895,200.0,True,Incluido en columnas mediante transformacion PDelta del modelo OpenSees.,No se amplifica adicionalmente; revisar si se requiere metodo B1/B2 especifico.,"Continuidad de columna y compatibilidad de nudos se verifican en constructibilidad; placas, diafragmas o rigidizadores requieren revision de conexion.",Cumple
203,Columna_1,ORC 203 x 9.5,interaccion,SISMO_DOWN_1,I,A500 Gr B,3235.0,2039696.5324550178,67.1,4162.3,4162.3,7.870000000000001,7.870000000000001,6659.7,203.0,177.10999999999999,8.9,19.9,28.118328025378982,35.14791003172372,compacta,pared atiesada en compresion,1.0,1.0,3.2,40.66073697585769,40.66073697585769,1194.0856703800566,1194.0856703800566,283.9441872105283,283.9441872105283,67.1,1.0,2129441.985,1905265.496182645,1905265.496182645,1905265.496182645,1714738.9465643805,pandeo_x,408.0,481.8,152900.9163,152900.9163,137610.82467,137610.82467,fluencia_plastica,2883.49074300876,212.5048767293972,619231.573926,619231.573926,1.0,382818.95666735986,240.2371343333122,4765.117508334978,4771.169536806802,0.2232520334563864,0.001745772070688603,0.034627490386472504,0.036373262457161104,0.25558382230719623,Pu/PR >= 0.20: Pu/PR + 8/9(Mux/MRx + Muy/MRy),0.00465656285051341,0.0003431751313682079,0.25558382230719623,200.0,True,Incluido en columnas mediante transformacion PDelta del modelo OpenSees.,No se amplifica adicionalmente; revisar si se requiere metodo B1/B2 especifico.,"Continuidad de columna y compatibilidad de nudos se verifican en constructibilidad; placas, diafragmas o rigidizadores requieren revision de conexion.",Cumple
108,Columna_1,ORC 203 x 9.5,interaccion,GRAV_DISEÑO,J,A500 Gr B,3235.0,2039696.5324550178,67.1,4162.3,4162.3,7.870000000000001,7.870000000000001,6659.7,203.0,177.10999999999999,8.9,19.9,28.118328025378982,35.14791003172372,compacta,pared atiesada en compresion,1.0,1.0,3.2,40.66073697585769,40.66073697585769,1194.0856703800566,1194.0856703800566,283.9441872105283,283.9441872105283,67.1,1.0,2129441.985,1905265.496182645,1905265.496182645,1905265.496182645,1714738.9465643805,pandeo_x,408.0,481.8,152900.9163,152900.9163,137610.82467,137610.82467,fluencia_plastica,3407.186116033121,2552.9863936401966,619231.573926,619231.573926,1.0,354420.53830182046,153.8171894897752,7342.160568277295,7343.771615331491,0.20669066799464195,0.0011177695494423432,0.05335452778430977,0.05447229733375211,0.2551104878468661,Pu/PR >= 0.20: Pu/PR + 8/9(Mux/MRx + Muy/MRy),0.005502280987436034,0.004122829812204127,0.2551104878468661,200.0,True,Incluido en columnas mediante transformacion PDelta del modelo OpenSees.,No se amplifica adicionalmente; revisar si se requiere metodo B1/B2 especifico.,"Continuidad de columna y compatibilidad de nudos se verifican en constructibilidad; placas, diafragmas o rigidizadores requieren revision de conexion.",Cumple
101,Columna_1,ORC 203 x 9.5,interaccion,SISMO_DOWN_1,I,A500 Gr B,3235.0,2039696.5324550178,67.1,4162.3,4162.3,7.870000000000001,7.870000000000001,6659.7,203.0,177.10999999999999,8.9,19.9,28.118328025378982,35.14791003172372,compacta,pared atiesada en compresion,1.0,1.0,3.2,40.66073697585769,40.66073697585769,1194.0856703800566,1194.0856703800566,283.9441872105283,283.9441872105283,67.1,1.0,2129441.985,1905265.496182645,1905265.496182645,1905265.496182645,1714738.9465643805,pandeo_x,408.0,481.8,152900.9163,152900.9163,137610.82467,137610.82467,fluencia_plastica,58.789424024972796,2342.9354822762625,619231.573926,619231.573926,1.0,371329.12880755775,5488.112170959262,115.98402198616817,5489.337618910616,0.2165514054203679,0.039881398749844886,0.0008428408322114604,0.04072423958205634,0.2527507294933069,Pu/PR >= 0.20: Pu/PR + 8/9(Mux/MRx + Muy/MRy),9.493931915041254e-05,0.0037836176011209824,0.2527507294933069,200.0,True,Incluido en columnas mediante transformacion PDelta del modelo OpenSees.,No se amplifica adicionalmente; revisar si se requiere metodo B1/B2 especifico.,"Continuidad de columna y compatibilidad de nudos se verifican en constructibilidad; placas, diafragmas o rigidizadores requieren revision de conexion.",Cumple
116,Columna_1,ORC 203 x 9.5,interaccion,SISMO_DOWN_1,I,A500 Gr B,3235.0,2039696.5324550178,67.1,4162.3,4162.3,7.870000000000001,7.870000000000001,6659.7,203.0,177.10999999999999,8.9,19.9,28.118328025378982,35.14791003172372,compacta,pared atiesada en compresion,1.0,1.0,3.2,40.66073697585769,40.66073697585769,1194.0856703800566,1194.0856703800566,283.9441872105283,283.9441872105283,67.1,1.0,2129441.985,1905265.496182645,1905265.496182645,1905265.496182645,1714738.9465643805,pandeo_x,408.0,481.8,152900.9163,152900.9163,137610.82467,137610.82467,fluencia_plastica,84.96618519543526,2362.7413717337445,619231.573926,619231.573926,1.0,344796.92765347596,5426.425872592313,36.23161348403379,5426.546828375749,0.20107837892426994,0.039433132426938404,0.00026329043206389926,0.0396964228590023,0.236364088132272,Pu/PR >= 0.20: Pu/PR + 8/9(Mux/MRx + Muy/MRy),0.0001372122946779664,0.0038156022257613414,0.236364088132272,200.0,True,Incluido en columnas mediante transformacion PDelta del modelo OpenSees.,No se amplifica adicionalmente; revisar si se requiere metodo B1/B2 especifico.,"Continuidad de columna y compatibilidad de nudos se verifican en constructibilidad; placas, diafragmas o rigidizadores requieren revision de conexion.",Cumple
205,Columna_1,ORC 203 x 9.5,interaccion,GRAV_DISEÑO,I,A500 Gr B,3235.0,2039696.5324550178,67.1,4162.3,4162.3,7.870000000000001,7.870000000000001,6659.7,203.0,177.10999999999999,8.9,19.9,28.118328025378982,35.14791003172372,compacta,pared atiesada en compresion,1.0,1.0,3.2,40.66073697585769,40.66073697585769,1194.0856703800566,1194.0856703800566,283.9441872105283,283.9441872105283,67.1,1.0,2129441.985,1905265.496182645,1905265.496182645,1905265.496182645,1714738.9465643805,pandeo_x,408.0,481.8,152900.9163,152900.9163,137610.82467,137610.82467,fluencia_plastica,226.78094141471786,1246.18207193752,619231.573926,619231.573926,1.0,357662.15070462885,40.335763309312895,377.61755708565215,379.765708326964,0.2085811087578282,0.000293114756095974,0.002744097769860797,0.0030372125259567713,0.21128085322534534,Pu/PR >= 0.20: Pu/PR + 8/9(Mux/MRx + Muy/MRy),0.0003662296158073794,0.002012465327044907,0.21128085322534534,200.0,True,Incluido en columnas mediante transformacion PDelta del modelo OpenSees.,No se amplifica adicionalmente; revisar si se requiere metodo B1/B2 especifico.,"Continuidad de columna y compatibilidad de nudos se verifican en constructibilidad; placas, diafragmas o rigidizadores requieren revision de conexion.",Cumple
407,Columna_2,ORC 305 x 12.7,interaccion,GRAV_DISEÑO,J,A500 Gr B,3235.0,2039696.5324550178,134.84,19021.8,19021.8,11.89,11.89,30301.6,305.0,269.04,11.799999999999999,22.8,28.118328025378982,35.14791003172372,compacta,pared atiesada en compresion,1.0,1.0,3.1999999999999993,26.913372582001674,26.913372582001674,2725.5222460526193,2725.5222460526193,302.2580918264678,302.2580918264678,134.84,1.0,4279194.5940000005,4075648.1101880926,4075648.1101880926,4075648.1101880926,3668083.2991692834,pandeo_x,1248.7,1468.3,465970.14404999994,465970.14404999994,419373.129645,419373.129645,fluencia_plastica,14807.05624555565,20903.169495015805,1233527.66622,1233527.66622,1.0,183511.90389287702,40625.29761390378,28346.833160586637,49537.437927817686,0.050029371997750774,0.09687148446609624,0.06759334625130198,0.1644648307173982,0.18947951671627358,Pu/PR < 0.20: Pu/(2PR) + Mux/MRx + Muy/MRy,0.01200382987025344,0.016945845697219828,0.18947951671627358,200.0,True,Incluido en columnas mediante transformacion PDelta del modelo OpenSees.,No se amplifica adicionalmente; revisar si se requiere metodo B1/B2 especifico.,"Continuidad de columna y compatibilidad de nudos se verifican en constructibilidad; placas, diafragmas o rigidizadores requieren revision de conexion.",Cumple
406,Columna_2,ORC 305 x 12.7,interaccion,GRAV_DISEÑO,J,A500 Gr B,3235.0,2039696.5324550178,134.84,19021.8,19021.8,11.89,11.89,30301.6,305.0,269.04,11.799999999999999,22.8,28.118328025378982,35.14791003172372,compacta,pared atiesada en compresion,1.0,1.0,3.1999999999999993,26.913372582001674,26.913372582001674,2725.5222460526193,2725.5222460526193,302.2580918264678,302.2580918264678,134.84,1.0,4279194.5940000005,4075648.1101880926,4075648.1101880926,4075648.1101880926,3668083.2991692834,pandeo_x,1248.7,1468.3,465970.14404999994,465970.14404999994,419373.129645,419373.129645,fluencia_plastica,32362.28097156683,808.4809821028069,1233527.66622,1233527.66622,1.0,253560.08186612366,785.6203456828603,61910.747452692754,61915.73184158169,0.06912604245480135,0.0018733206544441442,0.14762688182979272,0.14950020248423687,0.18406322371163755,Pu/PR < 0.20: Pu/(2PR) + Mux/MRx + Muy/MRy,0.026235553411410074,0.000655421847635004,0.18406322371163755,200.0,True,Incluido en columnas mediante transformacion PDelta del modelo OpenSees.,No se amplifica adicionalmente; revisar si se requiere metodo B1/B2 especifico.,"Continuidad de columna y compatibilidad de nudos se verifican en constructibilidad; placas, diafragmas o rigidizadores requieren revision de conexion.",Cumple
207,Columna_2,ORC 305 x 12.7,interaccion,GRAV_DISEÑO,I,A500 Gr B,3235.0,2039696.5324550178,134.84,19021.8,19021.8,11.89,11.89,30301.6,305.0,269.04,11.799999999999999,22.8,28.118328025378982,35.14791003172372,compacta,pared atiesada en compresion,1.0,1.0,3.2,26.91337258200168,26.91337258200168,2725.522246052618,2725.522246052618,302.2580918264678,302.2580918264678,134.84,1.0,4279194.5940000005,4075648.1101880926,4075648.1101880926,4075648.1101880926,3668083.2991692834,pandeo_x,1248.7,1468.3,465970.14404999994,465970.14404999994,419373.129645,419373.129645,fluencia_plastica,10706.59105430534,14749.029038831919,1233527.66622,1233527.66622,1.0,561277.0632817562,24030.729200269165,17065.425986215236,29473.797006623685,0.1530164441491472,0.05730154724173963,0.040692702464416704,0.09799424970615633,0.17450247178072992,Pu/PR < 0.20: Pu/(2PR) + Mux/MRx + Muy/MRy,0.00867965214522867,0.011956788195945842,0.17450247178072992,200.0,True,Incluido en columnas mediante transformacion PDelta del modelo OpenSees.,No se amplifica adicionalmente; revisar si se requiere metodo B1/B2 especifico.,"Continuidad de columna y compatibilidad de nudos se verifican en constructibilidad; placas, diafragmas o rigidizadores requieren revision de conexion.",Cumple
410,Columna_2,ORC 305 x 12.7,interaccion,GRAV_DISEÑO,J,A500 Gr B,3235.0,2039696.5324550178,134.84,19021.8,19021.8,11.89,11.89,30301.6,305.0,269.04,11.799999999999999,22.8,28.118328025378982,35.14791003172372,compacta,pared atiesada en compresion,1.0,1.0,3.1999999999999993,26.913372582001674,26.913372582001674,2725.5222460526193,2725.5222460526193,302.2580918264678,302.2580918264678,134.84,1.0,4279194.5940000005,4075648.1101880926,4075648.1101880926,4075648.1101880926,3668083.2991692834,pandeo_x,1248.7,1468.3,465970.14404999994,465970.14404999994,419373.129645,419373.129645,fluencia_plastica,26859.69612575687,822.2592756728342,1233527.66622,1233527.66622,1.0,241442.57552738325,817.0786265853635,51345.662586101804,51352.16338079475,0.06582254431955324,0.0019483332832435447,0.12243431673737892,0.12438265002062247,0.1572939221803991,Pu/PR < 0.20: Pu/(2PR) + Mux/MRx + Muy/MRy,0.02177470101506944,0.0006665916770173066,0.1572939221803991,200.0,True,Incluido en columnas mediante transformacion PDelta del modelo OpenSees.,No se amplifica adicionalmente; revisar si se requiere metodo B1/B2 especifico.,"Continuidad de columna y compatibilidad de nudos se verifican en constructibilidad; placas, diafragmas o rigidizadores requieren revision de conexion.",Cumple
208,Columna_1,ORC 203 x 9.5,interaccion,GRAV_DISEÑO,I,A500 Gr B,3235.0,2039696.5324550178,67.1,4162.3,4162.3,7.870000000000001,7.870000000000001,6659.7,203.0,177.10999999999999,8.9,19.9,28.118328025378982,35.14791003172372,compacta,pared atiesada en compresion,1.0,1.0,3.2,40.66073697585769,40.66073697585769,1194.0856703800566,1194.0856703800566,283.9441872105283,283.9441872105283,67.1,1.0,2129441.985,1905265.496182645,1905265.496182645,1905265.496182645,1714738.9465643805,pandeo_x,408.0,481.8,152900.9163,152900.9163,137610.82467,137610.82467,fluencia_plastica,6207.70544714135,1576.0940119930874,619231.573926,619231.573926,1.0,260493.35947867113,390.2003749527448,10069.760885747211,10077.318126800292,0.15191429575947454,0.002835535473960508,0.0731756452291829,0.07601118070314342,0.15196832858288067,Pu/PR < 0.20: Pu/(2PR) + Mux/MRx + Muy/MRy,0.01002485291210811,0.0025452416807503347,0.15196832858288067,200.0,True,Incluido en columnas mediante transformacion PDelta del modelo OpenSees.,No se amplifica adicionalmente; revisar si se requiere metodo B1/B2 especifico.,"Continuidad de columna y compatibilidad de nudos se verifican en constructibilidad; placas, diafragmas o rigidizadores requieren revision de conexion.",Cumple
306,Columna_2,ORC 305 x 12.7,interaccion,GRAV_DISEÑO,I,A500 Gr B,3235.0,2039696.5324550178,134.84,19021.8,19021.8,11.89,11.89,30301.6,305.0,269.04,11.799999999999999,22.8,28.118328025378982,35.14791003172372,compacta,pared atiesada en compresion,1.0,1.0,3.200000000000001,26.91337258200169,26.91337258200169,2725.5222460526165,2725.5222460526165,302.2580918264678,302.2580918264678,134.84,1.0,4279194.5940000005,4075648.1101880926,4075648.1101880926,4075648.1101880926,3668083.2991692834,pandeo_x,1248.7,1468.3,465970.14404999994,465970.14404999994,419373.129645,419373.129645,fluencia_plastica,17966.141634889867,264.2807230528444,1233527.66622,1233527.66622,1.0,516305.3134349264,19.895098334680455,30577.204153116872,30577.21062550221,0.14075615827804533,4.7440088380296774e-05,0.07291169126405529,0.07295913135243559,0.14333721049145826,Pu/PR < 0.20: Pu/(2PR) + Mux/MRx + Muy/MRy,0.014564846923899963,0.00021424790889587543,0.14333721049145826,200.0,True,Incluido en columnas mediante transformacion PDelta del modelo OpenSees.,No se amplifica adicionalmente; revisar si se requiere metodo B1/B2 especifico.,"Continuidad de columna y compatibilidad de nudos se verifican en constructibilidad; placas, diafragmas o rigidizadores requieren revision de conexion.",Cumple
408,Columna_1,ORC 203 x 9.5,interaccion,GRAV_DISEÑO,J,A500 Gr B,3235.0,2039696.5324550178,67.1,4162.3,4162.3,7.870000000000001,7.870000000000001,6659.7,203.0,177.10999999999999,8.9,19.9,28.118328025378982,35.14791003172372,compacta,pared atiesada en compresion,1.0,1.0,3.1999999999999993,40.660736975857674,40.660736975857674,1194.0856703800573,1194.0856703800573,283.9441872105283,283.9441872105283,67.1,1.0,2129441.985,1905265.496182645,1905265.496182645,1905265.496182645,1714738.9465643805,pandeo_x,408.0,481.8,152900.9163,152900.9163,137610.82467,137610.82467,fluencia_plastica,8434.04512358953,1425.0285013685748,619231.573926,619231.573926,1.0,85260.5829061021,248.05290154842695,15780.352810006754,15782.3022734408,0.0497221942015889,0.0018025682364979242,0.11467377546678541,0.11647634370328333,0.14133744080407779,Pu/PR < 0.20: Pu/(2PR) + Mux/MRx + Muy/MRy,0.013620179394465798,0.002301285272541464,0.14133744080407779,200.0,True,Incluido en columnas mediante transformacion PDelta del modelo OpenSees.,No se amplifica adicionalmente; revisar si se requiere metodo B1/B2 especifico.,"Continuidad de columna y compatibilidad de nudos se verifican en constructibilidad; placas, diafragmas o rigidizadores requieren revision de conexion.",Cumple
104,Columna_1,ORC 203 x 9.5,interaccion,SISMO_DOWN_1,I,A500 Gr B,3235.0,2039696.5324550178,67.1,4162.3,4162.3,7.870000000000001,7.870000000000001,6659.7,203.0,177.10999999999999,8.9,19.9,28.118328025378982,35.14791003172372,compacta,pared atiesada en compresion,1.0,1.0,3.2,40.66073697585769,40.66073697585769,1194.0856703800566,1194.0856703800566,283.9441872105283,283.9441872105283,67.1,1.0,2129441.985,1905265.496182645,1905265.496182645,1905265.496182645,1714738.9465643805,pandeo_x,408.0,481.8,152900.9163,152900.9163,137610.82467,137610.82467,fluencia_plastica,202.72363316243036,2396.911163468248,619231.573926,619231.573926,1.0,338113.44753194886,5544.780620068535,185.35423932509966,5547.877821178418,0.19718071267313705,0.040293201013548836,0.0013469451968592702,0.041640146210408104,0.14023050254697664,Pu/PR < 0.20: Pu/(2PR) + Mux/MRx + Muy/MRy,0.0003273793548302762,0.0038707831841835088,0.14023050254697664,200.0,True,Incluido en columnas mediante transformacion PDelta del modelo OpenSees.,No se amplifica adicionalmente; revisar si se requiere metodo B1/B2 especifico.,"Continuidad de columna y compatibilidad de nudos se verifican en constructibilidad; placas, diafragmas o rigidizadores requieren revision de conexion.",Cumple
307,Columna_2,ORC 305 x 12.7,interaccion,GRAV_DISEÑO,I,A500 Gr B,3235.0,2039696.5324550178,134.84,19021.8,19021.8,11.89,11.89,30301.6,305.0,269.04,11.799999999999999,22.8,28.118328025378982,35.14791003172372,compacta,pared atiesada en compresion,1.0,1.0,3.200000000000001,26.91337258200169,26.91337258200169,2725.5222460526165,2725.5222460526165,302.2580918264678,302.2580918264678,134.84,1.0,4279194.5940000005,4075648.1101880926,4075648.1101880926,4075648.1101880926,3668083.2991692834,pandeo_x,1248.7,1468.3,465970.14404999994,465970.14404999994,419373.129645,419373.129645,fluencia_plastica,9957.779180491036,11213.016063419842,1233527.66622,1233527.66622,1.0,374621.8679886161,19311.851497949563,12960.724230712316,23257.858475436427,0.1021301419391041,0.04604932966090859,0.03090499441793896,0.07695432407884756,0.1280193950483996,Pu/PR < 0.20: Pu/(2PR) + Mux/MRx + Muy/MRy,0.008072603033708579,0.009090202328238657,0.1280193950483996,200.0,True,Incluido en columnas mediante transformacion PDelta del modelo OpenSees.,No se amplifica adicionalmente; revisar si se requiere metodo B1/B2 especifico.,"Continuidad de columna y compatibilidad de nudos se verifican en constructibilidad; placas, diafragmas o rigidizadores requieren revision de conexion.",Cumple
310,Columna_2,ORC 305 x 12.7,interaccion,GRAV_DISEÑO,I,A500 Gr B,3235.0,2039696.5324550178,134.84,19021.8,19021.8,11.89,11.89,30301.6,305.0,269.04,11.799999999999999,22.8,28.118328025378982,35.14791003172372,compacta,pared atiesada en compresion,1.0,1.0,3.200000000000001,26.91337258200169,26.91337258200169,2725.5222460526165,2725.5222460526165,302.2580918264678,302.2580918264678,134.84,1.0,4279194.5940000005,4075648.1101880926,4075648.1101880926,4075648.1101880926,3668083.2991692834,pandeo_x,1248.7,1468.3,465970.14404999994,465970.14404999994,419373.129645,419373.129645,fluencia_plastica,15559.100818638548,228.39565179779976,1233527.66622,1233527.66622,1.0,492042.95840842504,120.02571686773888,25375.363453246147,25375.647313064743,0.13414170788320395,0.0002862026877338108,0.060507842919565284,0.0607940456072991,0.12786489954890107,Pu/PR < 0.20: Pu/(2PR) + Mux/MRx + Muy/MRy,0.012613499676353087,0.00018515648902929862,0.12786489954890107,200.0,True,Incluido en columnas mediante transformacion PDelta del modelo OpenSees.,No se amplifica adicionalmente; revisar si se requiere metodo B1/B2 especifico.,"Continuidad de columna y compatibilidad de nudos se verifican en constructibilidad; placas, diafragmas o rigidizadores requieren revision de conexion.",Cumple
111,Columna_2,ORC 305 x 12.7,interaccion,SISMO_DOWN_1,I,A500 Gr B,3235.0,2039696.5324550178,134.84,19021.8,19021.8,11.89,11.89,30301.6,305.0,269.04,11.799999999999999,22.8,28.118328025378982,35.14791003172372,compacta,pared atiesada en compresion,1.0,1.0,3.2,26.91337258200168,26.91337258200168,2725.522246052618,2725.522246052618,302.2580918264678,302.2580918264678,134.84,1.0,4279194.5940000005,4075648.1101880926,4075648.1101880926,4075648.1101880926,3668083.2991692834,pandeo_x,1248.7,1468.3,465970.14404999994,465970.14404999994,419373.129645,419373.129645,fluencia_plastica,12826.175202887238,517.2808128785874,1233527.66622,1233527.66622,1.0,401230.640652168,353.42903894675555,27082.294106090023,27084.600165672175,0.109384277271739,0.0008427555653027503,0.06457803848571611,0.06542079405101886,0.12011293268688836,Pu/PR < 0.20: Pu/(2PR) + Mux/MRx + Muy/MRy,0.010397963137860976,0.000419350799373421,0.12011293268688836,200.0,True,Incluido en columnas mediante transformacion PDelta del modelo OpenSees.,No se amplifica adicionalmente; revisar si se requiere metodo B1/B2 especifico.,"Continuidad de columna y compatibilidad de nudos se verifican en constructibilidad; placas, diafragmas o rigidizadores requieren revision de conexion.",Cumple
308,Columna_1,ORC 203 x 9.5,interaccion,GRAV_DISEÑO,I,A500 Gr B,3235.0,2039696.5324550178,67.1,4162.3,4162.3,7.870000000000001,7.870000000000001,6659.7,203.0,177.10999999999999,8.9,19.9,28.118328025378982,35.14791003172372,compacta,pared atiesada en compresion,1.0,1.0,3.200000000000001,40.660736975857695,40.660736975857695,1194.0856703800562,1194.0856703800562,283.9441872105283,283.9441872105283,67.1,1.0,2129441.985,1905265.496182645,1905265.496182645,1905265.496182645,1714738.9465643805,pandeo_x,408.0,481.8,152900.9163,152900.9163,137610.82467,137610.82467,fluencia_plastica,5186.842420921594,1781.268323426012,619231.573926,619231.573926,1.0,183212.37087786867,375.26622811238633,8685.71141881493,8693.814329331732,0.10684563457600914,0.0027270109674315227,0.06311793741258254,0.06584494838001406,0.11926776566801864,Pu/PR < 0.20: Pu/(2PR) + Mux/MRx + Muy/MRy,0.008376256378589372,0.002876578647520449,0.11926776566801864,200.0,True,Incluido en columnas mediante transformacion PDelta del modelo OpenSees.,No se amplifica adicionalmente; revisar si se requiere metodo B1/B2 especifico.,"Continuidad de columna y compatibilidad de nudos se verifican en constructibilidad; placas, diafragmas o rigidizadores requieren revision de conexion.",Cumple
213,Columna_1,ORC 203 x 9.5,interaccion,SISMO_DOWN_1,J,A500 Gr B,3235.0,2039696.5324550178,67.1,4162.3,4162.3,7.870000000000001,7.870000000000001,6659.7,203.0,177.10999999999999,8.9,19.9,28.118328025378982,35.14791003172372,compacta,pared atiesada en compresion,1.0,1.0,3.2,40.66073697585769,40.66073697585769,1194.0856703800566,1194.0856703800566,283.9441872105283,283.9441872105283,67.1,1.0,2129441.985,1905265.496182645,1905265.496182645,1905265.496182645,1714738.9465643805,pandeo_x,408.0,481.8,152900.9163,152900.9163,137610.82467,137610.82467,fluencia_plastica,484.0510653173984,1144.4343259183606,619231.573926,619231.573926,1.0,327578.0163591725,1899.31844664417,954.2275005669718,2125.5495017997378,0.19103666888508122,0.013802100606539226,0.006934247381012892,0.02073634798755212,0.11625468243009274,Pu/PR < 0.20: Pu/(2PR) + Mux/MRx + Muy/MRy,0.000781696356741725,0.001848152410353552,0.11625468243009274,200.0,True,Incluido en columnas mediante transformacion PDelta del modelo OpenSees.,No se amplifica adicionalmente; revisar si se requiere metodo B1/B2 especifico.,"Continuidad de columna y compatibilidad de nudos se verifican en constructibilidad; placas, diafragmas o rigidizadores requieren revision de conexion.",Cumple
201,Columna_1,ORC 203 x 9.5,interaccion,SISMO_DOWN_1,J,A500 Gr B,3235.0,2039696.5324550178,67.1,4162.3,4162.3,7.870000000000001,7.870000000000001,6659.7,203.0,177.10999999999999,8.9,19.9,28.118328025378982,35.14791003172372,compacta,pared atiesada en compresion,1.0,1.0,3.2,40.66073697585769,40.66073697585769,1194.0856703800566,1194.0856703800566,283.9441872105283,283.9441872105283,67.1,1.0,2129441.985,1905265.496182645,1905265.496182645,1905265.496182645,1714738.9465643805,pandeo_x,408.0,481.8,152900.9163,152900.9163,137610.82467,137610.82467,fluencia_plastica,389.22199337484176,1097.9665899456802,619231.573926,619231.573926,1.0,310596.38216608914,1858.9667990013809,854.4851369868113,2045.9478021496077,0.1811333339039125,0.01350887042105378,0.006209432572153565,0.019718302993207343,0.1102849699451636,Pu/PR < 0.20: Pu/(2PR) + Mux/MRx + Muy/MRy,0.0006285564395677196,0.001773111443566168,0.1102849699451636,200.0,True,Incluido en columnas mediante transformacion PDelta del modelo OpenSees.,No se amplifica adicionalmente; revisar si se requiere metodo B1/B2 especifico.,"Continuidad de columna y compatibilidad de nudos se verifican en constructibilidad; placas, diafragmas o rigidizadores requieren revision de conexion.",Cumple
209,Columna_1,ORC 203 x 9.5,interaccion,SISMO_DOWN_1,I,A500 Gr B,3235.0,2039696.5324550178,67.1,4162.3,4162.3,7.870000000000001,7.870000000000001,6659.7,203.0,177.10999999999999,8.9,19.9,28.118328025378982,35.14791003172372,compacta,pared atiesada en compresion,1.0,1.0,3.2,40.66073697585769,40.66073697585769,1194.0856703800566,1194.0856703800566,283.9441872105283,283.9441872105283,67.1,1.0,2129441.985,1905265.496182645,1905265.496182645,1905265.496182645,1714738.9465643805,pandeo_x,408.0,481.8,152900.9163,152900.9163,137610.82467,137610.82467,fluencia_plastica,385.26244649463223,1293.6437835831523,619231.573926,619231.573926,1.0,292536.51757747715,2147.376754065929,761.2055800754812,2278.302187823375,0.17060119743801117,0.015604708126816934,0.00553158214043774,0.021136290267254672,0.10643688898626025,Pu/PR < 0.20: Pu/(2PR) + Mux/MRx + Muy/MRy,0.0006221621485674957,0.00208911146985174,0.10643688898626025,200.0,True,Incluido en columnas mediante transformacion PDelta del modelo OpenSees.,No se amplifica adicionalmente; revisar si se requiere metodo B1/B2 especifico.,"Continuidad de columna y compatibilidad de nudos se verifican en constructibilidad; placas, diafragmas o rigidizadores requieren revision de conexion.",Cumple
216,Columna_1,ORC 203 x 9.5,interaccion,SISMO_DOWN_1,J,A500 Gr B,3235.0,2039696.5324550178,67.1,4162.3,4162.3,7.870000000000001,7.870000000000001,6659.7,203.0,177.10999999999999,8.9,19.9,28.118328025378982,35.14791003172372,compacta,pared atiesada en compresion,1.0,1.0,3.2,40.66073697585769,40.66073697585769,1194.0856703800566,1194.0856703800566,283.9441872105283,283.9441872105283,67.1,1.0,2129441.985,1905265.496182645,1905265.496182645,1905265.496182645,1714738.9465643805,pandeo_x,408.0,481.8,152900.9163,152900.9163,137610.82467,137610.82467,fluencia_plastica,444.6760852047525,1188.3069948866766,619231.573926,619231.573926,1.0,291370.4109702457,1916.5868144767903,841.3913392956048,2093.1422319727685,0.16992114837890054,0.013927587594020269,0.006114281644000882,0.020041869238021152,0.10500244342747142,Pu/PR < 0.20: Pu/(2PR) + Mux/MRx + Muy/MRy,0.0007181095149678084,0.0019190025911512754,0.10500244342747142,200.0,True,Incluido en columnas mediante transformacion PDelta del modelo OpenSees.,No se amplifica adicionalmente; revisar si se requiere metodo B1/B2 especifico.,"Continuidad de columna y compatibilidad de nudos se verifican en constructibilidad; placas, diafragmas o rigidizadores requieren revision de conexion.",Cumple
302,Columna_1,ORC 203 x 9.5,interaccion,SISMO_DOWN_1,J,A500 Gr B,3235.0,2039696.5324550178,67.1,4162.3,4162.3,7.870000000000001,7.870000000000001,6659.7,203.0,177.10999999999999,8.9,19.9,28.118328025378982,35.14791003172372,compacta,pared atiesada en compresion,1.0,1.0,3.200000000000001,40.660736975857695,40.660736975857695,1194.0856703800562,1194.0856703800562,283.9441872105283,283.9441872105283,67.1,1.0,2129441.985,1905265.496182645,1905265.496182645,1905265.496182645,1714738.9465643805,pandeo_x,408.0,481.8,152900.9163,152900.9163,137610.82467,137610.82467,fluencia_plastica,2654.2074049685116,487.94706628041126,619231.573926,619231.573926,1.0,225515.0672908413,758.1586562141795,4515.877297102583,4579.077670282414,0.1315156850800404,0.005509440540250339,0.03281629412462254,0.03832573466487288,0.10408357720489309,Pu/PR < 0.20: Pu/(2PR) + Mux/MRx + Muy/MRy,0.004286292102549824,0.0007879880271394597,0.10408357720489309,200.0,True,Incluido en columnas mediante transformacion PDelta del modelo OpenSees.,No se amplifica adicionalmente; revisar si se requiere metodo B1/B2 especifico.,"Continuidad de columna y compatibilidad de nudos se verifican en constructibilidad; placas, diafragmas o rigidizadores requieren revision de conexion.",Cumple
314,Columna_1,ORC 203 x 9.5,interaccion,SISMO_DOWN_1,J,A500 Gr B,3235.0,2039696.5324550178,67.1,4162.3,4162.3,7.870000000000001,7.870000000000001,6659.7,203.0,177.10999999999999,8.9,19.9,28.118328025378982,35.14791003172372,compacta,pared atiesada en compresion,1.0,1.0,3.200000000000001,40.660736975857695,40.660736975857695,1194.0856703800562,1194.0856703800562,283.9441872105283,283.9441872105283,67.1,1.0,2129441.985,1905265.496182645,1905265.496182645,1905265.496182645,1714738.9465643805,pandeo_x,408.0,481.8,152900.9163,152900.9163,137610.82467,137610.82467,fluencia_plastica,2660.2126261448743,516.6429102994979,619231.573926,619231.573926,1.0,223047.88502429408,755.3870719394005,4505.532224292657,4568.416602346235,0.13007687582485294,0.005489299797097135,0.03274111782337782,0.03823041762047495,0.10326885553290142,Pu/PR < 0.20: Pu/(2PR) + Mux/MRx + Muy/MRy,0.004295989962654549,0.0008343290814838815,0.10326885553290142,200.0,True,Incluido en columnas mediante transformacion PDelta del modelo OpenSees.,No se amplifica adicionalmente; revisar si se requiere metodo B1/B2 especifico.,"Continuidad de columna y compatibilidad de nudos se verifican en constructibilidad; placas, diafragmas o rigidizadores requieren revision de conexion.",Cumple
112,Columna_1,ORC 203 x 9.5,interaccion,SISMO_DOWN_1,I,A500 Gr B,3235.0,2039696.5324550178,67.1,4162.3,4162.3,7.870000000000001,7.870000000000001,6659.7,203.0,177.10999999999999,8.9,19.9,28.118328025378982,35.14791003172372,compacta,pared atiesada en compresion,1.0,1.0,3.2,40.66073697585769,40.66073697585769,1194.0856703800566,1194.0856703800566,283.9441872105283,283.9441872105283,67.1,1.0,2129441.985,1905265.496182645,1905265.496182645,1905265.496182645,1714738.9465643805,pandeo_x,408.0,481.8,152900.9163,152900.9163,137610.82467,137610.82467,fluencia_plastica,16.14610391605867,2557.4162358755448,619231.573926,619231.573926,1.0,203021.21480421006,5663.86484294613,81.35098290454847,5664.449041308495,0.11839773932409924,0.04115857060320987,0.000591167032823425,0.0417497376360333,0.10094860729808292,Pu/PR < 0.20: Pu/(2PR) + Mux/MRx + Muy/MRy,2.6074419645126457e-05,0.004129983585399609,0.10094860729808292,200.0,True,Incluido en columnas mediante transformacion PDelta del modelo OpenSees.,No se amplifica adicionalmente; revisar si se requiere metodo B1/B2 especifico.,"Continuidad de columna y compatibilidad de nudos se verifican en constructibilidad; placas, diafragmas o rigidizadores requieren revision de conexion.",Cumple
204,Columna_1,ORC 203 x 9.5,interaccion,SISMO_DOWN_1,I,A500 Gr B,3235.0,2039696.5324550178,67.1,4162.3,4162.3,7.870000000000001,7.870000000000001,6659.7,203.0,177.10999999999999,8.9,19.9,28.118328025378982,35.14791003172372,compacta,pared atiesada en compresion,1.0,1.0,3.2,40.66073697585769,40.66073697585769,1194.0856703800566,1194.0856703800566,283.9441872105283,283.9441872105283,67.1,1.0,2129441.985,1905265.496182645,1905265.496182645,1905265.496182645,1714738.9465643805,pandeo_x,408.0,481.8,152900.9163,152900.9163,137610.82467,137610.82467,fluencia_plastica,135.46346825604223,1277.395437423788,619231.573926,619231.573926,1.0,286237.7553594398,2157.992315597289,165.54887406255165,2164.3329835957143,0.166927890646527,0.015681850034488923,0.0012030221783754945,0.016884872212864416,0.10034881753612791,Pu/PR < 0.20: Pu/(2PR) + Mux/MRx + Muy/MRy,0.00021876059613237762,0.0020628719387239137,0.10034881753612791,200.0,True,Incluido en columnas mediante transformacion PDelta del modelo OpenSees.,No se amplifica adicionalmente; revisar si se requiere metodo B1/B2 especifico.,"Continuidad de columna y compatibilidad de nudos se verifican en constructibilidad; placas, diafragmas o rigidizadores requieren revision de conexion.",Cumple
303,Columna_1,ORC 203 x 9.5,interaccion,SISMO_DOWN_1,J,A500 Gr B,3235.0,2039696.5324550178,67.1,4162.3,4162.3,7.870000000000001,7.870000000000001,6659.7,203.0,177.10999999999999,8.9,19.9,28.118328025378982,35.14791003172372,compacta,pared atiesada en compresion,1.0,1.0,3.200000000000001,40.660736975857695,40.660736975857695,1194.0856703800562,1194.0856703800562,283.9441872105283,283.9441872105283,67.1,1.0,2129441.985,1905265.496182645,1905265.496182645,1905265.496182645,1714738.9465643805,pandeo_x,408.0,481.8,152900.9163,152900.9163,137610.82467,137610.82467,fluencia_plastica,3020.578841257574,388.07069683706135,619231.573926,619231.573926,1.0,196072.14246499634,679.8540316544387,5020.228350759095,5066.0531183676085,0.11434518522941517,0.0049404109980793615,0.03648134776314246,0.041421758761221825,0.09859435137592941,Pu/PR < 0.20: Pu/(2PR) + Mux/MRx + Muy/MRy,0.0048779470693116524,0.0006266972053389463,0.09859435137592941,200.0,True,Incluido en columnas mediante transformacion PDelta del modelo OpenSees.,No se amplifica adicionalmente; revisar si se requiere metodo B1/B2 especifico.,"Continuidad de columna y compatibilidad de nudos se verifican en constructibilidad; placas, diafragmas o rigidizadores requieren revision de conexion.",Cumple
315,Columna_1,ORC 203 x 9.5,interaccion,SISMO_DOWN_1,J,A500 Gr B,3235.0,2039696.5324550178,67.1,4162.3,4162.3,7.870000000000001,7.870000000000001,6659.7,203.0,177.10999999999999,8.9,19.9,28.118328025378982,35.14791003172372,compacta,pared atiesada en compresion,1.0,1.0,3.200000000000001,40.660736975857695,40.660736975857695,1194.0856703800562,1194.0856703800562,283.9441872105283,283.9441872105283,67.1,1.0,2129441.985,1905265.496182645,1905265.496182645,1905265.496182645,1714738.9465643805,pandeo_x,408.0,481.8,152900.9163,152900.9163,137610.82467,137610.82467,fluencia_plastica,2895.970394382348,361.1008188830221,619231.573926,619231.573926,1.0,200220.05191371337,502.95341319584855,4838.725889701229,4864.794997891515,0.11676415953277937,0.003654897166716097,0.0351623929389626,0.0388172901056787,0.09719936987206838,Pu/PR < 0.20: Pu/(2PR) + Mux/MRx + Muy/MRy,0.004676716298591752,0.0005831434217632041,0.09719936987206838,200.0,True,Incluido en columnas mediante transformacion PDelta del modelo OpenSees.,No se amplifica adicionalmente; revisar si se requiere metodo B1/B2 especifico.,"Continuidad de columna y compatibilidad de nudos se verifican en constructibilidad; placas, diafragmas o rigidizadores requieren revision de conexion.",Cumple
305,Columna_1,ORC 203 x 9.5,interaccion,SISMO_DOWN_1,J,A500 Gr B,3235.0,2039696.5324550178,67.1,4162.3,4162.3,7.870000000000001,7.870000000000001,6659.7,203.0,177.10999999999999,8.9,19.9,28.118328025378982,35.14791003172372,compacta,pared atiesada en compresion,1.0,1.0,3.200000000000001,40.660736975857695,40.660736975857695,1194.0856703800562,1194.0856703800562,283.9441872105283,283.9441872105283,67.1,1.0,2129441.985,1905265.496182645,1905265.496182645,1905265.496182645,1714738.9465643805,pandeo_x,408.0,481.8,152900.9163,152900.9163,137610.82467,137610.82467,fluencia_plastica,355.12811384805093,1637.6745425476402,619231.573926,619231.573926,1.0,214302.55011024393,2881.178400895001,756.0027227960915,2978.712657283172,0.12497677884999148,0.02093714944158107,0.00549377365195679,0.02643092309353786,0.0889193125185336,Pu/PR < 0.20: Pu/(2PR) + Mux/MRx + Muy/MRy,0.000573498072129135,0.0026446883710476736,0.0889193125185336,200.0,True,Incluido en columnas mediante transformacion PDelta del modelo OpenSees.,No se amplifica adicionalmente; revisar si se requiere metodo B1/B2 especifico.,"Continuidad de columna y compatibilidad de nudos se verifican en constructibilidad; placas, diafragmas o rigidizadores requieren revision de conexion.",Cumple
309,Columna_1,ORC 203 x 9.5,interaccion,SISMO_DOWN_1,J,A500 Gr B,3235.0,2039696.5324550178,67.1,4162.3,4162.3,7.870000000000001,7.870000000000001,6659.7,203.0,177.10999999999999,8.9,19.9,28.118328025378982,35.14791003172372,compacta,pared atiesada en compresion,1.0,1.0,3.200000000000001,40.660736975857695,40.660736975857695,1194.0856703800562,1194.0856703800562,283.9441872105283,283.9441872105283,67.1,1.0,2129441.985,1905265.496182645,1905265.496182645,1905265.496182645,1714738.9465643805,pandeo_x,408.0,481.8,152900.9163,152900.9163,137610.82467,137610.82467,fluencia_plastica,411.0429917543487,1642.1712127961925,619231.573926,619231.573926,1.0,208689.44381352034,2862.421102675933,806.4298182435798,2973.849966087206,0.12170333229535998,0.020800842590255608,0.005860220808773239,0.026661063399028847,0.08751272954670884,Pu/PR < 0.20: Pu/(2PR) + Mux/MRx + Muy/MRy,0.000663795273145212,0.0026519500651180244,0.08751272954670884,200.0,True,Incluido en columnas mediante transformacion PDelta del modelo OpenSees.,No se amplifica adicionalmente; revisar si se requiere metodo B1/B2 especifico.,"Continuidad de columna y compatibilidad de nudos se verifican en constructibilidad; placas, diafragmas o rigidizadores requieren revision de conexion.",Cumple
211,Columna_2,ORC 305 x 12.7,interaccion,GRAV_DISEÑO,I,A500 Gr B,3235.0,2039696.5324550178,134.84,19021.8,19021.8,11.89,11.89,30301.6,305.0,269.04,11.799999999999999,22.8,28.118328025378982,35.14791003172372,compacta,pared atiesada en compresion,1.0,1.0,3.2,26.91337258200168,26.91337258200168,2725.522246052618,2725.522246052618,302.2580918264678,302.2580918264678,134.84,1.0,4279194.5940000005,4075648.1101880926,4075648.1101880926,4075648.1101880926,3668083.2991692834,pandeo_x,1248.7,1468.3,465970.14404999994,465970.14404999994,419373.129645,419373.129645,fluencia_plastica,9496.512796209661,358.3044312056276,1233527.66622,1233527.66622,1.0,384611.8728868659,56.27180951632647,14432.199498538665,14432.30920130822,0.10485363649565145,0.00013418077015082164,0.03441374393909201,0.03454792470924283,0.08697474295706856,Pu/PR < 0.20: Pu/(2PR) + Mux/MRx + Muy/MRy,0.007698662183484383,0.0002904713376260212,0.08697474295706856,200.0,True,Incluido en columnas mediante transformacion PDelta del modelo OpenSees.,No se amplifica adicionalmente; revisar si se requiere metodo B1/B2 especifico.,"Continuidad de columna y compatibilidad de nudos se verifican en constructibilidad; placas, diafragmas o rigidizadores requieren revision de conexion.",Cumple
402,Columna_1,ORC 203 x 9.5,interaccion,SISMO_DOWN_1,J,A500 Gr B,3235.0,2039696.5324550178,67.1,4162.3,4162.3,7.870000000000001,7.870000000000001,6659.7,203.0,177.10999999999999,8.9,19.9,28.118328025378982,35.14791003172372,compacta,pared atiesada en compresion,1.0,1.0,3.1999999999999993,40.660736975857674,40.660736975857674,1194.0856703800573,1194.0856703800573,283.9441872105283,283.9441872105283,67.1,1.0,2129441.985,1905265.496182645,1905265.496182645,1905265.496182645,1714738.9465643805,pandeo_x,408.0,481.8,152900.9163,152900.9163,137610.82467,137610.82467,fluencia_plastica,2497.983255478924,724.8003760052109,619231.573926,619231.573926,1.0,122576.85649593847,1395.6875830321153,4905.973455326602,5100.639114248259,0.07148426688594856,0.010142280495586506,0.03565107226914347,0.045793352764729976,0.08153548620770426,Pu/PR < 0.20: Pu/(2PR) + Mux/MRx + Muy/MRy,0.004034004984018209,0.0011704835582105292,0.08153548620770426,200.0,True,Incluido en columnas mediante transformacion PDelta del modelo OpenSees.,No se amplifica adicionalmente; revisar si se requiere metodo B1/B2 especifico.,"Continuidad de columna y compatibilidad de nudos se verifican en constructibilidad; placas, diafragmas o rigidizadores requieren revision de conexion.",Cumple
414,Columna_1,ORC 203 x 9.5,interaccion,SISMO_DOWN_1,J,A500 Gr B,3235.0,2039696.5324550178,67.1,4162.3,4162.3,7.870000000000001,7.870000000000001,6659.7,203.0,177.10999999999999,8.9,19.9,28.118328025378982,35.14791003172372,compacta,pared atiesada en compresion,1.0,1.0,3.1999999999999993,40.660736975857674,40.660736975857674,1194.0856703800573,1194.0856703800573,283.9441872105283,283.9441872105283,67.1,1.0,2129441.985,1905265.496182645,1905265.496182645,1905265.496182645,1714738.9465643805,pandeo_x,408.0,481.8,152900.9163,152900.9163,137610.82467,137610.82467,fluencia_plastica,2353.141294080801,991.7154195593257,619231.573926,619231.573926,1.0,119837.6777604126,1824.652806111946,4531.542813779645,4885.103697565707,0.06988683496138999,0.013259515088929856,0.03293013340081777,0.046189648489747624,0.08113306597044262,Pu/PR < 0.20: Pu/(2PR) + Mux/MRx + Muy/MRy,0.003800099014915554,0.0016015259255462942,0.08113306597044262,200.0,True,Incluido en columnas mediante transformacion PDelta del modelo OpenSees.,No se amplifica adicionalmente; revisar si se requiere metodo B1/B2 especifico.,"Continuidad de columna y compatibilidad de nudos se verifican en constructibilidad; placas, diafragmas o rigidizadores requieren revision de conexion.",Cumple
411,Columna_2,ORC 305 x 12.7,interaccion,GRAV_DISEÑO,J,A500 Gr B,3235.0,2039696.5324550178,134.84,19021.8,19021.8,11.89,11.89,30301.6,305.0,269.04,11.799999999999999,22.8,28.118328025378982,35.14791003172372,compacta,pared atiesada en compresion,1.0,1.0,3.1999999999999993,26.913372582001674,26.913372582001674,2725.5222460526193,2725.5222460526193,302.2580918264678,302.2580918264678,134.84,1.0,4279194.5940000005,4075648.1101880926,4075648.1101880926,4075648.1101880926,3668083.2991692834,pandeo_x,1248.7,1468.3,465970.14404999994,465970.14404999994,419373.129645,419373.129645,fluencia_plastica,12820.26005450714,940.2953892716722,1233527.66622,1233527.66622,1.0,124212.9220076249,1594.5147046444058,24578.581993325373,24630.249084123076,0.03386316827531032,0.003802138458403773,0.05860790846121015,0.06241004691961392,0.07934163105726907,Pu/PR < 0.20: Pu/(2PR) + Mux/MRx + Muy/MRy,0.010393167827190544,0.0007622815564024571,0.07934163105726907,200.0,True,Incluido en columnas mediante transformacion PDelta del modelo OpenSees.,No se amplifica adicionalmente; revisar si se requiere metodo B1/B2 especifico.,"Continuidad de columna y compatibilidad de nudos se verifican en constructibilidad; placas, diafragmas o rigidizadores requieren revision de conexion.",Cumple
403,Columna_1,ORC 203 x 9.5,interaccion,SISMO_DOWN_1,J,A500 Gr B,3235.0,2039696.5324550178,67.1,4162.3,4162.3,7.870000000000001,7.870000000000001,6659.7,203.0,177.10999999999999,8.9,19.9,28.118328025378982,35.14791003172372,compacta,pared atiesada en compresion,1.0,1.0,3.1999999999999993,40.660736975857674,40.660736975857674,1194.0856703800573,1194.0856703800573,283.9441872105283,283.9441872105283,67.1,1.0,2129441.985,1905265.496182645,1905265.496182645,1905265.496182645,1714738.9465643805,pandeo_x,408.0,481.8,152900.9163,152900.9163,137610.82467,137610.82467,fluencia_plastica,2990.688768488541,518.0853499779996,619231.573926,619231.573926,1.0,100640.09825481329,1087.2917917560412,5395.622009047019,5504.083966014023,0.05869120687813964,0.007901208312379785,0.039209284749118264,0.047110493061498046,0.07645609650056787,Pu/PR < 0.20: Pu/(2PR) + Mux/MRx + Muy/MRy,0.004829677449305802,0.0008366584841487948,0.07645609650056787,200.0,True,Incluido en columnas mediante transformacion PDelta del modelo OpenSees.,No se amplifica adicionalmente; revisar si se requiere metodo B1/B2 especifico.,"Continuidad de columna y compatibilidad de nudos se verifican en constructibilidad; placas, diafragmas o rigidizadores requieren revision de conexion.",Cumple
415,Columna_1,ORC 203 x 9.5,interaccion,SISMO_DOWN_1,J,A500 Gr B,3235.0,2039696.5324550178,67.1,4162.3,4162.3,7.870000000000001,7.870000000000001,6659.7,203.0,177.10999999999999,8.9,19.9,28.118328025378982,35.14791003172372,compacta,pared atiesada en compresion,1.0,1.0,3.1999999999999993,40.660736975857674,40.660736975857674,1194.0856703800573,1194.0856703800573,283.9441872105283,283.9441872105283,67.1,1.0,2129441.985,1905265.496182645,1905265.496182645,1905265.496182645,1714738.9465643805,pandeo_x,408.0,481.8,152900.9163,152900.9163,137610.82467,137610.82467,fluencia_plastica,2732.579167569292,724.1468121839885,619231.573926,619231.573926,1.0,104641.29868416052,1320.4924578719547,4946.721166260509,5119.936584375479,0.06102462354040415,0.009595847281916842,0.0359471805951536,0.045543027877070444,0.07605533964727251,Pu/PR < 0.20: Pu/(2PR) + Mux/MRx + Muy/MRy,0.004412855032963554,0.001169428114901851,0.07605533964727251,200.0,True,Incluido en columnas mediante transformacion PDelta del modelo OpenSees.,No se amplifica adicionalmente; revisar si se requiere metodo B1/B2 especifico.,"Continuidad de columna y compatibilidad de nudos se verifican en constructibilidad; placas, diafragmas o rigidizadores requieren revision de conexion.",Cumple
313,Columna_1,ORC 203 x 9.5,interaccion,SISMO_DOWN_1,I,A500 Gr B,3235.0,2039696.5324550178,67.1,4162.3,4162.3,7.870000000000001,7.870000000000001,6659.7,203.0,177.10999999999999,8.9,19.9,28.118328025378982,35.14791003172372,compacta,pared atiesada en compresion,1.0,1.0,3.200000000000001,40.660736975857695,40.660736975857695,1194.0856703800562,1194.0856703800562,283.9441872105283,283.9441872105283,67.1,1.0,2129441.985,1905265.496182645,1905265.496182645,1905265.496182645,1714738.9465643805,pandeo_x,408.0,481.8,152900.9163,152900.9163,137610.82467,137610.82467,fluencia_plastica,397.0790477019095,1299.5219815114897,619231.573926,619231.573926,1.0,152917.45644859795,2056.536367823247,871.2191530633775,2233.4647176179215,0.08917827215330973,0.01494458283172824,0.0063310364947860714,0.02127561932651431,0.06586475540316918,Pu/PR < 0.20: Pu/(2PR) + Mux/MRx + Muy/MRy,0.0006412448337935713,0.002098604199511936,0.06586475540316918,200.0,True,Incluido en columnas mediante transformacion PDelta del modelo OpenSees.,No se amplifica adicionalmente; revisar si se requiere metodo B1/B2 especifico.,"Continuidad de columna y compatibilidad de nudos se verifican en constructibilidad; placas, diafragmas o rigidizadores requieren revision de conexion.",Cumple
212,Columna_1,ORC 203 x 9.5,interaccion,SISMO_DOWN_1,J,A500 Gr B,3235.0,2039696.5324550178,67.1,4162.3,4162.3,7.870000000000001,7.870000000000001,6659.7,203.0,177.10999999999999,8.9,19.9,28.118328025378982,35.14791003172372,compacta,pared atiesada en compresion,1.0,1.0,3.2,40.66073697585769,40.66073697585769,1194.0856703800566,1194.0856703800566,283.9441872105283,283.9441872105283,67.1,1.0,2129441.985,1905265.496182645,1905265.496182645,1905265.496182645,1714738.9465643805,pandeo_x,408.0,481.8,152900.9163,152900.9163,137610.82467,137610.82467,fluencia_plastica,221.78290010935584,1578.4301783743367,619231.573926,619231.573926,1.0,148956.74567992706,2479.3508567705007,587.2942058414818,2547.959017563586,0.08686846821691084,0.018017120838539777,0.004267790758829131,0.02228491159736891,0.06571914570582432,Pu/PR < 0.20: Pu/(2PR) + Mux/MRx + Muy/MRy,0.0003581582552440382,0.0025490143668981642,0.06571914570582432,200.0,True,Incluido en columnas mediante transformacion PDelta del modelo OpenSees.,No se amplifica adicionalmente; revisar si se requiere metodo B1/B2 especifico.,"Continuidad de columna y compatibilidad de nudos se verifican en constructibilidad; placas, diafragmas o rigidizadores requieren revision de conexion.",Cumple
311,Columna_2,ORC 305 x 12.7,interaccion,SISMO_DOWN_1,I,A500 Gr B,3235.0,2039696.5324550178,134.84,19021.8,19021.8,11.89,11.89,30301.6,305.0,269.04,11.799999999999999,22.8,28.118328025378982,35.14791003172372,compacta,pared atiesada en compresion,1.0,1.0,3.200000000000001,26.91337258200169,26.91337258200169,2725.5222460526165,2725.5222460526165,302.2580918264678,302.2580918264678,134.84,1.0,4279194.5940000005,4075648.1101880926,4075648.1101880926,4075648.1101880926,3668083.2991692834,pandeo_x,1248.7,1468.3,465970.14404999994,465970.14404999994,419373.129645,419373.129645,fluencia_plastica,9191.824313719742,758.2946807892166,1233527.66622,1233527.66622,1.0,200971.9631913854,1174.736770346355,14764.530419636225,14811.190532565815,0.05478936730714372,0.002801173197101997,0.03520619080229204,0.038007363999394035,0.0654020476529659,Pu/PR < 0.20: Pu/(2PR) + Mux/MRx + Muy/MRy,0.007451656387964936,0.0006147366626262394,0.0654020476529659,200.0,True,Incluido en columnas mediante transformacion PDelta del modelo OpenSees.,No se amplifica adicionalmente; revisar si se requiere metodo B1/B2 especifico.,"Continuidad de columna y compatibilidad de nudos se verifican en constructibilidad; placas, diafragmas o rigidizadores requieren revision de conexion.",Cumple
301,Columna_1,ORC 203 x 9.5,interaccion,SISMO_DOWN_1,I,A500 Gr B,3235.0,2039696.5324550178,67.1,4162.3,4162.3,7.870000000000001,7.870000000000001,6659.7,203.0,177.10999999999999,8.9,19.9,28.118328025378982,35.14791003172372,compacta,pared atiesada en compresion,1.0,1.0,3.200000000000001,40.660736975857695,40.660736975857695,1194.0856703800562,1194.0856703800562,283.9441872105283,283.9441872105283,67.1,1.0,2129441.985,1905265.496182645,1905265.496182645,1905265.496182645,1714738.9465643805,pandeo_x,408.0,481.8,152900.9163,152900.9163,137610.82467,137610.82467,fluencia_plastica,422.44102414126115,1335.6280649463092,619231.573926,619231.573926,1.0,145704.11397560054,2098.561176125918,880.1073421487717,2275.6423145229064,0.08497160122684018,0.015249971658540732,0.006395625811118626,0.021645597469659356,0.06413139808307944,Pu/PR < 0.20: Pu/(2PR) + Mux/MRx + Muy/MRy,0.0006822020096018942,0.0021569120845667997,0.06413139808307944,200.0,True,Incluido en columnas mediante transformacion PDelta del modelo OpenSees.,No se amplifica adicionalmente; revisar si se requiere metodo B1/B2 especifico.,"Continuidad de columna y compatibilidad de nudos se verifican en constructibilidad; placas, diafragmas o rigidizadores requieren revision de conexion.",Cumple
316,Columna_1,ORC 203 x 9.5,interaccion,SISMO_DOWN_1,I,A500 Gr B,3235.0,2039696.5324550178,67.1,4162.3,4162.3,7.870000000000001,7.870000000000001,6659.7,203.0,177.10999999999999,8.9,19.9,28.118328025378982,35.14791003172372,compacta,pared atiesada en compresion,1.0,1.0,3.200000000000001,40.660736975857695,40.660736975857695,1194.0856703800562,1194.0856703800562,283.9441872105283,283.9441872105283,67.1,1.0,2129441.985,1905265.496182645,1905265.496182645,1905265.496182645,1714738.9465643805,pandeo_x,408.0,481.8,152900.9163,152900.9163,137610.82467,137610.82467,fluencia_plastica,251.42906855377205,1329.2060253105074,619231.573926,619231.573926,1.0,131609.780841782,2059.284131765108,650.4113457844927,2159.5569115132785,0.07675208002096934,0.014964550475614182,0.004726454821735302,0.019691005297349483,0.05806704530783415,Pu/PR < 0.20: Pu/(2PR) + Mux/MRx + Muy/MRy,0.0004060339930014915,0.002146541102358827,0.05806704530783415,200.0,True,Incluido en columnas mediante transformacion PDelta del modelo OpenSees.,No se amplifica adicionalmente; revisar si se requiere metodo B1/B2 especifico.,"Continuidad de columna y compatibilidad de nudos se verifican en constructibilidad; placas, diafragmas o rigidizadores requieren revision de conexion.",Cumple
304,Columna_1,ORC 203 x 9.5,interaccion,SISMO_DOWN_1,J,A500 Gr B,3235.0,2039696.5324550178,67.1,4162.3,4162.3,7.870000000000001,7.870000000000001,6659.7,203.0,177.10999999999999,8.9,19.9,28.118328025378982,35.14791003172372,compacta,pared atiesada en compresion,1.0,1.0,3.200000000000001,40.660736975857695,40.660736975857695,1194.0856703800562,1194.0856703800562,283.9441872105283,283.9441872105283,67.1,1.0,2129441.985,1905265.496182645,1905265.496182645,1905265.496182645,1714738.9465643805,pandeo_x,408.0,481.8,152900.9163,152900.9163,137610.82467,137610.82467,fluencia_plastica,308.1309522353852,1363.7740994488597,619231.573926,619231.573926,1.0,126472.93174246105,2284.614943925045,605.9949551896378,2363.6191164654524,0.0737563767335313,0.01660200023801692,0.004403686676850128,0.02100568691486705,0.057883875281632705,Pu/PR < 0.20: Pu/(2PR) + Mux/MRx + Muy/MRy,0.0004976021333695878,0.002202365248920325,0.057883875281632705,200.0,True,Incluido en columnas mediante transformacion PDelta del modelo OpenSees.,No se amplifica adicionalmente; revisar si se requiere metodo B1/B2 especifico.,"Continuidad de columna y compatibilidad de nudos se verifican en constructibilidad; placas, diafragmas o rigidizadores requieren revision de conexion.",Cumple
413,Columna_1,ORC 203 x 9.5,interaccion,SISMO_DOWN_1,J,A500 Gr B,3235.0,2039696.5324550178,67.1,4162.3,4162.3,7.870000000000001,7.870000000000001,6659.7,203.0,177.10999999999999,8.9,19.9,28.118328025378982,35.14791003172372,compacta,pared atiesada en compresion,1.0,1.0,3.1999999999999993,40.660736975857674,40.660736975857674,1194.0856703800573,1194.0856703800573,283.9441872105283,283.9441872105283,67.1,1.0,2129441.985,1905265.496182645,1905265.496182645,1905265.496182645,1714738.9465643805,pandeo_x,408.0,481.8,152900.9163,152900.9163,137610.82467,137610.82467,fluencia_plastica,858.3024282090455,955.534488854461,619231.573926,619231.573926,1.0,92201.07770259271,2108.5977607697864,1781.220380558861,2760.2410331059154,0.05376974605220526,0.015322906216326699,0.01294389729027747,0.02826680350660417,0.0551516765327068,Pu/PR < 0.20: Pu/(2PR) + Mux/MRx + Muy/MRy,0.0013860766542754086,0.0015430971692807288,0.0551516765327068,200.0,True,Incluido en columnas mediante transformacion PDelta del modelo OpenSees.,No se amplifica adicionalmente; revisar si se requiere metodo B1/B2 especifico.,"Continuidad de columna y compatibilidad de nudos se verifican en constructibilidad; placas, diafragmas o rigidizadores requieren revision de conexion.",Cumple
312,Columna_1,ORC 203 x 9.5,interaccion,SISMO_DOWN_1,I,A500 Gr B,3235.0,2039696.5324550178,67.1,4162.3,4162.3,7.870000000000001,7.870000000000001,6659.7,203.0,177.10999999999999,8.9,19.9,28.118328025378982,35.14791003172372,compacta,pared atiesada en compresion,1.0,1.0,3.200000000000001,40.660736975857695,40.660736975857695,1194.0856703800562,1194.0856703800562,283.9441872105283,283.9441872105283,67.1,1.0,2129441.985,1905265.496182645,1905265.496182645,1905265.496182645,1714738.9465643805,pandeo_x,408.0,481.8,152900.9163,152900.9163,137610.82467,137610.82467,fluencia_plastica,279.02515710550335,1791.3563062795834,619231.573926,619231.573926,1.0,102783.46528625397,2725.0174455148986,631.7681647814903,2797.2935298949083,0.059941173840011644,0.019802348049651423,0.004590977245405751,0.024393325295057174,0.054363912215062996,Pu/PR < 0.20: Pu/(2PR) + Mux/MRx + Muy/MRy,0.0004505990470357503,0.002892869778784335,0.054363912215062996,200.0,True,Incluido en columnas mediante transformacion PDelta del modelo OpenSees.,No se amplifica adicionalmente; revisar si se requiere metodo B1/B2 especifico.,"Continuidad de columna y compatibilidad de nudos se verifican en constructibilidad; placas, diafragmas o rigidizadores requieren revision de conexion.",Cumple
405,Columna_1,ORC 203 x 9.5,interaccion,SISMO_DOWN_1,J,A500 Gr B,3235.0,2039696.5324550178,67.1,4162.3,4162.3,7.870000000000001,7.870000000000001,6659.7,203.0,177.10999999999999,8.9,19.9,28.118328025378982,35.14791003172372,compacta,pared atiesada en compresion,1.0,1.0,3.1999999999999993,40.660736975857674,40.660736975857674,1194.0856703800573,1194.0856703800573,283.9441872105283,283.9441872105283,67.1,1.0,2129441.985,1905265.496182645,1905265.496182645,1905265.496182645,1714738.9465643805,pandeo_x,408.0,481.8,152900.9163,152900.9163,137610.82467,137610.82467,fluencia_plastica,387.5020842382901,1261.975941359082,619231.573926,619231.573926,1.0,100047.32308061095,2808.4452367831555,523.6957847921859,2856.8552506242063,0.05834551275636675,0.020408606979269224,0.003805629288597344,0.02421423626786657,0.053386992646049944,Pu/PR < 0.20: Pu/(2PR) + Mux/MRx + Muy/MRy,0.0006257789501615395,0.002037970921537492,0.053386992646049944,200.0,True,Incluido en columnas mediante transformacion PDelta del modelo OpenSees.,No se amplifica adicionalmente; revisar si se requiere metodo B1/B2 especifico.,"Continuidad de columna y compatibilidad de nudos se verifican en constructibilidad; placas, diafragmas o rigidizadores requieren revision de conexion.",Cumple
409,Columna_1,ORC 203 x 9.5,interaccion,SISMO_DOWN_1,J,A500 Gr B,3235.0,2039696.5324550178,67.1,4162.3,4162.3,7.870000000000001,7.870000000000001,6659.7,203.0,177.10999999999999,8.9,19.9,28.118328025378982,35.14791003172372,compacta,pared atiesada en compresion,1.0,1.0,3.1999999999999993,40.660736975857674,40.660736975857674,1194.0856703800573,1194.0856703800573,283.9441872105283,283.9441872105283,67.1,1.0,2129441.985,1905265.496182645,1905265.496182645,1905265.496182645,1714738.9465643805,pandeo_x,408.0,481.8,152900.9163,152900.9163,137610.82467,137610.82467,fluencia_plastica,677.36033932945,1137.3160467090659,619231.573926,619231.573926,1.0,94255.45505963816,2544.9737906625846,1003.2029270725529,2735.563508318976,0.054967816091473665,0.018493994180803747,0.007290145448065593,0.02578413962886934,0.053268047674606175,Pu/PR < 0.20: Pu/(2PR) + Mux/MRx + Muy/MRy,0.0010938724184151444,0.0018366570675625439,0.053268047674606175,200.0,True,Incluido en columnas mediante transformacion PDelta del modelo OpenSees.,No se amplifica adicionalmente; revisar si se requiere metodo B1/B2 especifico.,"Continuidad de columna y compatibilidad de nudos se verifican en constructibilidad; placas, diafragmas o rigidizadores requieren revision de conexion.",Cumple
401,Columna_1,ORC 203 x 9.5,interaccion,SISMO_DOWN_1,J,A500 Gr B,3235.0,2039696.5324550178,67.1,4162.3,4162.3,7.870000000000001,7.870000000000001,6659.7,203.0,177.10999999999999,8.9,19.9,28.118328025378982,35.14791003172372,compacta,pared atiesada en compresion,1.0,1.0,3.1999999999999993,40.660736975857674,40.660736975857674,1194.0856703800573,1194.0856703800573,283.9441872105283,283.9441872105283,67.1,1.0,2129441.985,1905265.496182645,1905265.496182645,1905265.496182645,1714738.9465643805,pandeo_x,408.0,481.8,152900.9163,152900.9163,137610.82467,137610.82467,fluencia_plastica,734.8828719437041,909.0608525802261,619231.573926,619231.573926,1.0,85084.16953771716,2062.3206572804147,1620.8165209695328,2623.0159526951606,0.04961931360350229,0.014986616512371015,0.011778263264218929,0.026764879776589943,0.05157453657834109,Pu/PR < 0.20: Pu/(2PR) + Mux/MRx + Muy/MRy,0.0011867658286292824,0.001468046674068434,0.05157453657834109,200.0,True,Incluido en columnas mediante transformacion PDelta del modelo OpenSees.,No se amplifica adicionalmente; revisar si se requiere metodo B1/B2 especifico.,"Continuidad de columna y compatibilidad de nudos se verifican en constructibilidad; placas, diafragmas o rigidizadores requieren revision de conexion.",Cumple
416,Columna_1,ORC 203 x 9.5,interaccion,SISMO_DOWN_1,J,A500 Gr B,3235.0,2039696.5324550178,67.1,4162.3,4162.3,7.870000000000001,7.870000000000001,6659.7,203.0,177.10999999999999,8.9,19.9,28.118328025378982,35.14791003172372,compacta,pared atiesada en compresion,1.0,1.0,3.1999999999999993,40.660736975857674,40.660736975857674,1194.0856703800573,1194.0856703800573,283.9441872105283,283.9441872105283,67.1,1.0,2129441.985,1905265.496182645,1905265.496182645,1905265.496182645,1714738.9465643805,pandeo_x,408.0,481.8,152900.9163,152900.9163,137610.82467,137610.82467,fluencia_plastica,685.1908543448891,950.0296392971641,619231.573926,619231.573926,1.0,78428.4783088728,1977.40269097817,1435.8670514659123,2443.733944555569,0.04573785325516205,0.014369528674216687,0.010434259477110306,0.024803788151326993,0.04767271477890802,Pu/PR < 0.20: Pu/(2PR) + Mux/MRx + Muy/MRy,0.0011065179541810176,0.001534207361672251,0.04767271477890802,200.0,True,Incluido en columnas mediante transformacion PDelta del modelo OpenSees.,No se amplifica adicionalmente; revisar si se requiere metodo B1/B2 especifico.,"Continuidad de columna y compatibilidad de nudos se verifican en constructibilidad; placas, diafragmas o rigidizadores requieren revision de conexion.",Cumple
404,Columna_1,ORC 203 x 9.5,interaccion,SISMO_DOWN_1,J,A500 Gr B,3235.0,2039696.5324550178,67.1,4162.3,4162.3,7.870000000000001,7.870000000000001,6659.7,203.0,177.10999999999999,8.9,19.9,28.118328025378982,35.14791003172372,compacta,pared atiesada en compresion,1.0,1.0,3.1999999999999993,40.660736975857674,40.660736975857674,1194.0856703800573,1194.0856703800573,283.9441872105283,283.9441872105283,67.1,1.0,2129441.985,1905265.496182645,1905265.496182645,1905265.496182645,1714738.9465643805,pandeo_x,408.0,481.8,152900.9163,152900.9163,137610.82467,137610.82467,fluencia_plastica,496.99866143117845,1061.5143534639396,619231.573926,619231.573926,1.0,75097.98649957769,2150.2271484121834,1085.7957169310675,2408.8231833562713,0.04379557987531725,0.01562542157252943,0.007890336530827997,0.023515758103357428,0.04541354804101605,Pu/PR < 0.20: Pu/(2PR) + Mux/MRx + Muy/MRy,0.0008026054909961217,0.001714244554317241,0.04541354804101605,200.0,True,Incluido en columnas mediante transformacion PDelta del modelo OpenSees.,No se amplifica adicionalmente; revisar si se requiere metodo B1/B2 especifico.,"Continuidad de columna y compatibilidad de nudos se verifican en constructibilidad; placas, diafragmas o rigidizadores requieren revision de conexion.",Cumple
412,Columna_1,ORC 203 x 9.5,interaccion,SISMO_DOWN_1,J,A500 Gr B,3235.0,2039696.5324550178,67.1,4162.3,4162.3,7.870000000000001,7.870000000000001,6659.7,203.0,177.10999999999999,8.9,19.9,28.118328025378982,35.14791003172372,compacta,pared atiesada en compresion,1.0,1.0,3.1999999999999993,40.660736975857674,40.660736975857674,1194.0856703800573,1194.0856703800573,283.9441872105283,283.9441872105283,67.1,1.0,2129441.985,1905265.496182645,1905265.496182645,1905265.496182645,1714738.9465643805,pandeo_x,408.0,481.8,152900.9163,152900.9163,137610.82467,137610.82467,fluencia_plastica,421.0190432212022,1457.0420831578208,619231.573926,619231.573926,1.0,48561.74728293705,2828.5210973735516,1056.898843809359,3019.5308848118843,0.02832019846533169,0.02055449565218823,0.00768034670487495,0.02823484235706318,0.04239494158972903,Pu/PR < 0.20: Pu/(2PR) + Mux/MRx + Muy/MRy,0.000679905645882836,0.0023529841573161473,0.04239494158972903,200.0,True,Incluido en columnas mediante transformacion PDelta del modelo OpenSees.,No se amplifica adicionalmente; revisar si se requiere metodo B1/B2 especifico.,"Continuidad de columna y compatibilidad de nudos se verifican en constructibilidad; placas, diafragmas o rigidizadores requieren revision de conexion.",Cumple
