elemento_id,grupo,tipo,perfil,combo,longitud_m,area_m2,ix_m4,iy_m4,r_min_m,kl_r,pu_N,mu_Nm,muy_Nm,muz_Nm,phi_pn_N,phi_mn_Nm,phi_mny_Nm,phi_mnz_Nm,ratio_axial,ratio_flexion,ratio_my,ratio_mz,dc,estado,rama_interaccion,extremo,tipo_revision
104,Columna_1,COLUMNA,IR 610 x 113.1,SISMO_DOWN_1,3.2,0.01446,0.00087409,3.434e-05,0.0487321978702679,65.6650046550098,61965.874778914615,207013.95236616326,207013.95233713827,3.4665765994588096,3274187.895343686,1017292.3892999999,1017292.3892999999,145549.15515,0.018925570785671163,0.2035188541601998,0.2034950369377921,2.381722240768918e-05,0.21298163955303537,Cumple,Pu/phiPn < 0.20: Pu/(2 phiPn) + My/phiMny + Mz/phiMnz,i,IR biaxial: My local contra eje fuerte; Mz local contra eje debil
101,Columna_1,COLUMNA,IR 610 x 113.1,SISMO_DOWN_1,3.2,0.01446,0.00087409,3.434e-05,0.0487321978702679,65.6650046550098,59482.665964624546,204313.34046301758,204313.34043360894,3.4665765994588096,3274187.895343686,1017292.3892999999,1017292.3892999999,145549.15515,0.018167151020629116,0.2008641484610963,0.2008403312386886,2.381722240768918e-05,0.20994772397141084,Cumple,Pu/phiPn < 0.20: Pu/(2 phiPn) + My/phiMny + Mz/phiMnz,envolvente,IR biaxial: My local contra eje fuerte; Mz local contra eje debil
108,Columna_1,COLUMNA,IR 610 x 113.1,SISMO_DOWN_1,3.2,0.01446,0.00087409,3.434e-05,0.0487321978702679,65.6650046550098,51103.09399960629,169585.29549302926,169585.29545759826,3.4665765994588096,3274187.895343686,1017292.3892999999,1017292.3892999999,145549.15515,0.015607868464812732,0.16672642626707979,0.1667026090446721,2.381722240768918e-05,0.17453036049948614,Cumple,Pu/phiPn < 0.20: Pu/(2 phiPn) + My/phiMny + Mz/phiMnz,envolvente,IR biaxial: My local contra eje fuerte; Mz local contra eje debil
105,Columna_1,COLUMNA,IR 610 x 113.1,SISMO_DOWN_1,3.2,0.01446,0.00087409,3.434e-05,0.0487321978702679,65.6650046550098,51142.75699361475,169062.45353293134,169062.45349739076,3.4665765994588096,3274187.895343686,1017292.3892999999,1017292.3892999999,145549.15515,0.015619982306557999,0.1662124718074703,0.16618865458506263,2.381722240768918e-05,0.1740224629607493,Cumple,Pu/phiPn < 0.20: Pu/(2 phiPn) + My/phiMny + Mz/phiMnz,i,IR biaxial: My local contra eje fuerte; Mz local contra eje debil
112,Columna_1,COLUMNA,IR 610 x 113.1,SISMO_DOWN_1,3.2,0.01446,0.00087409,3.434e-05,0.0487321978702679,65.6650046550098,42612.31329393289,136675.91670033787,136675.91665637566,3.4665765994588096,3274187.895343686,1017292.3892999999,1017292.3892999999,145549.15515,0.013014620619217685,0.13437645574988405,0.13435263852747636,2.381722240768918e-05,0.1408837660594929,Cumple,Pu/phiPn < 0.20: Pu/(2 phiPn) + My/phiMny + Mz/phiMnz,envolvente,IR biaxial: My local contra eje fuerte; Mz local contra eje debil
109,Columna_1,COLUMNA,IR 610 x 113.1,SISMO_DOWN_1,3.2,0.01446,0.00087409,3.434e-05,0.0487321978702679,65.6650046550098,41927.43289871411,136484.50547303868,136484.5054290148,3.4665765994588096,3274187.895343686,1017292.3892999999,1017292.3892999999,145549.15515,0.01280544496494544,0.1341882982158514,0.13416448099344372,2.381722240768918e-05,0.14059102069832413,Cumple,Pu/phiPn < 0.20: Pu/(2 phiPn) + My/phiMny + Mz/phiMnz,envolvente,IR biaxial: My local contra eje fuerte; Mz local contra eje debil
116,Columna_1,COLUMNA,IR 610 x 113.1,SISMO_DOWN_1,3.2,0.01446,0.00087409,3.434e-05,0.0487321978702679,65.6650046550098,34901.14682678425,108842.84953058978,108842.84947538564,3.4665765994588096,3274187.895343686,1017292.3892999999,1017292.3892999999,145549.15515,0.010659481966938472,0.10701650744618939,0.1069926902237817,2.381722240768918e-05,0.11234624842965862,Cumple,Pu/phiPn < 0.20: Pu/(2 phiPn) + My/phiMny + Mz/phiMnz,envolvente,IR biaxial: My local contra eje fuerte; Mz local contra eje debil
113,Columna_1,COLUMNA,IR 610 x 113.1,SISMO_DOWN_1,3.2,0.01446,0.00087409,3.434e-05,0.0487321978702679,65.6650046550098,34957.80098286205,108647.00301212631,108647.00295682266,3.4665765994588096,3274187.895343686,1017292.3892999999,1017292.3892999999,145549.15515,0.010676785236600659,0.10682399001401069,0.106800172791603,2.381722240768918e-05,0.11216238263231101,Cumple,Pu/phiPn < 0.20: Pu/(2 phiPn) + My/phiMny + Mz/phiMnz,i,IR biaxial: My local contra eje fuerte; Mz local contra eje debil
204,Columna_1,COLUMNA,IR 610 x 113.1,SISMO_DOWN_1,3.2,0.01446,0.00087409,3.434e-05,0.0487321978702679,65.6650046550098,46120.918242078376,90762.48623660654,90762.48601994767,6.271283398234244,3274187.895343686,1017292.3892999999,1017292.3892999999,145549.15515,0.014086216098858658,0.08926275189003162,0.08921966484227946,4.308704775215759e-05,0.09630585993946095,Cumple,Pu/phiPn < 0.20: Pu/(2 phiPn) + My/phiMny + Mz/phiMnz,i,IR biaxial: My local contra eje fuerte; Mz local contra eje debil
201,Columna_1,COLUMNA,IR 610 x 113.1,SISMO_DOWN_1,3.2,0.01446,0.00087409,3.434e-05,0.0487321978702679,65.6650046550098,41552.105651236125,83232.70286328516,83232.70262702588,6.271283398234244,3274187.895343686,1017292.3892999999,1017292.3892999999,145549.15515,0.012690812799817791,0.08186096311020692,0.08181787606245476,4.308704775215759e-05,0.08820636951011582,Cumple,Pu/phiPn < 0.20: Pu/(2 phiPn) + My/phiMny + Mz/phiMnz,envolvente,IR biaxial: My local contra eje fuerte; Mz local contra eje debil
205,Columna_1,COLUMNA,IR 610 x 113.1,SISMO_DOWN_1,3.2,0.01446,0.00087409,3.434e-05,0.0487321978702679,65.6650046550098,36756.53039510535,72420.51529105075,72420.5150195186,6.271283398234244,3274187.895343686,1017292.3892999999,1017292.3892999999,145549.15515,0.01122615181840292,0.07123256588515037,0.0711894788373982,4.308704775215759e-05,0.07684564179435183,Cumple,Pu/phiPn < 0.20: Pu/(2 phiPn) + My/phiMny + Mz/phiMnz,i,IR biaxial: My local contra eje fuerte; Mz local contra eje debil
208,Columna_1,COLUMNA,IR 610 x 113.1,SISMO_DOWN_1,3.2,0.01446,0.00087409,3.434e-05,0.0487321978702679,65.6650046550098,36992.78249818498,72335.15843432718,72335.15816247463,6.271283398234244,3274187.895343686,1017292.3892999999,1017292.3892999999,145549.15515,0.011298307757717096,0.0711486599619942,0.07110557291424204,4.308704775215759e-05,0.07679781384085274,Cumple,Pu/phiPn < 0.20: Pu/(2 phiPn) + My/phiMny + Mz/phiMnz,envolvente,IR biaxial: My local contra eje fuerte; Mz local contra eje debil
304,Columna_1,COLUMNA,IR 610 x 113.1,SISMO_DOWN_1,3.200000000000001,0.01446,0.00087409,3.434e-05,0.0487321978702679,65.66500465500982,32077.53077661029,67065.40247198056,67065.40219319885,6.114999139322219,3274187.895343685,1017292.3892999999,1017292.3892999999,145549.15515,0.009797095280398736,0.06596740789682189,0.06592539460493421,4.201329188768031e-05,0.07086595553702126,Cumple,Pu/phiPn < 0.20: Pu/(2 phiPn) + My/phiMny + Mz/phiMnz,envolvente,IR biaxial: My local contra eje fuerte; Mz local contra eje debil
301,Columna_1,COLUMNA,IR 610 x 113.1,SISMO_DOWN_1,3.200000000000001,0.01446,0.00087409,3.434e-05,0.0487321978702679,65.66500465500982,28127.48071064264,61270.31817585999,61270.31787071048,6.114999139322219,3274187.895343685,1017292.3892999999,1017292.3892999999,145549.15515,0.008590673965487296,0.06027083099971567,0.06022881770782799,4.201329188768031e-05,0.06456616798245932,Cumple,Pu/phiPn < 0.20: Pu/(2 phiPn) + My/phiMny + Mz/phiMnz,j,IR biaxial: My local contra eje fuerte; Mz local contra eje debil
212,Columna_1,COLUMNA,IR 610 x 113.1,SISMO_DOWN_1,3.2,0.01446,0.00087409,3.434e-05,0.0487321978702679,65.6650046550098,30872.64638372035,59149.70247866325,59149.70214621022,6.271283398234244,3274187.895343686,1017292.3892999999,1017292.3892999999,145549.15515,0.009429100396964145,0.05818733620203041,0.05814424915427825,4.308704775215759e-05,0.06290188640051249,Cumple,Pu/phiPn < 0.20: Pu/(2 phiPn) + My/phiMny + Mz/phiMnz,i,IR biaxial: My local contra eje fuerte; Mz local contra eje debil
209,Columna_1,COLUMNA,IR 610 x 113.1,SISMO_DOWN_1,3.2,0.01446,0.00087409,3.434e-05,0.0487321978702679,65.6650046550098,29347.809904133464,56878.416432201404,56878.41608647276,6.271283398234244,3274187.895343686,1017292.3892999999,1017292.3892999999,145549.15515,0.008963385988284242,0.055954658474734784,0.05591157142698262,4.308704775215759e-05,0.0604363514688769,Cumple,Pu/phiPn < 0.20: Pu/(2 phiPn) + My/phiMny + Mz/phiMnz,i,IR biaxial: My local contra eje fuerte; Mz local contra eje debil
308,Columna_1,COLUMNA,IR 610 x 113.1,SISMO_DOWN_1,3.200000000000001,0.01446,0.00087409,3.434e-05,0.0487321978702679,65.66500465500982,25745.786173087155,52980.11158310031,52980.111230201706,6.114999139322219,3274187.895343685,1017292.3892999999,1017292.3892999999,145549.15515,0.007863258614357766,0.05212154498548207,0.05207953169359439,4.201329188768031e-05,0.056053174292660955,Cumple,Pu/phiPn < 0.20: Pu/(2 phiPn) + My/phiMny + Mz/phiMnz,envolvente,IR biaxial: My local contra eje fuerte; Mz local contra eje debil
305,Columna_1,COLUMNA,IR 610 x 113.1,SISMO_DOWN_1,3.200000000000001,0.01446,0.00087409,3.434e-05,0.0487321978702679,65.66500465500982,23434.153695019544,50705.28359242967,50705.283223698716,6.114999139322219,3274187.895343685,1017292.3892999999,1017292.3892999999,145549.15515,0.007157241564647501,0.04988538551901019,0.04984337222712251,4.201329188768031e-05,0.053464006301333945,Cumple,Pu/phiPn < 0.20: Pu/(2 phiPn) + My/phiMny + Mz/phiMnz,envolvente,IR biaxial: My local contra eje fuerte; Mz local contra eje debil
213,Columna_1,COLUMNA,IR 610 x 113.1,SISMO_DOWN_1,3.2,0.01446,0.00087409,3.434e-05,0.0487321978702679,65.6650046550098,24169.079430297275,49563.35653228193,49563.35613552716,6.271283398234244,3274187.895343686,1017292.3892999999,1017292.3892999999,145549.15515,0.007381702028972985,0.048763943172147,0.04872085612439484,4.308704775215759e-05,0.05245479418663349,Cumple,Pu/phiPn < 0.20: Pu/(2 phiPn) + My/phiMny + Mz/phiMnz,envolvente,IR biaxial: My local contra eje fuerte; Mz local contra eje debil
216,Columna_1,COLUMNA,IR 610 x 113.1,SISMO_DOWN_1,3.2,0.01446,0.00087409,3.434e-05,0.0487321978702679,65.6650046550098,24203.575950915598,48889.33122648785,48889.330824263125,6.271283398234244,3274187.895343686,1017292.3892999999,1017292.3892999999,145549.15515,0.007392237930308208,0.048101375243443795,0.048058288195691634,4.308704775215759e-05,0.0517974942085979,Cumple,Pu/phiPn < 0.20: Pu/(2 phiPn) + My/phiMny + Mz/phiMnz,envolvente,IR biaxial: My local contra eje fuerte; Mz local contra eje debil
316,Columna_1,COLUMNA,IR 610 x 113.1,SISMO_DOWN_1,3.200000000000001,0.01446,0.00087409,3.434e-05,0.0487321978702679,65.66500465500982,17891.651675250316,49107.82377606158,49107.823395335945,6.114999139322219,3274187.895343685,1017292.3892999999,1017292.3892999999,145549.15515,0.005464454773867602,0.04831508002457709,0.048273066732689406,4.201329188768031e-05,0.05104730741151089,Cumple,Pu/phiPn < 0.20: Pu/(2 phiPn) + My/phiMny + Mz/phiMnz,envolvente,IR biaxial: My local contra eje fuerte; Mz local contra eje debil
313,Columna_1,COLUMNA,IR 610 x 113.1,SISMO_DOWN_1,3.200000000000001,0.01446,0.00087409,3.434e-05,0.0487321978702679,65.66500465500982,17147.496648797824,48694.02579831458,48694.02541435357,6.114999139322219,3274187.895343685,1017292.3892999999,1017292.3892999999,145549.15515,0.005237175506385495,0.04790831596604805,0.047866302674160366,4.201329188768031e-05,0.0505269037192408,Cumple,Pu/phiPn < 0.20: Pu/(2 phiPn) + My/phiMny + Mz/phiMnz,envolvente,IR biaxial: My local contra eje fuerte; Mz local contra eje debil
312,Columna_1,COLUMNA,IR 610 x 113.1,SISMO_DOWN_1,3.200000000000001,0.01446,0.00087409,3.434e-05,0.0487321978702679,65.66500465500982,20985.810265211236,47363.754642005035,47363.754247259996,6.114999139322219,3274187.895343685,1017292.3892999999,1017292.3892999999,145549.15515,0.006409470359063922,0.046600657340970804,0.04655864404908312,4.201329188768031e-05,0.04980539252050276,Cumple,Pu/phiPn < 0.20: Pu/(2 phiPn) + My/phiMny + Mz/phiMnz,envolvente,IR biaxial: My local contra eje fuerte; Mz local contra eje debil
309,Columna_1,COLUMNA,IR 610 x 113.1,SISMO_DOWN_1,3.200000000000001,0.01446,0.00087409,3.434e-05,0.0487321978702679,65.66500465500982,18960.256757821928,46011.65580000415,46011.65539365912,6.114999139322219,3274187.895343685,1017292.3892999999,1017292.3892999999,145549.15515,0.005790827333026868,0.04527154206612711,0.04522952877423943,4.201329188768031e-05,0.04816695573264054,Cumple,Pu/phiPn < 0.20: Pu/(2 phiPn) + My/phiMny + Mz/phiMnz,envolvente,IR biaxial: My local contra eje fuerte; Mz local contra eje debil
404,Columna_1,COLUMNA,IR 610 x 113.1,SISMO_DOWN_1,3.1999999999999993,0.01446,0.00087409,3.434e-05,0.0487321978702679,65.66500465500978,19372.913620675874,43120.93899805805,43120.9386425323,5.537256406165742,3274187.895343687,1017292.3892999999,1017292.3892999999,145549.15515,0.005916860681155969,0.04242599360690133,0.04238794971444136,3.8043892459967617e-05,0.04538442394747932,Cumple,Pu/phiPn < 0.20: Pu/(2 phiPn) + My/phiMny + Mz/phiMnz,envolvente,IR biaxial: My local contra eje fuerte; Mz local contra eje debil
413,Columna_1,COLUMNA,IR 610 x 113.1,SISMO_DOWN_1,3.1999999999999993,0.01446,0.00087409,3.434e-05,0.0487321978702679,65.66500465500978,16720.386524453428,41506.09680395884,41506.09643460095,5.537256406165742,3274187.895343687,1017292.3892999999,1017292.3892999999,145549.15515,0.005106727854022047,0.040838601206332474,0.040800557313872506,3.8043892459967617e-05,0.0433919651333435,Cumple,Pu/phiPn < 0.20: Pu/(2 phiPn) + My/phiMny + Mz/phiMnz,envolvente,IR biaxial: My local contra eje fuerte; Mz local contra eje debil
406,Columna_1,COLUMNA,IR 610 x 113.1,SISMO_DOWN_1,3.1999999999999993,0.01446,0.00087409,3.434e-05,0.0487321978702679,65.66500465500978,22778.118569432143,40401.90912327245,40401.90874381998,5.537256406165742,3274187.895343687,1017292.3892999999,1017292.3892999999,145549.15515,0.0069568758108920796,0.03975318298990331,0.03971513909744334,3.8043892459967617e-05,0.04323162089534935,Cumple,Pu/phiPn < 0.20: Pu/(2 phiPn) + My/phiMny + Mz/phiMnz,envolvente,IR biaxial: My local contra eje fuerte; Mz local contra eje debil
416,Columna_1,COLUMNA,IR 610 x 113.1,SISMO_DOWN_1,3.1999999999999993,0.01446,0.00087409,3.434e-05,0.0487321978702679,65.66500465500978,16517.456175684245,40945.74593839776,40945.74556398513,5.537256406165742,3274187.895343687,1017292.3892999999,1017292.3892999999,145549.15515,0.005044749019802491,0.040287775429486354,0.040249731537026386,3.8043892459967617e-05,0.0428101499393876,Cumple,Pu/phiPn < 0.20: Pu/(2 phiPn) + My/phiMny + Mz/phiMnz,envolvente,IR biaxial: My local contra eje fuerte; Mz local contra eje debil
405,Columna_1,COLUMNA,IR 610 x 113.1,SISMO_DOWN_1,3.1999999999999993,0.01446,0.00087409,3.434e-05,0.0487321978702679,65.66500465500978,17531.7191344675,40696.630753469624,40696.63037676511,5.537256406165742,3274187.895343687,1017292.3892999999,1017292.3892999999,145549.15515,0.00535452444845937,0.04004289481321493,0.04000485092075496,3.8043892459967617e-05,0.04272015703744461,Cumple,Pu/phiPn < 0.20: Pu/(2 phiPn) + My/phiMny + Mz/phiMnz,envolvente,IR biaxial: My local contra eje fuerte; Mz local contra eje debil
412,Columna_1,COLUMNA,IR 610 x 113.1,SISMO_DOWN_1,3.1999999999999993,0.01446,0.00087409,3.434e-05,0.0487321978702679,65.66500465500978,16396.261483990576,40137.2820435614,40137.28166160717,5.537256406165742,3274187.895343687,1017292.3892999999,1017292.3892999999,145549.15515,0.005007733828381735,0.03949305415674169,0.03945501026428172,3.8043892459967617e-05,0.04199692107093256,Cumple,Pu/phiPn < 0.20: Pu/(2 phiPn) + My/phiMny + Mz/phiMnz,envolvente,IR biaxial: My local contra eje fuerte; Mz local contra eje debil
409,Columna_1,COLUMNA,IR 610 x 113.1,SISMO_DOWN_1,3.1999999999999993,0.01446,0.00087409,3.434e-05,0.0487321978702679,65.66500465500978,16167.97312221964,40101.625393011345,40101.62501071751,5.537256406165742,3274187.895343687,1017292.3892999999,1017292.3892999999,145549.15515,0.004938010168937635,0.03945800361349109,0.03941995972103112,3.8043892459967617e-05,0.04192700869795991,Cumple,Pu/phiPn < 0.20: Pu/(2 phiPn) + My/phiMny + Mz/phiMnz,envolvente,IR biaxial: My local contra eje fuerte; Mz local contra eje debil
408,Columna_1,COLUMNA,IR 610 x 113.1,SISMO_DOWN_1,3.1999999999999993,0.01446,0.00087409,3.434e-05,0.0487321978702679,65.66500465500978,16169.183688555677,39452.86997805279,39452.86958947258,5.537256406165742,3274187.895343687,1017292.3892999999,1017292.3892999999,145549.15515,0.004938379899195865,0.038820276025957154,0.038782232133497185,3.8043892459967617e-05,0.041289465975555086,Cumple,Pu/phiPn < 0.20: Pu/(2 phiPn) + My/phiMny + Mz/phiMnz,envolvente,IR biaxial: My local contra eje fuerte; Mz local contra eje debil
401,Columna_1,COLUMNA,IR 610 x 113.1,SISMO_DOWN_1,3.1999999999999993,0.01446,0.00087409,3.434e-05,0.0487321978702679,65.66500465500978,14874.576456211778,35802.63529602887,35802.63486783122,5.537256406165742,3274187.895343687,1017292.3892999999,1017292.3892999999,145549.15515,0.0045429819337385385,0.03523208962051958,0.03519404572805961,3.8043892459967617e-05,0.03750358058738885,Cumple,Pu/phiPn < 0.20: Pu/(2 phiPn) + My/phiMny + Mz/phiMnz,envolvente,IR biaxial: My local contra eje fuerte; Mz local contra eje debil
410,Columna_1,COLUMNA,IR 610 x 113.1,SISMO_DOWN_1,3.1999999999999993,0.01446,0.00087409,3.434e-05,0.0487321978702679,65.66500465500978,19249.815250724303,34163.39748939005,34163.3970406465,5.537256406165742,3274187.895343687,1017292.3892999999,1017292.3892999999,145549.15515,0.005879264069756044,0.03362071628830319,0.03358267239584322,3.8043892459967617e-05,0.03656034832318121,Cumple,Pu/phiPn < 0.20: Pu/(2 phiPn) + My/phiMny + Mz/phiMnz,envolvente,IR biaxial: My local contra eje fuerte; Mz local contra eje debil
407,Columna_1,COLUMNA,IR 610 x 113.1,SISMO_DOWN_1,3.1999999999999993,0.01446,0.00087409,3.434e-05,0.0487321978702679,65.66500465500978,19302.567500265417,33212.18513478419,33212.184673188414,5.537256406165742,3274187.895343687,1017292.3892999999,1017292.3892999999,145549.15515,0.005895375622063759,0.03268567305249109,0.032647629160031125,3.8043892459967617e-05,0.03563336086352297,Cumple,Pu/phiPn < 0.20: Pu/(2 phiPn) + My/phiMny + Mz/phiMnz,envolvente,IR biaxial: My local contra eje fuerte; Mz local contra eje debil
206,Columna_1,COLUMNA,IR 610 x 113.1,SISMO_DOWN_1,3.2,0.01446,0.00087409,3.434e-05,0.0487321978702679,65.6650046550098,19959.724920170083,32132.089637396457,32132.08902540707,6.271283398234244,3274187.895343686,1017292.3892999999,1017292.3892999999,145549.15515,0.006096084146103944,0.03162898050707234,0.03158589345932018,4.308704775215759e-05,0.03467702258012432,Cumple,Pu/phiPn < 0.20: Pu/(2 phiPn) + My/phiMny + Mz/phiMnz,i,IR biaxial: My local contra eje fuerte; Mz local contra eje debil
306,Columna_1,COLUMNA,IR 610 x 113.1,SISMO_DOWN_1,3.200000000000001,0.01446,0.00087409,3.434e-05,0.0487321978702679,65.66500465500982,19328.406380993718,31095.23157946612,31095.230978196843,6.114999139322219,3274187.895343685,1017292.3892999999,1017292.3892999999,145549.15515,0.00590326731354703,0.030608673679068506,0.030566660387180825,4.201329188768031e-05,0.03356030733584202,Cumple,Pu/phiPn < 0.20: Pu/(2 phiPn) + My/phiMny + Mz/phiMnz,envolvente,IR biaxial: My local contra eje fuerte; Mz local contra eje debil
207,Columna_1,COLUMNA,IR 610 x 113.1,SISMO_DOWN_1,3.2,0.01446,0.00087409,3.434e-05,0.0487321978702679,65.6650046550098,18559.627561143614,29802.901554744116,29802.90089492588,6.271283398250887,3274187.895343686,1017292.3892999999,1017292.3892999999,145549.15515,0.005668467465638664,0.029339384954230555,0.029296297906478284,4.3087047752271934e-05,0.03217361868704989,Cumple,Pu/phiPn < 0.20: Pu/(2 phiPn) + My/phiMny + Mz/phiMnz,envolvente,IR biaxial: My local contra eje fuerte; Mz local contra eje debil
203,Columna_1,COLUMNA,IR 610 x 113.1,SISMO_DOWN_1,3.2,0.01446,0.00087409,3.434e-05,0.0487321978702679,65.6650046550098,18542.360133909497,29726.270254551888,29726.269593032706,6.271283398240885,3274187.895343686,1017292.3892999999,1017292.3892999999,145549.15515,0.005663193661023274,0.029264056265350877,0.029220969217598675,4.3087047752203216e-05,0.032095653095862514,Cumple,Pu/phiPn < 0.20: Pu/(2 phiPn) + My/phiMny + Mz/phiMnz,envolvente,IR biaxial: My local contra eje fuerte; Mz local contra eje debil
307,Columna_1,COLUMNA,IR 610 x 113.1,SISMO_DOWN_1,3.200000000000001,0.01446,0.00087409,3.434e-05,0.0487321978702679,65.66500465500982,18455.438358609223,29558.499026226713,29558.498393697726,6.114999139322219,3274187.895343685,1017292.3892999999,1017292.3892999999,145549.15515,0.0056366460779038435,0.02909806315975012,0.02905604986786244,4.201329188768031e-05,0.03191638619870204,Cumple,Pu/phiPn < 0.20: Pu/(2 phiPn) + My/phiMny + Mz/phiMnz,envolvente,IR biaxial: My local contra eje fuerte; Mz local contra eje debil
303,Columna_1,COLUMNA,IR 610 x 113.1,SISMO_DOWN_1,3.200000000000001,0.01446,0.00087409,3.434e-05,0.0487321978702679,65.66500465500982,18408.23020072836,29446.354386852712,29446.353751914776,6.114999139322219,3274187.895343685,1017292.3892999999,1017292.3892999999,145549.15515,0.005622227797893708,0.02898782480255557,0.02894581151066789,4.201329188768031e-05,0.031798938701502424,Cumple,Pu/phiPn < 0.20: Pu/(2 phiPn) + My/phiMny + Mz/phiMnz,j,IR biaxial: My local contra eje fuerte; Mz local contra eje debil
202,Columna_1,COLUMNA,IR 610 x 113.1,SISMO_DOWN_1,3.2,0.01446,0.00087409,3.434e-05,0.0487321978702679,65.6650046550098,17412.816624691837,28171.631894901107,28171.631196876297,6.271283398234244,3274187.895343686,1017292.3892999999,1017292.3892999999,145549.15515,0.005318209333512927,0.02773584430533985,0.027692757257587693,4.308704775215759e-05,0.030394948972096315,Cumple,Pu/phiPn < 0.20: Pu/(2 phiPn) + My/phiMny + Mz/phiMnz,i,IR biaxial: My local contra eje fuerte; Mz local contra eje debil
411,Columna_1,COLUMNA,IR 610 x 113.1,SISMO_DOWN_1,3.1999999999999993,0.01446,0.00087409,3.434e-05,0.0487321978702679,65.66500465500978,16337.16994425006,28114.120783592603,28114.120238293515,5.537256406165742,3274187.895343687,1017292.3892999999,1017292.3892999999,145549.15515,0.004989686134837771,0.027674267788363557,0.02763622389590359,3.8043892459967617e-05,0.030169110855782444,Cumple,Pu/phiPn < 0.20: Pu/(2 phiPn) + My/phiMny + Mz/phiMnz,envolvente,IR biaxial: My local contra eje fuerte; Mz local contra eje debil
302,Columna_1,COLUMNA,IR 610 x 113.1,SISMO_DOWN_1,3.200000000000001,0.01446,0.00087409,3.434e-05,0.0487321978702679,65.66500465500982,17130.57608824697,27541.78121932384,27541.780540478583,6.114999139322219,3274187.895343685,1017292.3892999999,1017292.3892999999,145549.15515,0.005232007641531155,0.027115626375172532,0.02707361308328485,4.201329188768031e-05,0.029731630195938108,Cumple,Pu/phiPn < 0.20: Pu/(2 phiPn) + My/phiMny + Mz/phiMnz,envolvente,IR biaxial: My local contra eje fuerte; Mz local contra eje debil
210,Columna_1,COLUMNA,IR 610 x 113.1,SISMO_DOWN_1,3.2,0.01446,0.00087409,3.434e-05,0.0487321978702679,65.6650046550098,16108.805720081375,25978.930130488352,25978.929373548097,6.271283398234244,3274187.895343686,1017292.3892999999,1017292.3892999999,145549.15515,0.004919939305557313,0.025580415004588863,0.025537327956836706,4.308704775215759e-05,0.02804038465736752,Cumple,Pu/phiPn < 0.20: Pu/(2 phiPn) + My/phiMny + Mz/phiMnz,i,IR biaxial: My local contra eje fuerte; Mz local contra eje debil
403,Columna_1,COLUMNA,IR 610 x 113.1,SISMO_DOWN_1,3.1999999999999993,0.01446,0.00087409,3.434e-05,0.0487321978702679,65.66500465500978,15584.07656839818,25973.180362557734,25973.179772310246,5.537256406165742,3274187.895343687,1017292.3892999999,1017292.3892999999,145549.15515,0.0047596769234168656,0.025569719982342465,0.025531676089882497,3.8043892459967617e-05,0.0279495584440509,Cumple,Pu/phiPn < 0.20: Pu/(2 phiPn) + My/phiMny + Mz/phiMnz,i,IR biaxial: My local contra eje fuerte; Mz local contra eje debil
310,Columna_1,COLUMNA,IR 610 x 113.1,SISMO_DOWN_1,3.200000000000001,0.01446,0.00087409,3.434e-05,0.0487321978702679,65.66500465500982,15732.471372103033,25347.664676558816,25347.663938952108,6.114999139322219,3274187.895343685,1017292.3892999999,1017292.3892999999,145549.15515,0.004804999552553665,0.024958806345253454,0.024916793053365773,4.201329188768031e-05,0.027361306121530288,Cumple,Pu/phiPn < 0.20: Pu/(2 phiPn) + My/phiMny + Mz/phiMnz,envolvente,IR biaxial: My local contra eje fuerte; Mz local contra eje debil
311,Columna_1,COLUMNA,IR 610 x 113.1,SISMO_DOWN_1,3.200000000000001,0.01446,0.00087409,3.434e-05,0.0487321978702679,65.66500465500982,15054.371311759904,24077.2234772775,24077.222700750775,6.114999139322219,3274187.895343685,1017292.3892999999,1017292.3892999999,145549.15515,0.0045978947430503755,0.023709960633279216,0.023667947341391535,4.201329188768031e-05,0.026008908004804404,Cumple,Pu/phiPn < 0.20: Pu/(2 phiPn) + My/phiMny + Mz/phiMnz,envolvente,IR biaxial: My local contra eje fuerte; Mz local contra eje debil
402,Columna_1,COLUMNA,IR 610 x 113.1,SISMO_DOWN_1,3.1999999999999993,0.01446,0.00087409,3.434e-05,0.0487321978702679,65.66500465500978,14416.143110151608,24063.662218134865,24063.661581049608,5.537256406165742,3274187.895343687,1017292.3892999999,1017292.3892999999,145549.15515,0.004402967566599707,0.023692660632105334,0.023654616739645366,3.8043892459967617e-05,0.025894144415405187,Cumple,Pu/phiPn < 0.20: Pu/(2 phiPn) + My/phiMny + Mz/phiMnz,i,IR biaxial: My local contra eje fuerte; Mz local contra eje debil
211,Columna_1,COLUMNA,IR 610 x 113.1,SISMO_DOWN_1,3.2,0.01446,0.00087409,3.434e-05,0.0487321978702679,65.6650046550098,14926.995100919934,23961.432255811622,23961.431435138722,6.271283398241226,3274187.895343686,1017292.3892999999,1017292.3892999999,145549.15515,0.0045589915967095326,0.02359721139505673,0.023554124347304525,4.308704775220556e-05,0.025876707193411497,Cumple,Pu/phiPn < 0.20: Pu/(2 phiPn) + My/phiMny + Mz/phiMnz,envolvente,IR biaxial: My local contra eje fuerte; Mz local contra eje debil
106,Columna_1,COLUMNA,IR 610 x 113.1,SISMO_DOWN_1,3.2,0.01446,0.00087409,3.434e-05,0.0487321978702679,65.6650046550098,10974.80611183555,19486.16015280766,19486.159844456673,3.4665765994588096,3274187.895343686,1017292.3892999999,1017292.3892999999,145549.15515,0.0033519170135113898,0.019178742639538865,0.019154925417131177,2.381722240768918e-05,0.02085470114629456,Cumple,Pu/phiPn < 0.20: Pu/(2 phiPn) + My/phiMny + Mz/phiMnz,envolvente,IR biaxial: My local contra eje fuerte; Mz local contra eje debil
107,Columna_1,COLUMNA,IR 610 x 113.1,SISMO_DOWN_1,3.2,0.01446,0.00087409,3.434e-05,0.0487321978702679,65.6650046550098,10152.289133025126,17322.753271523812,17322.752924663437,3.466576599460711,3274187.895343686,1017292.3892999999,1017292.3892999999,145549.15515,0.003100704497583349,0.017052110274499876,0.017028293052092174,2.3817222407702246e-05,0.01860246252329155,Cumple,Pu/phiPn < 0.20: Pu/(2 phiPn) + My/phiMny + Mz/phiMnz,envolvente,IR biaxial: My local contra eje fuerte; Mz local contra eje debil
103,Columna_1,COLUMNA,IR 610 x 113.1,SISMO_DOWN_1,3.2,0.01446,0.00087409,3.434e-05,0.0487321978702679,65.6650046550098,10295.285497864965,16577.452593321184,16577.452230866416,3.4665765994574183,3274187.895343686,1017292.3892999999,1017292.3892999999,145549.15515,0.0031443783395895446,0.01631947853397355,0.016295661311565873,2.3817222407679624e-05,0.017891667703768325,Cumple,Pu/phiPn < 0.20: Pu/(2 phiPn) + My/phiMny + Mz/phiMnz,envolvente,IR biaxial: My local contra eje fuerte; Mz local contra eje debil
102,Columna_1,COLUMNA,IR 610 x 113.1,SISMO_DOWN_1,3.2,0.01446,0.00087409,3.434e-05,0.0487321978702679,65.6650046550098,9774.921806479224,16041.743200499055,16041.742825940215,3.4665765994588096,3274187.895343686,1017292.3892999999,1017292.3892999999,145549.15515,0.0029854492530439116,0.015792875356203967,0.01576905813379628,2.381722240768918e-05,0.017285599982725924,Cumple,Pu/phiPn < 0.20: Pu/(2 phiPn) + My/phiMny + Mz/phiMnz,i,IR biaxial: My local contra eje fuerte; Mz local contra eje debil
110,Columna_1,COLUMNA,IR 610 x 113.1,SISMO_DOWN_1,3.2,0.01446,0.00087409,3.434e-05,0.0487321978702679,65.6650046550098,8936.891723894167,15859.001048167262,15859.000669292405,3.4665765994588096,3274187.895343686,1017292.3892999999,1017292.3892999999,145549.15515,0.0027294987366496496,0.015613239532157791,0.015589422309750103,2.381722240768918e-05,0.016977988900482615,Cumple,Pu/phiPn < 0.20: Pu/(2 phiPn) + My/phiMny + Mz/phiMnz,envolvente,IR biaxial: My local contra eje fuerte; Mz local contra eje debil
414,Columna_1,COLUMNA,IR 610 x 113.1,SISMO_DOWN_1,3.1999999999999993,0.01446,0.00087409,3.434e-05,0.0487321978702679,65.66500465500978,9029.854327962648,15138.514963599951,15138.513950911138,5.537256406165742,3274187.895343687,1017292.3892999999,1017292.3892999999,145549.15515,0.0027578913051398957,0.014919226638089242,0.014881182745629275,3.8043892459967617e-05,0.01629817229065919,Cumple,Pu/phiPn < 0.20: Pu/(2 phiPn) + My/phiMny + Mz/phiMnz,i,IR biaxial: My local contra eje fuerte; Mz local contra eje debil
415,Columna_1,COLUMNA,IR 610 x 113.1,SISMO_DOWN_1,3.1999999999999993,0.01446,0.00087409,3.434e-05,0.0487321978702679,65.66500465500978,8922.854664803952,14873.479420054638,14873.47838932038,5.537256406165742,3274187.895343687,1017292.3892999999,1017292.3892999999,145549.15515,0.0027252115486387906,0.014658696269064138,0.014620652376604171,3.8043892459967617e-05,0.016021302043383534,Cumple,Pu/phiPn < 0.20: Pu/(2 phiPn) + My/phiMny + Mz/phiMnz,i,IR biaxial: My local contra eje fuerte; Mz local contra eje debil
314,Columna_1,COLUMNA,IR 610 x 113.1,SISMO_DOWN_1,3.200000000000001,0.01446,0.00087409,3.434e-05,0.0487321978702679,65.66500465500982,9189.760226624727,14758.599411279847,14758.598144451775,6.114999139322219,3274187.895343685,1017292.3892999999,1017292.3892999999,145549.15515,0.002806729644225288,0.014549738209211778,0.014507724917324097,4.201329188768031e-05,0.015953103031324422,Cumple,Pu/phiPn < 0.20: Pu/(2 phiPn) + My/phiMny + Mz/phiMnz,envolvente,IR biaxial: My local contra eje fuerte; Mz local contra eje debil
315,Columna_1,COLUMNA,IR 610 x 113.1,SISMO_DOWN_1,3.200000000000001,0.01446,0.00087409,3.434e-05,0.0487321978702679,65.66500465500982,9053.610430802475,14507.742436692382,14507.74114795927,6.114999139322219,3274187.895343685,1017292.3892999999,1017292.3892999999,145549.15515,0.002765146876169773,0.014303145391717962,0.01426113209983028,4.201329188768031e-05,0.01568571882980285,Cumple,Pu/phiPn < 0.20: Pu/(2 phiPn) + My/phiMny + Mz/phiMnz,envolvente,IR biaxial: My local contra eje fuerte; Mz local contra eje debil
214,Columna_1,COLUMNA,IR 610 x 113.1,SISMO_DOWN_1,3.2,0.01446,0.00087409,3.434e-05,0.0487321978702679,65.6650046550098,8745.291285583899,14119.98510852415,14119.9837158528,6.271283398234244,3274187.895343686,1017292.3892999999,1017292.3892999999,145549.15515,0.0026709802751457303,0.01392305298907683,0.013879965941324674,4.308704775215759e-05,0.015258543126649695,Cumple,Pu/phiPn < 0.20: Pu/(2 phiPn) + My/phiMny + Mz/phiMnz,envolvente,IR biaxial: My local contra eje fuerte; Mz local contra eje debil
111,Columna_1,COLUMNA,IR 610 x 113.1,SISMO_DOWN_1,3.2,0.01446,0.00087409,3.434e-05,0.0487321978702679,65.6650046550098,8223.995934180417,14075.50106965638,14075.500642774472,3.4665765994575377,3274187.895343686,1017292.3892999999,1017292.3892999999,145549.15515,0.002511766641699455,0.013860056233750171,0.013836239011342491,2.3817222407680444e-05,0.015115939554599899,Cumple,Pu/phiPn < 0.20: Pu/(2 phiPn) + My/phiMny + Mz/phiMnz,envolvente,IR biaxial: My local contra eje fuerte; Mz local contra eje debil
215,Columna_1,COLUMNA,IR 610 x 113.1,SISMO_DOWN_1,3.2,0.01446,0.00087409,3.434e-05,0.0487321978702679,65.6650046550098,8690.001969891322,13980.497420542706,13980.49601397625,6.2712833982425105,3274187.895343686,1017292.3892999999,1017292.3892999999,145549.15515,0.002654093854005635,0.013785936361307235,0.01374284931355502,4.308704775221438e-05,0.015112983288310053,Cumple,Pu/phiPn < 0.20: Pu/(2 phiPn) + My/phiMny + Mz/phiMnz,envolvente,IR biaxial: My local contra eje fuerte; Mz local contra eje debil
114,Columna_1,COLUMNA,IR 610 x 113.1,SISMO_DOWN_1,3.2,0.01446,0.00087409,3.434e-05,0.0487321978702679,65.6650046550098,5109.322368515653,8344.998240342537,8344.997520321183,3.4665765994588096,3274187.895343686,1017292.3892999999,1017292.3892999999,145549.15515,0.0015604853880810453,0.008226962756665922,0.008203145534258233,2.381722240768918e-05,0.009007205450706445,Cumple,Pu/phiPn < 0.20: Pu/(2 phiPn) + My/phiMny + Mz/phiMnz,envolvente,IR biaxial: My local contra eje fuerte; Mz local contra eje debil
115,Columna_1,COLUMNA,IR 610 x 113.1,SISMO_DOWN_1,3.2,0.01446,0.00087409,3.434e-05,0.0487321978702679,65.6650046550098,5108.719060892946,8286.649022592155,8286.648297500878,3.466576599458463,3274187.895343686,1017292.3892999999,1017292.3892999999,145549.15515,0.001560301126321491,0.008169605379933303,0.008145788157525617,2.3817222407686803e-05,0.00894975594309405,Cumple,Pu/phiPn < 0.20: Pu/(2 phiPn) + My/phiMny + Mz/phiMnz,envolvente,IR biaxial: My local contra eje fuerte; Mz local contra eje debil
