elemento,tipo,grupo,perfil,longitud_m,P_max_N,P_combo,P_extremo,Vy_max_N,Vy_combo,Vy_extremo,Vz_max_N,Vz_combo,Vz_extremo,V_resultante_max_N,V_resultante_combo,V_resultante_extremo,T_max_Nm,T_combo,T_extremo,My_max_Nm,My_combo,My_extremo,Mz_max_Nm,Mz_combo,Mz_extremo,M_resultante_max_Nm,M_resultante_combo,M_resultante_extremo
101,COLUMNA,Columna_1,ORC 203 x 9.5,3.2,371329.12880755775,SISMO_DOWN_1,I,58.789424024972796,SISMO_UP_1,I,2342.9354822762625,SISMO_DOWN_1,I,2343.6449070526687,SISMO_DOWN_1,I,4.425786769228819,SISMO_DOWN_1,I,5488.112170959262,SISMO_DOWN_1,I,129.70846235039215,SISMO_DOWN_1,J,5489.337618910616,SISMO_DOWN_1,I
102,COLUMNA,Columna_1,ORC 203 x 9.5,3.2,542638.924154906,SISMO_DOWN_1,I,3100.58176503593,SISMO_DOWN_1,I,247.12566333752994,SISMO_DOWN_1,I,3110.414502144905,SISMO_DOWN_1,I,4.425786769228819,SISMO_DOWN_1,I,574.8256778077716,SISMO_DOWN_1,J,6181.95944412875,SISMO_DOWN_1,I,6185.735886915962,SISMO_DOWN_1,I
103,COLUMNA,Columna_1,ORC 203 x 9.5,3.2,479060.1702934458,SISMO_DOWN_1,I,3252.81009545302,SISMO_DOWN_1,J,135.27514434734445,SISMO_DOWN_1,I,3255.621735054501,SISMO_DOWN_1,J,4.425786769228862,SISMO_DOWN_1,I,346.2626948830899,SISMO_DOWN_1,J,6464.199002359137,SISMO_DOWN_1,I,6464.783614240913,SISMO_DOWN_1,I
104,COLUMNA,Columna_1,ORC 203 x 9.5,3.2,338113.44753194886,SISMO_DOWN_1,I,202.72363316243036,SISMO_DOWN_1,I,2396.911163468248,SISMO_UP_1,I,2404.4768274035164,SISMO_DOWN_1,I,4.425786769228819,SISMO_DOWN_1,I,5544.780620068535,SISMO_DOWN_1,I,474.1563780205049,GRAV_DISEÑO,J,5547.877821178418,SISMO_DOWN_1,I
105,COLUMNA,Columna_1,ORC 203 x 9.5,3.2,502309.3809919357,GRAV_DISEÑO,I,296.44621534998043,SISMO_DOWN_1,I,2398.23444647547,SISMO_UP_1,I,2410.3551836398624,SISMO_UP_1,I,4.425786769228819,SISMO_DOWN_1,I,5460.415422921754,SISMO_DOWN_1,I,669.0737928157614,GRAV_DISEÑO,J,5469.194223375234,SISMO_DOWN_1,I
106,COLUMNA,Columna_2,ORC 305 x 12.7,3.2,1033049.6188108398,GRAV_DISEÑO,I,19216.93677506773,SISMO_DOWN_1,I,126.71409145780106,SISMO_DOWN_1,I,19217.35453900782,SISMO_DOWN_1,I,20.137306540304213,SISMO_DOWN_1,I,503.2227796269236,GRAV_DISEÑO,J,33555.693728943916,SISMO_DOWN_1,I,33555.91737930718,SISMO_DOWN_1,I
107,COLUMNA,Columna_2,ORC 305 x 12.7,3.2,747957.5561065298,GRAV_DISEÑO,I,13481.158220112051,SISMO_DOWN_1,J,8434.436610296887,GRAV_DISEÑO,I,15030.738653595417,SISMO_DOWN_1,J,20.137306540305506,SISMO_DOWN_1,I,18283.914031592976,GRAV_DISEÑO,J,27905.90183630689,SISMO_DOWN_1,I,28732.41889764051,SISMO_DOWN_1,I
108,COLUMNA,Columna_1,ORC 203 x 9.5,3.2,356705.46780582046,GRAV_DISEÑO,I,3407.186116033121,GRAV_DISEÑO,I,2552.9863936401966,SISMO_DOWN_1,I,3735.325444351046,SISMO_DOWN_1,I,4.425786769228819,SISMO_DOWN_1,I,5686.476448776379,SISMO_DOWN_1,I,7342.160568277295,GRAV_DISEÑO,J,7343.771615331491,GRAV_DISEÑO,J
109,COLUMNA,Columna_1,ORC 203 x 9.5,3.2,486204.9147628866,GRAV_DISEÑO,I,301.5425895971398,GRAV_DISEÑO,I,2393.48631035573,SISMO_UP_1,I,2401.951275640875,SISMO_UP_1,I,4.425786769228819,SISMO_DOWN_1,I,5415.871918758293,SISMO_UP_1,I,600.9319201576117,GRAV_DISEÑO,J,5421.926480002531,SISMO_UP_1,I
110,COLUMNA,Columna_2,ORC 305 x 12.7,3.2,984568.1677937087,GRAV_DISEÑO,I,17439.71792866886,SISMO_DOWN_1,I,183.23331403945238,SISMO_DOWN_1,I,17440.68048783957,SISMO_DOWN_1,I,20.137306540304213,SISMO_DOWN_1,I,550.2517972007357,SISMO_DOWN_1,J,31614.61599847482,SISMO_DOWN_1,I,31615.20571262853,SISMO_DOWN_1,I
111,COLUMNA,Columna_2,ORC 305 x 12.7,3.2,512421.6809136187,GRAV_DISEÑO,I,12826.175202887238,SISMO_DOWN_1,J,517.2808128785874,GRAV_DISEÑO,I,12835.959707530741,SISMO_DOWN_1,J,20.137306540304365,SISMO_DOWN_1,I,1393.98166376727,GRAV_DISEÑO,J,27082.294106090023,SISMO_DOWN_1,I,27084.600165672175,SISMO_DOWN_1,I
112,COLUMNA,Columna_1,ORC 203 x 9.5,3.2,224035.22759919814,GRAV_DISEÑO,I,16.14610391605867,SISMO_UP_1,I,2557.4162358755448,SISMO_DOWN_1,I,2557.4646009380504,SISMO_DOWN_1,I,4.425786769228819,SISMO_DOWN_1,I,5663.86484294613,SISMO_DOWN_1,I,107.29225609032629,SISMO_DOWN_1,J,5664.449041308495,SISMO_DOWN_1,I
113,COLUMNA,Columna_1,ORC 203 x 9.5,3.2,388364.7838544678,SISMO_DOWN_1,I,31.4336802713469,SISMO_DOWN_1,I,2317.353270294581,SISMO_DOWN_1,I,2317.5664511725204,SISMO_DOWN_1,I,4.425786769228819,SISMO_DOWN_1,I,5377.854217353128,SISMO_DOWN_1,I,117.94304339742718,SISMO_DOWN_1,J,5378.003389700166,SISMO_DOWN_1,I
114,COLUMNA,Columna_1,ORC 203 x 9.5,3.2,534730.3729545939,SISMO_DOWN_1,I,3029.9720081133405,SISMO_DOWN_1,I,228.33213617580563,SISMO_DOWN_1,I,3038.563136477667,SISMO_DOWN_1,I,4.425786769228819,SISMO_DOWN_1,I,437.753473437883,SISMO_DOWN_1,J,6076.4870701281525,SISMO_DOWN_1,I,6083.545902745837,SISMO_DOWN_1,I
115,COLUMNA,Columna_1,ORC 203 x 9.5,3.2,487251.66499776713,SISMO_DOWN_1,I,3193.1978803435895,SISMO_DOWN_1,J,181.8392285983859,SISMO_DOWN_1,I,3198.371180474219,SISMO_DOWN_1,J,4.425786769228807,SISMO_DOWN_1,I,328.3828729844746,SISMO_DOWN_1,J,6317.6093197172095,SISMO_DOWN_1,I,6322.697372202881,SISMO_DOWN_1,I
116,COLUMNA,Columna_1,ORC 203 x 9.5,3.2,344796.92765347596,SISMO_DOWN_1,I,84.96618519543526,GRAV_DISEÑO,I,2362.7413717337445,SISMO_DOWN_1,I,2364.11489084706,SISMO_DOWN_1,I,4.425786769228819,SISMO_DOWN_1,I,5426.425872592313,SISMO_DOWN_1,I,254.75804915690023,GRAV_DISEÑO,J,5426.546828375749,SISMO_DOWN_1,I
117,VIGA,Viga_1,IR 203 x 31.3,3.16,0.0,,,3.1395783127941946e-15,SISMO_DOWN_1,I,1778.5067134542053,SISMO_DOWN_1,J,1778.5067134542053,SISMO_DOWN_1,J,0.08397032456717475,SISMO_DOWN_1,I,3590.1239637541757,SISMO_DOWN_1,I,4.960533734214829e-15,SISMO_DOWN_1,I,3590.1239637541757,SISMO_DOWN_1,I
118,VIGA,Viga_1,IR 203 x 31.3,3.16,0.0,,,2.6263945672374537e-15,SISMO_DOWN_1,I,1364.2946330991747,SISMO_DOWN_1,I,1364.2946330991747,SISMO_DOWN_1,I,0.08397032456717478,SISMO_DOWN_1,I,2427.8362452374045,SISMO_UP_1,J,4.149703416235178e-15,SISMO_DOWN_1,I,2427.8362452374045,SISMO_UP_1,J
119,VIGA,Viga_1,IR 203 x 31.3,3.1,0.0,,,3.4502890415779227e-14,SISMO_DOWN_1,I,722.0223660926193,GRAV_DISEÑO,J,722.0223660926193,GRAV_DISEÑO,J,0.035652940655508655,SISMO_UP_1,I,636.7069743302341,GRAV_DISEÑO,J,5.347948014445785e-14,SISMO_DOWN_1,I,636.7069743302341,GRAV_DISEÑO,J
120,VIGA,Viga_1,IR 203 x 31.3,3.1,0.0,,,5.07120801167557e-14,SISMO_UP_1,I,846.2917145617957,GRAV_DISEÑO,I,846.2917145617957,GRAV_DISEÑO,I,0.03565294065551007,SISMO_UP_1,I,636.7069743302344,GRAV_DISEÑO,I,7.860372418097132e-14,SISMO_UP_1,I,636.7069743302344,GRAV_DISEÑO,I
121,VIGA,Viga_1,IR 203 x 31.3,5.299999999999999,0.0,,,5.523466506000025e-16,GRAV_SERVICIO,I,2797.926840159065,SISMO_DOWN_1,J,2797.926840159065,SISMO_DOWN_1,J,0.07483319332124104,SISMO_DOWN_1,I,5724.853716492429,SISMO_DOWN_1,J,1.4637186240900062e-15,GRAV_SERVICIO,I,5724.853716492429,SISMO_DOWN_1,J
122,VIGA,Viga_1,IR 203 x 31.3,6.2,0.0,,,2.401956231240857e-15,SISMO_UP_1,I,1303.7120769004218,GRAV_DISEÑO,J,1303.7120769004218,GRAV_DISEÑO,J,0.9116241761367676,SISMO_DOWN_1,I,1573.9157168872566,SISMO_DOWN_1,J,7.446064316846657e-15,SISMO_UP_1,I,1573.9157168872566,SISMO_DOWN_1,J
123,VIGA,Viga_1,IR 203 x 31.3,2.7250000000000014,0.0,,,3.631750848712724e-15,SISMO_DOWN_1,I,1575.1314792241349,SISMO_DOWN_1,J,1575.1314792241349,SISMO_DOWN_1,J,0.046953380815111335,SISMO_DOWN_1,I,2831.9650514727527,SISMO_DOWN_1,I,4.948260531371089e-15,SISMO_DOWN_1,I,2831.9650514727527,SISMO_DOWN_1,I
124,VIGA,Viga_1,IR 203 x 31.3,2.7249999999999996,0.0,,,3.1131598116952774e-15,SISMO_DOWN_1,I,1953.0313975336724,SISMO_DOWN_1,I,1953.0313975336724,SISMO_DOWN_1,I,0.04695338081511136,SISMO_DOWN_1,I,4073.787548714381,SISMO_DOWN_1,J,4.2416802434348154e-15,SISMO_DOWN_1,I,4073.787548714381,SISMO_DOWN_1,J
125,VIGA,Viga_1,IR 203 x 31.3,6.2,0.0,,,2.401956231240857e-15,SISMO_UP_1,I,1696.6817740843414,GRAV_DISEÑO,J,1696.6817740843414,GRAV_DISEÑO,J,0.5051896127074155,SISMO_DOWN_1,I,3064.0186232500655,GRAV_DISEÑO,J,7.446064316846657e-15,SISMO_UP_1,I,3064.0186232500655,GRAV_DISEÑO,J
126,VIGA,Viga_1,IR 203 x 31.3,3.1,0.0,,,3.4502890415779227e-14,SISMO_DOWN_1,I,980.3230234541559,GRAV_DISEÑO,I,980.3230234541559,GRAV_DISEÑO,I,0.06578786004887183,SISMO_DOWN_1,I,662.1760069111012,GRAV_DISEÑO,J,5.347948014445785e-14,SISMO_DOWN_1,I,662.1760069111012,GRAV_DISEÑO,J
127,VIGA,Viga_1,IR 203 x 31.3,3.1,0.0,,,5.07120801167557e-14,SISMO_UP_1,I,2385.2498708947282,GRAV_DISEÑO,J,2385.2498708947282,GRAV_DISEÑO,J,0.06578786004887184,SISMO_DOWN_1,I,4814.092028362557,GRAV_DISEÑO,J,7.860372418097132e-14,SISMO_UP_1,I,4814.092028362557,GRAV_DISEÑO,J
128,VIGA,Viga_1,IR 203 x 31.3,6.32,0.0,,,1.8355688450025594e-16,SISMO_UP_5,I,2794.2749816212036,SISMO_DOWN_1,J,2794.2749816212036,SISMO_DOWN_1,J,0.07360187886585647,GRAV_DISEÑO,I,7103.7497637267,SISMO_DOWN_1,J,5.80039755020809e-16,SISMO_UP_5,I,7103.7497637267,SISMO_DOWN_1,J
129,VIGA,Viga_1,IR 203 x 31.3,6.1000000000000005,0.0,,,3.712484661308766e-15,SISMO_DOWN_1,I,1261.5085055452369,GRAV_DISEÑO,J,1261.5085055452369,GRAV_DISEÑO,J,0.006101298564278592,SISMO_DOWN_1,I,1246.638674794893,GRAV_DISEÑO,J,1.1323078216991736e-14,SISMO_DOWN_1,I,1246.638674794893,GRAV_DISEÑO,J
130,VIGA,Viga_1,IR 203 x 31.3,1.5,0.0,,,2.942182858022696e-14,GRAV_DISEÑO,I,76185.53887578905,GRAV_DISEÑO,I,76185.53887578905,GRAV_DISEÑO,I,53.038638118458834,GRAV_DISEÑO,I,70731.87402508617,GRAV_DISEÑO,I,2.2066371435170222e-14,GRAV_DISEÑO,I,70731.87402508617,GRAV_DISEÑO,I
131,VIGA,Viga_1,IR 203 x 31.3,3.799999999999999,0.0,,,2.292213099221285e-15,GRAV_DISEÑO,I,20094.084888732294,GRAV_DISEÑO,J,20094.084888732294,GRAV_DISEÑO,J,20.02127144950833,GRAV_DISEÑO,I,43050.25426295842,GRAV_DISEÑO,I,4.35520488852044e-15,GRAV_DISEÑO,I,43050.25426295842,GRAV_DISEÑO,I
132,VIGA,Viga_1,IR 203 x 31.3,6.1000000000000005,0.0,,,3.712484661308766e-15,SISMO_DOWN_1,I,1290.0306346170787,GRAV_DISEÑO,J,1290.0306346170787,GRAV_DISEÑO,J,0.15533395730766053,GRAV_DISEÑO,I,1459.7771776688994,GRAV_DISEÑO,J,1.1323078216991736e-14,SISMO_DOWN_1,I,1459.7771776688994,GRAV_DISEÑO,J
133,VIGA,Viga_1,IR 203 x 31.3,5.450000000000001,0.0,,,8.573853833128096e-16,SISMO_DOWN_1,I,2787.59506471414,SISMO_DOWN_1,I,2787.59506471414,SISMO_DOWN_1,I,0.5487136217527836,GRAV_DISEÑO,I,6230.339288131965,SISMO_DOWN_1,I,2.3363751695274064e-15,SISMO_DOWN_1,I,6230.339288131965,SISMO_DOWN_1,I
134,VIGA,Viga_1,IR 203 x 31.3,6.32,0.0,,,1.8355688450025594e-16,SISMO_UP_5,I,2717.585387521704,SISMO_DOWN_1,J,2717.585387521704,SISMO_DOWN_1,J,0.10564707314977467,GRAV_DISEÑO,I,6781.937646833396,SISMO_DOWN_1,J,5.80039755020809e-16,SISMO_UP_5,I,6781.937646833396,SISMO_DOWN_1,J
135,VIGA,Viga_1,IR 203 x 31.3,3.0999999999999996,0.0,,,4.992782405285905e-14,SISMO_DOWN_1,I,872.4409422114693,GRAV_DISEÑO,J,872.4409422114693,GRAV_DISEÑO,J,0.043660685686109126,SISMO_DOWN_1,I,624.4399409642442,GRAV_DISEÑO,J,7.738812728193154e-14,SISMO_DOWN_1,I,624.4399409642442,GRAV_DISEÑO,J
136,VIGA,Viga_1,IR 203 x 31.3,3.0999999999999996,0.0,,,3.412256861483453e-14,SISMO_DOWN_1,I,671.5133717325064,GRAV_DISEÑO,I,671.5133717325064,GRAV_DISEÑO,I,0.043660685686250957,SISMO_DOWN_1,I,624.4399409642447,GRAV_DISEÑO,I,5.288998135299353e-14,SISMO_DOWN_1,I,624.4399409642447,GRAV_DISEÑO,I
137,VIGA,Viga_1,IR 203 x 31.3,1.5,0.0,,,2.942182858022696e-14,GRAV_DISEÑO,I,64121.553357641336,GRAV_DISEÑO,I,64121.553357641336,GRAV_DISEÑO,I,41.01297817905164,GRAV_DISEÑO,I,59319.56514901961,GRAV_DISEÑO,I,2.2066371435170222e-14,GRAV_DISEÑO,I,59319.56514901961,GRAV_DISEÑO,I
138,VIGA,Viga_1,IR 203 x 31.3,3.799999999999999,0.0,,,2.292213099221285e-15,GRAV_DISEÑO,I,17199.909167625905,GRAV_DISEÑO,J,17199.909167625905,GRAV_DISEÑO,J,16.2399600689097,GRAV_DISEÑO,I,36399.67730695543,GRAV_DISEÑO,I,4.35520488852044e-15,GRAV_DISEÑO,I,36399.67730695543,GRAV_DISEÑO,I
139,VIGA,Viga_1,IR 203 x 31.3,6.199999999999999,0.0,,,2.9329795780415233e-15,SISMO_UP_1,I,1257.5118914256311,GRAV_DISEÑO,J,1257.5118914256311,GRAV_DISEÑO,J,0.8179185261509284,SISMO_DOWN_1,I,1435.1532652192852,SISMO_DOWN_1,J,9.092236691928721e-15,SISMO_UP_1,I,1435.1532652192852,SISMO_DOWN_1,J
140,VIGA,Viga_1,IR 203 x 31.3,5.450000000000001,0.0,,,8.573853833128096e-16,SISMO_DOWN_1,I,2747.593482957012,SISMO_DOWN_1,I,2747.593482957012,SISMO_DOWN_1,I,0.04537690226095208,SISMO_DOWN_1,I,6085.185135819121,SISMO_DOWN_1,I,2.3363751695274064e-15,SISMO_DOWN_1,I,6085.185135819121,SISMO_DOWN_1,I
141,VIGA,Viga_1,IR 203 x 31.3,6.199999999999999,0.0,,,2.9329795780415233e-15,SISMO_UP_1,I,1315.0402724091084,GRAV_DISEÑO,I,1315.0402724091084,GRAV_DISEÑO,I,0.46167792469246954,SISMO_DOWN_1,I,1597.2623713290304,SISMO_DOWN_1,I,9.092236691928721e-15,SISMO_UP_1,I,1597.2623713290304,SISMO_DOWN_1,I
142,VIGA,Viga_1,IR 203 x 31.3,3.0999999999999996,0.0,,,4.992782405285905e-14,SISMO_DOWN_1,I,774.3144924091164,GRAV_DISEÑO,J,774.3144924091164,GRAV_DISEÑO,J,0.0456145244624558,SISMO_DOWN_1,I,515.6073647156445,GRAV_DISEÑO,J,7.738812728193154e-14,SISMO_DOWN_1,I,515.6073647156445,GRAV_DISEÑO,J
143,VIGA,Viga_1,IR 203 x 31.3,3.0999999999999996,0.0,,,3.412256861483453e-14,SISMO_DOWN_1,I,693.6543364949508,GRAV_DISEÑO,I,693.6543364949508,GRAV_DISEÑO,I,0.04561452446245616,SISMO_DOWN_1,I,515.6073647156446,GRAV_DISEÑO,I,5.288998135299353e-14,SISMO_DOWN_1,I,515.6073647156446,GRAV_DISEÑO,I
144,VIGA,Viga_1,IR 203 x 31.3,3.16,0.0,,,3.1395783127941946e-15,SISMO_DOWN_1,I,1741.3082188695118,SISMO_DOWN_1,J,1741.3082188695118,SISMO_DOWN_1,J,0.08153941005082048,SISMO_DOWN_1,I,3569.7831571049373,SISMO_DOWN_1,I,4.960533734214829e-15,SISMO_DOWN_1,I,3569.7831571049373,SISMO_DOWN_1,I
145,VIGA,Viga_1,IR 203 x 31.3,3.16,0.0,,,2.6263945672374537e-15,SISMO_DOWN_1,I,1355.5092371598962,SISMO_DOWN_1,I,1355.5092371598962,SISMO_DOWN_1,I,0.08153941005082048,SISMO_DOWN_1,I,2368.3861544914425,SISMO_UP_1,J,4.149703416235178e-15,SISMO_DOWN_1,I,2368.3861544914425,SISMO_UP_1,J
146,VIGA,Viga_1,IR 203 x 31.3,5.299999999999999,0.0,,,5.523466506000025e-16,GRAV_SERVICIO,I,2716.7553507482216,SISMO_DOWN_1,J,2716.7553507482216,SISMO_DOWN_1,J,0.051881774196802476,SISMO_DOWN_1,I,5511.460217416695,SISMO_DOWN_1,J,1.4637186240900062e-15,GRAV_SERVICIO,I,5511.460217416695,SISMO_DOWN_1,J
147,VIGA,Viga_1,IR 203 x 31.3,2.7300000000000004,0.0,,,2.347667661037174e-15,SISMO_DOWN_1,I,1538.45905333742,SISMO_DOWN_1,J,1538.45905333742,SISMO_DOWN_1,J,0.10485028343876601,SISMO_DOWN_1,I,2719.924164258886,SISMO_DOWN_1,I,3.204566357315744e-15,SISMO_DOWN_1,I,2719.924164258886,SISMO_DOWN_1,I
148,VIGA,Viga_1,IR 203 x 31.3,2.7200000000000006,0.0,,,4.248940715587776e-15,SISMO_DOWN_1,I,1960.7851976591353,SISMO_DOWN_1,I,1960.7851976591353,SISMO_DOWN_1,I,0.10485028343884016,SISMO_DOWN_1,I,3918.5026956401625,SISMO_DOWN_1,J,5.778559373199377e-15,SISMO_DOWN_1,I,3918.5026956401625,SISMO_DOWN_1,J
149,VIGA,Viga_1,IR 203 x 31.3,1.5,0.0,,,1.4082724928127945e-13,SISMO_UP_1,I,20600.43271952134,GRAV_DISEÑO,I,20600.43271952134,GRAV_DISEÑO,I,47.115013138962205,GRAV_DISEÑO,I,30378.524157214037,GRAV_DISEÑO,J,1.0562043696095958e-13,SISMO_UP_1,I,30378.524157214037,GRAV_DISEÑO,J
150,VIGA,Viga_1,IR 203 x 31.3,4.6000000000000005,0.0,,,1.1087242399752042e-14,SISMO_UP_1,I,7534.988355267253,GRAV_DISEÑO,J,7534.988355267253,GRAV_DISEÑO,J,14.022567986980185,GRAV_DISEÑO,I,30380.4865339814,GRAV_DISEÑO,I,2.5500657519429704e-14,SISMO_UP_1,I,30380.4865339814,GRAV_DISEÑO,I
151,VIGA,Viga_1,IR 203 x 31.3,3.799999999999999,0.0,,,2.292213099221285e-15,GRAV_DISEÑO,I,2584.7754102114127,GRAV_DISEÑO,J,2584.7754102114127,GRAV_DISEÑO,J,1.962376767360921,GRAV_DISEÑO,I,6879.0095196774255,GRAV_DISEÑO,J,4.35520488852044e-15,GRAV_DISEÑO,I,6879.0095196774255,GRAV_DISEÑO,J
152,VIGA,Viga_1,IR 203 x 31.3,1.5,0.0,,,1.4082724928127945e-13,SISMO_UP_1,I,30542.169915732367,GRAV_DISEÑO,I,30542.169915732367,GRAV_DISEÑO,I,13.12331539269436,SISMO_DOWN_1,I,45358.091870040946,GRAV_DISEÑO,I,1.0562043696095958e-13,SISMO_UP_1,I,45358.091870040946,GRAV_DISEÑO,I
153,VIGA,Viga_1,IR 203 x 31.3,1.5,0.0,,,1.4082724928127945e-13,SISMO_UP_1,I,15114.327729479035,GRAV_DISEÑO,I,15114.327729479035,GRAV_DISEÑO,I,4.1845888624974945,SISMO_DOWN_1,I,22226.562196008806,GRAV_DISEÑO,I,1.0562043696095958e-13,SISMO_UP_1,I,22226.562196008806,GRAV_DISEÑO,I
154,VIGA,Viga_1,IR 203 x 31.3,5.450000000000001,0.0,,,8.573853833128096e-16,SISMO_DOWN_1,I,2348.1001105209516,GRAV_DISEÑO,I,2348.1001105209516,GRAV_DISEÑO,I,4.13561429024222,GRAV_DISEÑO,I,6868.15158317303,GRAV_DISEÑO,I,2.3363751695274064e-15,SISMO_DOWN_1,I,6868.15158317303,GRAV_DISEÑO,I
155,CONTRAVIENTO,Contraviento_1,ORC 114 x 5.3,4.49728807171611,109556.61772150172,SISMO_DOWN_1,I,0.42713931227535534,SISMO_DOWN_1,I,110897.06838762846,SISMO_DOWN_1,I,110897.06838845107,SISMO_DOWN_1,I,0.0,,,0.0,,,0.0,,,0.0,,
156,CONTRAVIENTO,Contraviento_1,ORC 114 x 5.3,4.49728807171611,116600.1160699587,SISMO_DOWN_1,I,0.46303043345338785,SISMO_DOWN_1,I,118110.53345636284,SISMO_DOWN_1,I,118110.53345727046,SISMO_DOWN_1,I,0.0,,,0.0,,,0.0,,,0.0,,
157,CONTRAVIENTO,Contraviento_1,ORC 114 x 5.3,4.203049488169274,102572.28812236186,SISMO_DOWN_1,I,0.5671179675093058,SISMO_DOWN_1,I,120396.66204044642,SISMO_DOWN_1,I,120396.6620417821,SISMO_DOWN_1,I,0.0,,,0.0,,,0.0,,,0.0,,
158,CONTRAVIENTO,Contraviento_1,ORC 114 x 5.3,4.203049488169274,101835.18137920611,SISMO_DOWN_1,I,0.5906695129089712,SISMO_DOWN_1,I,119630.27446763257,SISMO_DOWN_1,I,119630.27446909077,SISMO_DOWN_1,I,0.0,,,0.0,,,0.0,,,0.0,,
159,CONTRAVIENTO,Contraviento_1,ORC 114 x 5.3,4.455333881989093,4.724645053948427,SISMO_DOWN_1,I,38705.9521185084,SISMO_DOWN_1,I,39948.4863188552,SISMO_DOWN_1,I,55624.02618085126,SISMO_DOWN_1,I,0.0,,,0.0,,,0.0,,,0.0,,
160,CONTRAVIENTO,Contraviento_1,ORC 114 x 5.3,4.455333881989093,5.465498861273935,SISMO_DOWN_1,I,41937.39717040354,SISMO_DOWN_1,I,43284.1948433554,SISMO_DOWN_1,I,60268.290208580875,SISMO_DOWN_1,I,0.0,,,0.0,,,0.0,,,0.0,,
161,CONTRAVIENTO,Contraviento_1,ORC 114 x 5.3,4.455333881989093,4.575874268717548,SISMO_DOWN_1,I,30571.020749523148,SISMO_DOWN_1,I,31552.835272134762,SISMO_DOWN_1,I,43933.68552009092,SISMO_DOWN_1,I,0.0,,,0.0,,,0.0,,,0.0,,
162,CONTRAVIENTO,Contraviento_1,ORC 114 x 5.3,4.455333881989093,5.334011290453939,SISMO_DOWN_1,I,35173.30119640151,SISMO_DOWN_1,I,36303.61261706758,SISMO_DOWN_1,I,50548.129600440094,SISMO_DOWN_1,I,0.0,,,0.0,,,0.0,,,0.0,,
163,CONTRAVIENTO,Contraviento_1,ORC 114 x 5.3,4.455333881989093,4.4789774325740614,SISMO_DOWN_1,I,38784.74141441569,SISMO_DOWN_1,I,40029.690980266976,SISMO_DOWN_1,I,55737.171856479756,SISMO_DOWN_1,I,0.0,,,0.0,,,0.0,,,0.0,,
164,CONTRAVIENTO,Contraviento_1,ORC 114 x 5.3,4.455333881989093,5.2041199623507755,SISMO_DOWN_1,I,42014.14595878708,SISMO_DOWN_1,I,43363.29342111845,SISMO_DOWN_1,I,60378.50343435384,SISMO_DOWN_1,I,0.0,,,0.0,,,0.0,,,0.0,,
165,CONTRAVIENTO,Contraviento_1,ORC 114 x 5.3,4.455333881989093,4.323603333467014,SISMO_DOWN_1,I,26119.132906873132,SISMO_DOWN_1,I,26958.621426887807,SISMO_DOWN_1,I,37536.33403843744,SISMO_DOWN_1,I,0.0,,,0.0,,,0.0,,,0.0,,
166,CONTRAVIENTO,Contraviento_1,ORC 114 x 5.3,4.455333881989093,5.06123310877669,SISMO_DOWN_1,I,30720.139647499193,SISMO_DOWN_1,I,31708.077781150125,SISMO_DOWN_1,I,44148.94309649233,SISMO_DOWN_1,I,0.0,,,0.0,,,0.0,,,0.0,,
167,CONTRAVIENTO,Contraviento_1,ORC 114 x 5.3,4.49728807171611,109528.21451684687,SISMO_DOWN_1,I,0.43368732871910326,SISMO_DOWN_1,I,110869.544188001,SISMO_DOWN_1,I,110869.54418884924,SISMO_DOWN_1,I,0.0,,,0.0,,,0.0,,,0.0,,
168,CONTRAVIENTO,Contraviento_1,ORC 114 x 5.3,4.49728807171611,114777.37896002221,SISMO_DOWN_1,I,0.4577148442559157,SISMO_DOWN_1,I,116262.88469615526,SISMO_DOWN_1,I,116262.88469705624,SISMO_DOWN_1,I,0.0,,,0.0,,,0.0,,,0.0,,
169,CONTRAVIENTO,Contraviento_1,ORC 114 x 5.3,4.206292904684598,102780.37256520509,SISMO_DOWN_1,I,0.5819419392742041,SISMO_DOWN_1,I,120421.62573523044,SISMO_DOWN_1,I,120421.62573663656,SISMO_DOWN_1,I,0.0,,,0.0,,,0.0,,,0.0,,
170,CONTRAVIENTO,Contraviento_1,ORC 114 x 5.3,4.199809519490141,100810.18892484515,SISMO_DOWN_1,I,0.5919047177138836,SISMO_DOWN_1,I,118641.99887885734,SISMO_DOWN_1,I,118641.99888033385,SISMO_DOWN_1,I,0.0,,,0.0,,,0.0,,,0.0,,
201,COLUMNA,Columna_1,ORC 203 x 9.5,3.2,312529.78405408916,SISMO_DOWN_1,I,389.22199337484176,SISMO_DOWN_1,I,1097.9665899456802,SISMO_DOWN_1,I,1164.9138992919738,SISMO_DOWN_1,I,10.931709780832334,SISMO_DOWN_1,I,1858.9667990013809,SISMO_DOWN_1,J,854.4851369868113,SISMO_DOWN_1,J,2045.9478021496077,SISMO_DOWN_1,J
202,COLUMNA,Columna_1,ORC 203 x 9.5,3.2,438725.3811859437,SISMO_DOWN_1,I,2529.160608686226,SISMO_DOWN_1,I,440.2914552450756,SISMO_DOWN_1,I,2567.1988528534184,SISMO_DOWN_1,I,10.931709780832334,SISMO_DOWN_1,I,765.1202846892095,SISMO_DOWN_1,J,4201.366271448803,SISMO_DOWN_1,J,4270.466906195447,SISMO_DOWN_1,J
203,COLUMNA,Columna_1,ORC 203 x 9.5,3.2,382818.95666735986,SISMO_DOWN_1,I,2883.49074300876,SISMO_DOWN_1,I,212.5048767293972,SISMO_UP_1,I,2889.201149064322,SISMO_DOWN_1,I,10.93170978083231,SISMO_DOWN_1,I,396.42672786472616,SISMO_UP_1,J,4765.117508334978,SISMO_DOWN_1,I,4771.169536806802,SISMO_DOWN_1,I
204,COLUMNA,Columna_1,ORC 203 x 9.5,3.2,286237.7553594398,SISMO_DOWN_1,I,135.46346825604223,SISMO_UP_1,I,1277.395437423788,SISMO_DOWN_1,I,1282.464207868643,SISMO_DOWN_1,I,10.931709780832334,SISMO_DOWN_1,I,2157.992315597289,SISMO_DOWN_1,I,241.55782587083732,SISMO_UP_1,J,2164.3329835957143,SISMO_DOWN_1,I
205,COLUMNA,Columna_1,ORC 203 x 9.5,3.2,357662.15070462885,GRAV_DISEÑO,I,226.78094141471786,SISMO_DOWN_1,I,1246.18207193752,SISMO_UP_1,I,1262.1518337541195,SISMO_UP_1,I,10.931709780832334,SISMO_DOWN_1,I,2088.3612372770735,SISMO_UP_1,I,472.4623512982626,SISMO_DOWN_1,I,2127.0016128578536,SISMO_UP_1,I
206,COLUMNA,Columna_2,ORC 305 x 12.7,3.2,774567.7275191817,GRAV_DISEÑO,I,23667.420443375486,GRAV_DISEÑO,I,518.0938362324376,SISMO_DOWN_1,I,23671.199333665012,GRAV_DISEÑO,I,49.73922205127393,SISMO_DOWN_1,I,940.9691206915448,SISMO_DOWN_1,I,38950.880942088246,GRAV_DISEÑO,I,38960.66010844038,GRAV_DISEÑO,I
207,COLUMNA,Columna_2,ORC 305 x 12.7,3.2,561277.0632817562,GRAV_DISEÑO,I,10706.59105430534,SISMO_DOWN_1,I,14749.029038831919,GRAV_DISEÑO,I,18026.197854055063,GRAV_DISEÑO,I,49.73922205127403,SISMO_DOWN_1,I,24030.729200269165,GRAV_DISEÑO,I,18245.51413946401,SISMO_DOWN_1,I,29473.797006623685,GRAV_DISEÑO,I
208,COLUMNA,Columna_1,ORC 203 x 9.5,3.2,260493.35947867113,GRAV_DISEÑO,I,6207.70544714135,GRAV_DISEÑO,I,1576.0940119930874,SISMO_DOWN_1,I,6212.043350245069,GRAV_DISEÑO,I,10.931709780832334,SISMO_DOWN_1,I,2636.539732823292,SISMO_DOWN_1,I,10069.760885747211,GRAV_DISEÑO,I,10077.318126800292,GRAV_DISEÑO,I
209,COLUMNA,Columna_1,ORC 203 x 9.5,3.2,341404.66765438317,GRAV_DISEÑO,I,385.26244649463223,SISMO_DOWN_1,I,1293.6437835831523,SISMO_UP_1,I,1337.5101158454931,SISMO_DOWN_1,I,10.931709780832334,SISMO_DOWN_1,I,2170.453598038266,SISMO_UP_1,I,807.7215229554428,GRAV_DISEÑO,I,2278.302187823375,SISMO_DOWN_1,I
210,COLUMNA,Columna_2,ORC 305 x 12.7,3.2,738182.5871570458,GRAV_DISEÑO,I,19800.38522671056,GRAV_DISEÑO,I,519.1010394157892,SISMO_DOWN_1,I,19805.131072804004,GRAV_DISEÑO,I,49.73922205127393,SISMO_DOWN_1,I,923.0428771652716,SISMO_DOWN_1,I,32657.465166918337,GRAV_DISEÑO,I,32669.000251280457,GRAV_DISEÑO,I
211,COLUMNA,Columna_2,ORC 305 x 12.7,3.2,384611.8728868659,GRAV_DISEÑO,I,9496.512796209661,SISMO_DOWN_1,I,358.3044312056276,SISMO_DOWN_1,I,9503.269824328647,SISMO_DOWN_1,I,49.73922205127388,SISMO_DOWN_1,I,811.533221450971,SISMO_DOWN_1,J,16188.268345972843,SISMO_DOWN_1,I,16191.76683105395,SISMO_DOWN_1,I
212,COLUMNA,Columna_1,ORC 203 x 9.5,3.2,159505.63514532507,GRAV_DISEÑO,I,221.78290010935584,SISMO_DOWN_1,I,1578.4301783743367,SISMO_DOWN_1,I,1593.935219130237,SISMO_DOWN_1,I,10.931709780832334,SISMO_DOWN_1,I,2630.574659243157,SISMO_DOWN_1,I,587.2942058414818,SISMO_DOWN_1,J,2634.73359430053,SISMO_DOWN_1,I
213,COLUMNA,Columna_1,ORC 203 x 9.5,3.2,329511.41824717255,SISMO_DOWN_1,I,484.0510653173984,SISMO_DOWN_1,I,1144.4343259183606,SISMO_DOWN_1,I,1242.5921938331662,SISMO_DOWN_1,I,10.931709780832334,SISMO_DOWN_1,I,1899.31844664417,SISMO_DOWN_1,J,954.2275005669718,SISMO_DOWN_1,J,2125.5495017997378,SISMO_DOWN_1,J
214,COLUMNA,Columna_1,ORC 203 x 9.5,3.2,430688.66117844795,SISMO_DOWN_1,I,2457.1713449982194,SISMO_DOWN_1,I,624.1660474564582,SISMO_DOWN_1,I,2535.2069488461443,SISMO_DOWN_1,I,10.931709780832334,SISMO_DOWN_1,I,999.9133279995025,SISMO_DOWN_1,J,4104.425963868845,SISMO_DOWN_1,I,4223.895018787995,SISMO_DOWN_1,I
215,COLUMNA,Columna_1,ORC 203 x 9.5,3.2,390732.10064123396,SISMO_DOWN_1,I,2714.302212906073,SISMO_DOWN_1,I,523.7003943280926,SISMO_DOWN_1,I,2764.362242182852,SISMO_DOWN_1,I,10.931709780832323,SISMO_DOWN_1,I,864.3158744646963,SISMO_DOWN_1,I,4481.25351204734,SISMO_DOWN_1,I,4563.844319221274,SISMO_DOWN_1,I
216,COLUMNA,Columna_1,ORC 203 x 9.5,3.2,293303.81285824574,SISMO_DOWN_1,I,444.6760852047525,SISMO_DOWN_1,I,1188.3069948866766,SISMO_DOWN_1,I,1268.783013304335,SISMO_DOWN_1,I,10.931709780832334,SISMO_DOWN_1,I,1986.8593207812548,SISMO_DOWN_1,I,841.3913392956048,SISMO_DOWN_1,J,2093.1422319727685,SISMO_DOWN_1,J
217,VIGA,Viga_1,IR 203 x 31.3,3.16,0.0,,,2.0717055780796427e-14,GRAV_DISEÑO,I,1876.5960971622956,SISMO_DOWN_1,I,1876.5960971622956,SISMO_DOWN_1,I,0.09548326051373776,SISMO_DOWN_1,I,3780.0914485921026,SISMO_DOWN_1,I,3.273294813365836e-14,GRAV_DISEÑO,I,3780.0914485921026,SISMO_DOWN_1,I
218,VIGA,Viga_1,IR 203 x 31.3,3.16,0.0,,,1.4186878189969824e-14,SISMO_DOWN_5,I,1735.573292813797,SISMO_DOWN_1,J,1735.573292813797,SISMO_DOWN_1,J,0.09548326051373773,SISMO_DOWN_1,I,2935.5849686888523,SISMO_DOWN_1,J,2.2415267540152323e-14,SISMO_DOWN_5,I,2935.5849686888523,SISMO_DOWN_1,J
219,VIGA,Viga_1,IR 203 x 31.3,3.1,0.0,,,2.7347441330003528e-14,SISMO_DOWN_1,I,1363.0302588262714,GRAV_DISEÑO,I,1363.0302588262714,GRAV_DISEÑO,I,0.20368551543294716,SISMO_DOWN_1,I,1734.4250192609588,SISMO_DOWN_1,I,4.238853406150549e-14,SISMO_DOWN_1,I,1734.4250192609588,SISMO_DOWN_1,I
220,VIGA,Viga_1,IR 203 x 31.3,3.1,0.0,,,2.734691914469172e-14,SISMO_UP_1,I,1111.8169211737286,GRAV_DISEÑO,J,1111.8169211737286,GRAV_DISEÑO,J,0.20368551543294788,SISMO_DOWN_1,I,1142.3481065818273,SISMO_DOWN_1,J,4.2387724674272184e-14,SISMO_UP_1,I,1142.3481065818273,SISMO_DOWN_1,J
221,VIGA,Viga_1,IR 203 x 31.3,5.300000000000001,0.0,,,2.062094162240008e-15,GRAV_DISEÑO,I,3267.0659390424007,SISMO_DOWN_1,J,3267.0659390424007,SISMO_DOWN_1,J,0.12362150256555215,SISMO_DOWN_1,I,7098.607580589323,SISMO_DOWN_1,J,5.464549529936021e-15,GRAV_DISEÑO,I,7098.607580589323,SISMO_DOWN_1,J
222,VIGA,Viga_1,IR 203 x 31.3,6.2,0.0,,,6.406041641130444e-15,SISMO_DOWN_1,I,1321.3232627009797,SISMO_DOWN_1,J,1321.3232627009797,SISMO_DOWN_1,J,0.8959695341357574,SISMO_DOWN_1,I,1919.5418014174368,SISMO_DOWN_1,J,1.9858729087504385e-14,SISMO_DOWN_1,I,1919.5418014174368,SISMO_DOWN_1,J
223,VIGA,Viga_1,IR 203 x 31.3,2.7249999999999996,0.0,,,1.7829910426532628e-14,GRAV_DISEÑO,I,1641.0377656599703,SISMO_DOWN_1,I,1641.0377656599703,SISMO_DOWN_1,I,0.06461768221728537,SISMO_DOWN_1,I,2526.5791036338596,SISMO_UP_1,I,2.4293252956150704e-14,GRAV_DISEÑO,I,2526.5791036338596,SISMO_UP_1,I
224,VIGA,Viga_1,IR 203 x 31.3,2.7249999999999996,0.0,,,4.791788427130644e-14,GRAV_DISEÑO,I,2008.355517132166,SISMO_DOWN_1,J,2008.355517132166,SISMO_DOWN_1,J,0.06461768221728542,SISMO_DOWN_1,I,3977.187610454024,SISMO_DOWN_1,J,6.528811731965502e-14,GRAV_DISEÑO,I,3977.187610454024,SISMO_DOWN_1,J
225,VIGA,Viga_1,IR 203 x 31.3,6.2,0.0,,,6.406041641130444e-15,SISMO_DOWN_1,I,1671.4652189200067,GRAV_DISEÑO,J,1671.4652189200067,GRAV_DISEÑO,J,0.5315321096124143,SISMO_DOWN_1,I,3073.0047381513727,SISMO_DOWN_1,J,1.9858729087504385e-14,SISMO_DOWN_1,I,3073.0047381513727,SISMO_DOWN_1,J
226,VIGA,Viga_1,IR 203 x 31.3,3.1,0.0,,,2.7347441330003528e-14,SISMO_DOWN_1,I,723.2437530696218,SISMO_DOWN_1,I,723.2437530696218,SISMO_DOWN_1,I,0.1668703843255569,SISMO_DOWN_1,I,623.8164990029023,SISMO_UP_1,I,4.238853406150549e-14,SISMO_DOWN_1,I,623.8164990029023,SISMO_UP_1,I
227,VIGA,Viga_1,IR 203 x 31.3,3.1,0.0,,,2.734691914469172e-14,SISMO_UP_1,I,1826.881291600241,GRAV_DISEÑO,J,1826.881291600241,GRAV_DISEÑO,J,0.1668703843255569,SISMO_DOWN_1,I,3731.30827211977,GRAV_DISEÑO,J,4.2387724674272184e-14,SISMO_UP_1,I,3731.30827211977,GRAV_DISEÑO,J
228,VIGA,Viga_1,IR 203 x 31.3,6.32,0.0,,,2.078160208427532e-15,SISMO_DOWN_5,I,2711.9665273491864,SISMO_DOWN_1,J,2711.9665273491864,SISMO_DOWN_1,J,0.05891550662789021,SISMO_DOWN_1,I,6753.46046626693,SISMO_DOWN_1,J,6.5669862586310034e-15,SISMO_DOWN_5,I,6753.46046626693,SISMO_DOWN_1,J
229,VIGA,Viga_1,IR 203 x 31.3,6.1000000000000005,0.0,,,3.962892344676283e-15,SISMO_DOWN_1,I,1290.9284808958735,GRAV_DISEÑO,J,1290.9284808958735,GRAV_DISEÑO,J,0.011272715435660942,SISMO_DOWN_1,I,1478.545964074145,GRAV_DISEÑO,J,1.2086821651262665e-14,SISMO_DOWN_1,I,1478.545964074145,GRAV_DISEÑO,J
230,VIGA,Viga_1,IR 203 x 31.3,1.5,0.0,,,1.1825909345827068e-13,SISMO_DOWN_1,I,76116.86289397057,GRAV_DISEÑO,I,76116.86289397057,GRAV_DISEÑO,I,52.84526763526241,GRAV_DISEÑO,I,70719.91574601815,GRAV_DISEÑO,I,8.869432009370301e-14,SISMO_DOWN_1,I,70719.91574601815,GRAV_DISEÑO,I
231,VIGA,Viga_1,IR 203 x 31.3,3.8000000000000007,0.0,,,6.876639297663846e-15,GRAV_SERVICIO,I,20152.471669197545,GRAV_DISEÑO,J,20152.471669197545,GRAV_DISEÑO,J,20.073346491744623,GRAV_DISEÑO,I,42959.42626134396,GRAV_DISEÑO,I,1.306561466556131e-14,GRAV_SERVICIO,I,42959.42626134396,GRAV_DISEÑO,I
232,VIGA,Viga_1,IR 203 x 31.3,6.1000000000000005,0.0,,,3.962892344676283e-15,SISMO_DOWN_1,I,1335.8540607864848,GRAV_DISEÑO,J,1335.8540607864848,GRAV_DISEÑO,J,0.14182147923517438,GRAV_DISEÑO,I,1597.657692531556,GRAV_DISEÑO,J,1.2086821651262665e-14,SISMO_DOWN_1,I,1597.657692531556,GRAV_DISEÑO,J
233,VIGA,Viga_1,IR 203 x 31.3,5.449999999999999,0.0,,,4.8912483189968634e-15,SISMO_DOWN_1,I,2719.110585834763,SISMO_DOWN_1,I,2719.110585834763,SISMO_DOWN_1,I,0.5208209790326933,GRAV_DISEÑO,I,5992.821401102812,SISMO_DOWN_1,I,1.3328651669266454e-14,SISMO_DOWN_1,I,5992.821401102812,SISMO_DOWN_1,I
234,VIGA,Viga_1,IR 203 x 31.3,6.32,0.0,,,2.078160208427532e-15,SISMO_DOWN_5,I,2642.054649960193,SISMO_DOWN_1,J,2642.054649960193,SISMO_DOWN_1,J,0.04270923388292358,SISMO_DOWN_1,I,6463.735911505836,SISMO_DOWN_1,J,6.5669862586310034e-15,SISMO_DOWN_5,I,6463.735911505836,SISMO_DOWN_1,J
235,VIGA,Viga_1,IR 203 x 31.3,3.0999999999999996,0.0,,,1.359150525759143e-13,SISMO_DOWN_1,I,1061.213281688188,GRAV_DISEÑO,I,1061.213281688188,GRAV_DISEÑO,I,0.15721139738924564,SISMO_DOWN_1,I,993.2156204678337,SISMO_DOWN_1,I,2.1066833149266712e-13,SISMO_DOWN_1,I,993.2156204678337,SISMO_DOWN_1,I
236,VIGA,Viga_1,IR 203 x 31.3,3.0999999999999996,0.0,,,2.878278721984622e-14,SISMO_DOWN_1,I,1413.6338983118117,GRAV_DISEÑO,J,1413.6338983118117,GRAV_DISEÑO,J,0.15721139738887707,SISMO_DOWN_1,I,1825.3795083142707,SISMO_DOWN_1,J,4.4613320190761625e-14,SISMO_DOWN_1,I,1825.3795083142707,SISMO_DOWN_1,J
237,VIGA,Viga_1,IR 203 x 31.3,1.5,0.0,,,1.1825909345827068e-13,SISMO_DOWN_1,I,63979.40309447336,GRAV_DISEÑO,I,63979.40309447336,GRAV_DISEÑO,I,41.14884690961119,GRAV_DISEÑO,I,59077.763114586705,GRAV_DISEÑO,I,8.869432009370301e-14,SISMO_DOWN_1,I,59077.763114586705,GRAV_DISEÑO,I
238,VIGA,Viga_1,IR 203 x 31.3,3.8000000000000007,0.0,,,6.876639297663846e-15,GRAV_SERVICIO,I,17338.769339939427,GRAV_DISEÑO,J,17338.769339939427,GRAV_DISEÑO,J,16.308618598525168,GRAV_DISEÑO,I,36428.394161662385,GRAV_DISEÑO,I,1.306561466556131e-14,GRAV_SERVICIO,I,36428.394161662385,GRAV_DISEÑO,I
239,VIGA,Viga_1,IR 203 x 31.3,6.199999999999999,0.0,,,1.446563373703964e-14,SISMO_DOWN_1,I,1328.6479244152292,SISMO_DOWN_1,J,1328.6479244152292,SISMO_DOWN_1,J,0.8222067803495996,SISMO_DOWN_1,I,1897.832195417395,SISMO_DOWN_1,J,4.484346458482287e-14,SISMO_DOWN_1,I,1897.832195417395,SISMO_DOWN_1,J
240,VIGA,Viga_1,IR 203 x 31.3,5.449999999999999,0.0,,,4.8912483189968634e-15,SISMO_DOWN_1,I,2688.4607626771344,SISMO_DOWN_1,I,2688.4607626771344,SISMO_DOWN_1,I,0.12332937132624458,SISMO_DOWN_1,I,5880.925848734274,SISMO_DOWN_1,I,1.3328651669266454e-14,SISMO_DOWN_1,I,5880.925848734274,SISMO_DOWN_1,I
241,VIGA,Viga_1,IR 203 x 31.3,6.199999999999999,0.0,,,1.446563373703964e-14,SISMO_DOWN_1,I,1347.9597011224917,SISMO_DOWN_1,I,1347.9597011224917,SISMO_DOWN_1,I,0.49299414695780414,SISMO_DOWN_1,I,1998.1138018985364,SISMO_DOWN_1,I,4.484346458482287e-14,SISMO_DOWN_1,I,1998.1138018985364,SISMO_DOWN_1,I
242,VIGA,Viga_1,IR 203 x 31.3,3.0999999999999996,0.0,,,1.359150525759143e-13,SISMO_DOWN_1,I,1181.2674986880352,GRAV_DISEÑO,I,1181.2674986880352,GRAV_DISEÑO,I,0.17574086441861464,SISMO_DOWN_1,I,1218.9968456291651,SISMO_DOWN_1,I,2.1066833149266712e-13,SISMO_DOWN_1,I,1218.9968456291651,SISMO_DOWN_1,I
243,VIGA,Viga_1,IR 203 x 31.3,3.0999999999999996,0.0,,,2.878278721984622e-14,SISMO_DOWN_1,I,1293.5796813119641,GRAV_DISEÑO,J,1293.5796813119641,GRAV_DISEÑO,J,0.17574086441861425,SISMO_DOWN_1,I,1491.7459330034799,SISMO_DOWN_1,J,4.4613320190761625e-14,SISMO_DOWN_1,I,1491.7459330034799,SISMO_DOWN_1,J
244,VIGA,Viga_1,IR 203 x 31.3,3.16,0.0,,,2.0717055780796427e-14,GRAV_DISEÑO,I,1875.6171301373934,SISMO_DOWN_1,I,1875.6171301373934,SISMO_DOWN_1,I,0.12339698172800952,SISMO_DOWN_1,I,3781.9593957746483,SISMO_DOWN_1,I,3.273294813365836e-14,GRAV_DISEÑO,I,3781.9593957746483,SISMO_DOWN_1,I
245,VIGA,Viga_1,IR 203 x 31.3,3.16,0.0,,,1.4186878189969824e-14,SISMO_DOWN_5,I,1709.5381311465378,SISMO_DOWN_1,J,1709.5381311465378,SISMO_DOWN_1,J,0.12339698172800952,SISMO_DOWN_1,I,2864.6274936091854,SISMO_DOWN_1,J,2.2415267540152323e-14,SISMO_DOWN_5,I,2864.6274936091854,SISMO_DOWN_1,J
246,VIGA,Viga_1,IR 203 x 31.3,5.300000000000001,0.0,,,2.062094162240008e-15,GRAV_DISEÑO,I,3144.5735680954035,SISMO_DOWN_1,J,3144.5735680954035,SISMO_DOWN_1,J,0.12195303915488033,SISMO_DOWN_1,I,6777.108839804857,SISMO_DOWN_1,J,5.464549529936021e-15,GRAV_DISEÑO,I,6777.108839804857,SISMO_DOWN_1,J
247,VIGA,Viga_1,IR 203 x 31.3,2.7299999999999986,0.0,,,3.2198444814431485e-14,GRAV_SERVICIO,I,1667.5875725971737,SISMO_DOWN_1,I,1667.5875725971737,SISMO_DOWN_1,I,0.11459779483245919,SISMO_DOWN_1,I,2582.700715041277,SISMO_DOWN_1,I,4.3950877171698957e-14,GRAV_SERVICIO,I,2582.700715041277,SISMO_DOWN_1,I
248,VIGA,Viga_1,IR 203 x 31.3,2.7200000000000006,0.0,,,4.921268499679775e-14,GRAV_DISEÑO,I,1947.9092779909815,SISMO_DOWN_1,J,1947.9092779909815,SISMO_DOWN_1,J,0.11459779483246657,SISMO_DOWN_1,I,3799.779654055072,SISMO_DOWN_1,J,6.692925159564495e-14,GRAV_DISEÑO,I,3799.779654055072,SISMO_DOWN_1,J
249,VIGA,Viga_1,IR 203 x 31.3,1.5,0.0,,,8.271582957054698e-13,SISMO_DOWN_1,I,20590.143518168174,GRAV_DISEÑO,I,20590.143518168174,GRAV_DISEÑO,I,46.88732109374015,GRAV_DISEÑO,I,30363.231650625203,GRAV_DISEÑO,J,6.203687217791022e-13,SISMO_DOWN_1,I,30363.231650625203,GRAV_DISEÑO,J
250,VIGA,Viga_1,IR 203 x 31.3,4.6000000000000005,0.0,,,3.1298347893388116e-14,SISMO_DOWN_1,I,7531.698264412755,GRAV_DISEÑO,J,7531.698264412755,GRAV_DISEÑO,J,13.882352960929309,GRAV_DISEÑO,I,30365.14758879054,GRAV_DISEÑO,I,7.198620015479269e-14,SISMO_DOWN_1,I,30365.14758879054,GRAV_DISEÑO,I
251,VIGA,Viga_1,IR 203 x 31.3,3.799999999999999,0.0,,,4.6563205587349225e-15,SISMO_UP_1,I,2598.354702419131,GRAV_DISEÑO,J,2598.354702419131,GRAV_DISEÑO,J,1.915938165385063,GRAV_DISEÑO,I,6930.978737138024,GRAV_DISEÑO,J,8.847009061596349e-15,SISMO_UP_1,I,6930.978737138024,GRAV_DISEÑO,J
252,VIGA,Viga_1,IR 203 x 31.3,1.5,1.4775133143973915e-11,SISMO_DOWN_1,I,8.271567272368319e-13,SISMO_DOWN_1,I,30565.19113147995,GRAV_DISEÑO,I,30565.19113147995,GRAV_DISEÑO,I,13.43867277671262,SISMO_DOWN_1,I,45392.632385944446,GRAV_DISEÑO,I,6.203675454276238e-13,SISMO_DOWN_1,I,45392.632385944446,GRAV_DISEÑO,I
253,VIGA,Viga_1,IR 203 x 31.3,1.5,0.0,,,8.271582957054698e-13,SISMO_DOWN_1,I,15104.88580593915,GRAV_DISEÑO,I,15104.88580593915,GRAV_DISEÑO,I,4.1682983549162484,SISMO_DOWN_1,I,22212.437057018844,GRAV_DISEÑO,I,6.203687217791022e-13,SISMO_DOWN_1,I,22212.437057018844,GRAV_DISEÑO,I
254,VIGA,Viga_1,IR 203 x 31.3,5.450000000000001,0.0,,,4.457477606633154e-15,GRAV_DISEÑO,I,2357.5420340608534,GRAV_DISEÑO,I,2357.5420340608534,GRAV_DISEÑO,I,4.173360610120205,GRAV_DISEÑO,I,6919.693595439752,GRAV_DISEÑO,I,1.2146626478075347e-14,GRAV_DISEÑO,I,6919.693595439752,GRAV_DISEÑO,I
255,CONTRAVIENTO,Contraviento_1,ORC 114 x 5.3,4.49728807171611,102447.15348484376,SISMO_DOWN_1,I,1.0578556315043768,SISMO_DOWN_1,I,103817.28994647479,SISMO_DOWN_1,I,103817.28995186435,SISMO_DOWN_1,I,0.0,,,0.0,,,0.0,,,0.0,,
256,CONTRAVIENTO,Contraviento_1,ORC 114 x 5.3,4.49728807171611,114954.24775931625,SISMO_DOWN_1,I,2.1139153409264573,GRAV_DISEÑO,I,116324.74621649976,SISMO_DOWN_1,I,116324.74622394836,SISMO_DOWN_1,I,0.0,,,0.0,,,0.0,,,0.0,,
257,CONTRAVIENTO,Contraviento_1,ORC 114 x 5.3,4.203049488169274,107040.28833255432,SISMO_DOWN_1,I,3.174014715291858,GRAV_DISEÑO,I,125770.87402193525,SISMO_DOWN_1,I,125770.87403745543,SISMO_DOWN_1,I,0.0,,,0.0,,,0.0,,,0.0,,
258,CONTRAVIENTO,Contraviento_1,ORC 114 x 5.3,4.203049488169274,81111.79447341406,SISMO_DOWN_1,I,1.1667682266263244,SISMO_DOWN_1,I,95165.31305087371,SISMO_DOWN_1,I,95165.31305802625,SISMO_DOWN_1,I,0.0,,,0.0,,,0.0,,,0.0,,
259,CONTRAVIENTO,Contraviento_1,ORC 114 x 5.3,4.455333881989093,16.80246498877989,SISMO_DOWN_1,I,40737.92513379767,SISMO_DOWN_1,I,42053.49105830176,SISMO_DOWN_1,I,58549.762206157335,SISMO_DOWN_1,I,0.0,,,0.0,,,0.0,,,0.0,,
260,CONTRAVIENTO,Contraviento_1,ORC 114 x 5.3,4.455333881989093,3.5635688537456853,SISMO_DOWN_1,I,52015.74230097734,GRAV_DISEÑO,I,53671.68433064789,GRAV_DISEÑO,I,74741.46871724156,GRAV_DISEÑO,I,0.0,,,0.0,,,0.0,,,0.0,,
261,CONTRAVIENTO,Contraviento_1,ORC 114 x 5.3,4.455333881989093,16.689679361886373,SISMO_DOWN_1,I,45052.04177460885,SISMO_DOWN_1,I,46501.324640483006,SISMO_DOWN_1,I,64746.11695986635,SISMO_DOWN_1,I,0.0,,,0.0,,,0.0,,,0.0,,
262,CONTRAVIENTO,Contraviento_1,ORC 114 x 5.3,4.455333881989093,3.084081494575889,SISMO_DOWN_1,I,29523.91715204334,GRAV_DISEÑO,I,30466.42217428174,GRAV_DISEÑO,I,42424.8107138062,GRAV_DISEÑO,I,0.0,,,0.0,,,0.0,,,0.0,,
263,CONTRAVIENTO,Contraviento_1,ORC 114 x 5.3,4.455333881989093,2.4851598420249945,SISMO_DOWN_1,I,57398.741289665995,GRAV_DISEÑO,I,59231.519635406104,GRAV_DISEÑO,I,82480.23047953677,GRAV_DISEÑO,I,0.0,,,0.0,,,0.0,,,0.0,,
264,CONTRAVIENTO,Contraviento_1,ORC 114 x 5.3,4.455333881989093,14.826091260834014,SISMO_DOWN_1,I,35551.16233396081,SISMO_DOWN_1,I,36698.5840201148,SISMO_DOWN_1,I,51094.72783347671,SISMO_DOWN_1,I,0.0,,,0.0,,,0.0,,,0.0,,
265,CONTRAVIENTO,Contraviento_1,ORC 114 x 5.3,4.455333881989093,2.0234978624381723,SISMO_DOWN_1,I,27461.203227699974,GRAV_DISEÑO,I,28345.50936928106,GRAV_DISEÑO,I,39466.258805681595,GRAV_DISEÑO,I,0.0,,,0.0,,,0.0,,,0.0,,
266,CONTRAVIENTO,Contraviento_1,ORC 114 x 5.3,4.455333881989093,14.530757006041588,SISMO_DOWN_1,I,34793.050984053225,SISMO_DOWN_1,I,35909.71959397079,SISMO_DOWN_1,I,50000.64357682346,SISMO_DOWN_1,I,0.0,,,0.0,,,0.0,,,0.0,,
267,CONTRAVIENTO,Contraviento_1,ORC 114 x 5.3,4.49728807171611,99978.78013009929,SISMO_DOWN_1,I,1.0259299259949781,SISMO_DOWN_1,I,101314.2783592906,SISMO_DOWN_1,I,101314.278364485,SISMO_DOWN_1,I,0.0,,,0.0,,,0.0,,,0.0,,
268,CONTRAVIENTO,Contraviento_1,ORC 114 x 5.3,4.49728807171611,115863.7941695452,SISMO_DOWN_1,I,2.243331464806148,GRAV_DISEÑO,I,117248.97540264935,SISMO_DOWN_1,I,117248.97541094903,SISMO_DOWN_1,I,0.0,,,0.0,,,0.0,,,0.0,,
269,CONTRAVIENTO,Contraviento_1,ORC 114 x 5.3,4.206292904684598,103956.44892589803,SISMO_DOWN_1,I,3.0000573977703393,GRAV_DISEÑO,I,121921.8728963599,SISMO_DOWN_1,I,121921.87291068047,SISMO_DOWN_1,I,0.0,,,0.0,,,0.0,,,0.0,,
270,CONTRAVIENTO,Contraviento_1,ORC 114 x 5.3,4.199809519490141,83773.93528177422,SISMO_DOWN_1,I,1.4346225908981778,GRAV_DISEÑO,I,98474.92556467607,SISMO_DOWN_1,I,98474.92557478545,SISMO_DOWN_1,I,0.0,,,0.0,,,0.0,,,0.0,,
301,COLUMNA,Columna_1,ORC 203 x 9.5,3.200000000000001,152434.95801805408,GRAV_DISEÑO,I,422.44102414126115,SISMO_DOWN_1,I,1335.6280649463092,SISMO_DOWN_1,I,1400.8421562580631,SISMO_DOWN_1,I,11.30420232447124,SISMO_DOWN_1,I,2221.988911893369,SISMO_DOWN_1,J,880.1073421487717,SISMO_DOWN_1,I,2275.6423145229064,SISMO_DOWN_1,I
302,COLUMNA,Columna_1,ORC 203 x 9.5,3.200000000000001,247707.51865665836,GRAV_DISEÑO,I,2654.2074049685116,SISMO_DOWN_1,I,487.94706628041126,SISMO_DOWN_1,I,2698.6865857452476,SISMO_DOWN_1,I,11.30420232447124,SISMO_DOWN_1,I,803.3062985819889,SISMO_DOWN_1,I,4515.877297102583,SISMO_DOWN_1,J,4579.077670282414,SISMO_DOWN_1,J
303,COLUMNA,Columna_1,ORC 203 x 9.5,3.200000000000001,212515.90146700825,GRAV_DISEÑO,I,3020.578841257574,SISMO_DOWN_1,I,388.07069683706135,SISMO_DOWN_1,I,3045.405621915831,SISMO_DOWN_1,I,11.30420232447124,SISMO_DOWN_1,I,679.8540316544387,SISMO_DOWN_1,J,5020.228350759095,SISMO_DOWN_1,J,5066.0531183676085,SISMO_DOWN_1,J
304,COLUMNA,Columna_1,ORC 203 x 9.5,3.200000000000001,132008.66370866707,GRAV_DISEÑO,I,308.1309522353852,SISMO_DOWN_1,I,1363.7740994488597,SISMO_DOWN_1,I,1398.150377481991,SISMO_DOWN_1,I,11.30420232447124,SISMO_DOWN_1,I,2284.614943925045,SISMO_DOWN_1,J,605.9949551896378,SISMO_DOWN_1,J,2363.6191164654524,SISMO_DOWN_1,J
305,COLUMNA,Columna_1,ORC 203 x 9.5,3.200000000000001,261807.92413876907,GRAV_DISEÑO,I,355.12811384805093,SISMO_DOWN_1,I,1637.6745425476402,SISMO_DOWN_1,I,1675.7368184037423,SISMO_DOWN_1,I,11.30420232447124,SISMO_DOWN_1,I,2881.178400895001,SISMO_DOWN_1,J,756.0027227960915,SISMO_DOWN_1,J,2978.712657283172,SISMO_DOWN_1,J
306,COLUMNA,Columna_2,ORC 305 x 12.7,3.200000000000001,516305.3134349264,GRAV_DISEÑO,I,17966.141634889867,SISMO_DOWN_1,I,264.2807230528444,SISMO_DOWN_1,I,17968.08530549375,SISMO_DOWN_1,I,51.43406116719938,SISMO_DOWN_1,I,506.0652465041695,SISMO_DOWN_1,J,30577.204153116872,GRAV_DISEÑO,I,30577.21062550221,GRAV_DISEÑO,I
307,COLUMNA,Columna_2,ORC 305 x 12.7,3.200000000000001,374621.8679886161,GRAV_DISEÑO,I,9957.779180491036,SISMO_DOWN_1,I,11213.016063419842,GRAV_DISEÑO,I,13434.976450522718,GRAV_DISEÑO,I,51.43406116719938,SISMO_DOWN_1,I,19311.851497949563,GRAV_DISEÑO,I,16125.137130436005,SISMO_DOWN_1,I,23257.858475436427,GRAV_DISEÑO,I
308,COLUMNA,Columna_1,ORC 203 x 9.5,3.200000000000001,183212.37087786867,GRAV_DISEÑO,I,5186.842420921594,GRAV_DISEÑO,I,1781.268323426012,SISMO_DOWN_1,I,5192.803373988127,GRAV_DISEÑO,I,11.30420232447124,SISMO_DOWN_1,I,3021.0771018748424,SISMO_DOWN_1,J,8685.71141881493,GRAV_DISEÑO,I,8693.814329331732,GRAV_DISEÑO,I
309,COLUMNA,Columna_1,ORC 203 x 9.5,3.200000000000001,255375.7002702224,GRAV_DISEÑO,I,411.0429917543487,SISMO_DOWN_1,I,1642.1712127961925,SISMO_DOWN_1,I,1692.8327245203182,SISMO_DOWN_1,I,11.30420232447124,SISMO_DOWN_1,I,2862.421102675933,SISMO_DOWN_1,J,808.0221254565456,GRAV_DISEÑO,J,2973.849966087206,SISMO_DOWN_1,J
310,COLUMNA,Columna_2,ORC 305 x 12.7,3.200000000000001,492042.95840842504,GRAV_DISEÑO,I,15559.100818638548,SISMO_DOWN_1,I,228.39565179779976,SISMO_DOWN_1,I,15560.777064732945,SISMO_DOWN_1,I,51.43406116719938,SISMO_DOWN_1,I,468.2254606091244,SISMO_DOWN_1,I,25517.176993604175,SISMO_DOWN_1,I,25521.47246545318,SISMO_DOWN_1,I
311,COLUMNA,Columna_2,ORC 305 x 12.7,3.200000000000001,256714.81723499688,GRAV_DISEÑO,I,9191.824313719742,SISMO_DOWN_1,I,758.2946807892166,SISMO_DOWN_1,I,9223.049660345683,SISMO_DOWN_1,I,51.43406116719938,SISMO_DOWN_1,I,1252.1244771266502,SISMO_DOWN_1,J,14890.351072760133,SISMO_DOWN_1,J,14942.903692932929,SISMO_DOWN_1,J
312,COLUMNA,Columna_1,ORC 203 x 9.5,3.200000000000001,116734.85376663464,GRAV_DISEÑO,I,279.02515710550335,SISMO_DOWN_1,I,1791.3563062795834,SISMO_DOWN_1,I,1812.9568263875958,SISMO_DOWN_1,I,11.30420232447124,SISMO_DOWN_1,I,3034.1344303072383,SISMO_DOWN_1,J,631.7681647814903,SISMO_DOWN_1,I,3045.356617199555,SISMO_DOWN_1,J
313,COLUMNA,Columna_1,ORC 203 x 9.5,3.200000000000001,161699.96877293568,GRAV_DISEÑO,I,397.0790477019095,SISMO_DOWN_1,I,1299.5219815114897,SISMO_DOWN_1,I,1358.833746473572,SISMO_DOWN_1,I,11.30420232447124,SISMO_DOWN_1,I,2147.78441805681,SISMO_DOWN_1,J,871.2191530633775,SISMO_DOWN_1,I,2233.4647176179215,SISMO_DOWN_1,I
314,COLUMNA,Columna_1,ORC 203 x 9.5,3.200000000000001,245350.33476139503,GRAV_DISEÑO,I,2660.2126261448743,SISMO_DOWN_1,I,516.6429102994979,SISMO_DOWN_1,I,2709.917178266403,SISMO_DOWN_1,I,11.30420232447124,SISMO_DOWN_1,I,897.896753171266,SISMO_DOWN_1,I,4505.532224292657,SISMO_DOWN_1,J,4568.416602346235,SISMO_DOWN_1,J
315,COLUMNA,Columna_1,ORC 203 x 9.5,3.200000000000001,218587.85166489685,GRAV_DISEÑO,I,2895.970394382348,SISMO_DOWN_1,I,361.1008188830221,SISMO_DOWN_1,I,2918.396533464402,SISMO_DOWN_1,I,11.30420232447124,SISMO_DOWN_1,I,652.5944609361522,SISMO_DOWN_1,I,4838.725889701229,SISMO_DOWN_1,J,4864.794997891515,SISMO_DOWN_1,J
316,COLUMNA,Columna_1,ORC 203 x 9.5,3.200000000000001,136120.35559404021,GRAV_DISEÑO,I,251.42906855377205,SISMO_DOWN_1,I,1329.2060253105074,SISMO_DOWN_1,I,1352.7768604746218,SISMO_DOWN_1,I,11.30420232447124,SISMO_DOWN_1,I,2237.7554095108567,SISMO_DOWN_1,J,650.4113457844927,SISMO_DOWN_1,I,2246.378633291263,SISMO_DOWN_1,J
317,VIGA,Viga_1,IR 203 x 31.3,3.16,0.0,,,2.486046693695571e-14,GRAV_DISEÑO,I,1356.0014582709964,SISMO_DOWN_1,I,1356.0014582709964,SISMO_DOWN_1,I,0.1052465402653798,SISMO_DOWN_1,I,2856.926160608577,SISMO_DOWN_1,I,3.9279537760390024e-14,GRAV_DISEÑO,I,2856.926160608577,SISMO_DOWN_1,I
318,VIGA,Viga_1,IR 203 x 31.3,3.16,0.0,,,3.314728924927428e-14,GRAV_DISEÑO,I,1113.7080770134671,SISMO_DOWN_1,I,1113.7080770134671,SISMO_DOWN_1,I,0.1052465402653798,SISMO_DOWN_1,I,1572.813737362475,SISMO_DOWN_1,J,5.2372717013853374e-14,GRAV_DISEÑO,I,1572.813737362475,SISMO_DOWN_1,J
319,VIGA,Viga_1,IR 203 x 31.3,3.1,0.0,,,1.5866331293014477e-13,SISMO_DOWN_1,I,762.6146967801394,SISMO_DOWN_1,I,762.6146967801394,SISMO_DOWN_1,I,0.08815519467784913,SISMO_DOWN_1,I,1202.1474968023294,SISMO_DOWN_1,I,2.459281350417243e-13,SISMO_DOWN_1,I,1202.1474968023294,SISMO_DOWN_1,I
320,VIGA,Viga_1,IR 203 x 31.3,3.1,0.0,,,2.075242560378944e-13,SISMO_DOWN_1,I,941.7911795379906,GRAV_DISEÑO,I,941.7911795379906,GRAV_DISEÑO,I,0.08815519467785202,SISMO_DOWN_1,I,765.2928718108275,SISMO_DOWN_1,J,3.216625968587362e-13,SISMO_DOWN_1,I,765.2928718108275,SISMO_DOWN_1,J
321,VIGA,Viga_1,IR 203 x 31.3,5.300000000000001,0.0,,,7.070037127680028e-15,GRAV_DISEÑO,I,3351.507305787101,SISMO_DOWN_1,J,3351.507305787101,SISMO_DOWN_1,J,0.08889080062502887,SISMO_DOWN_1,I,7173.07400684584,SISMO_DOWN_1,J,1.8735598388352076e-14,GRAV_DISEÑO,I,7173.07400684584,SISMO_DOWN_1,J
322,VIGA,Viga_1,IR 203 x 31.3,6.2,0.0,,,7.838724784608737e-15,SISMO_UP_1,I,1360.5215079359314,SISMO_DOWN_1,J,1360.5215079359314,SISMO_DOWN_1,J,0.513487876424559,SISMO_DOWN_1,I,2044.6922056413575,SISMO_DOWN_1,J,2.4300046832287082e-14,SISMO_UP_1,I,2044.6922056413575,SISMO_DOWN_1,J
323,VIGA,Viga_1,IR 203 x 31.3,2.7249999999999996,0.0,,,4.457477606633157e-14,GRAV_SERVICIO,I,1254.319426720354,SISMO_DOWN_1,J,1254.319426720354,SISMO_DOWN_1,J,0.06713000942793237,SISMO_DOWN_1,I,1976.2949510313556,SISMO_DOWN_1,I,6.073313239037676e-14,GRAV_SERVICIO,I,1976.2949510313556,SISMO_DOWN_1,I
324,VIGA,Viga_1,IR 203 x 31.3,2.7249999999999996,0.0,,,6.017594768954761e-14,GRAV_SERVICIO,I,1602.1341690352865,SISMO_DOWN_1,J,1602.1341690352865,SISMO_DOWN_1,J,0.06713000942793239,SISMO_DOWN_1,I,3296.3981437258662,SISMO_DOWN_1,J,8.198972872700862e-14,GRAV_SERVICIO,I,3296.3981437258662,SISMO_DOWN_1,J
325,VIGA,Viga_1,IR 203 x 31.3,6.2,0.0,,,7.838724784608737e-15,SISMO_UP_1,I,1617.8047516612655,GRAV_DISEÑO,J,1617.8047516612655,GRAV_DISEÑO,J,0.27838175439597773,SISMO_DOWN_1,I,2917.3206971222107,SISMO_DOWN_1,J,2.4300046832287082e-14,SISMO_UP_1,I,2917.3206971222107,SISMO_DOWN_1,J
326,VIGA,Viga_1,IR 203 x 31.3,3.1,0.0,,,1.5866331293014477e-13,SISMO_DOWN_1,I,772.7257725125837,SISMO_DOWN_1,I,772.7257725125837,SISMO_DOWN_1,I,0.10315100401717218,SISMO_DOWN_1,I,647.660380324677,SISMO_DOWN_1,I,2.459281350417243e-13,SISMO_DOWN_1,I,647.660380324677,SISMO_DOWN_1,I
327,VIGA,Viga_1,IR 203 x 31.3,3.1,0.0,,,2.075242560378944e-13,SISMO_DOWN_1,I,1664.9859397406183,GRAV_DISEÑO,J,1664.9859397406183,GRAV_DISEÑO,J,0.10315100401717328,SISMO_DOWN_1,I,3078.0028308212623,GRAV_DISEÑO,J,3.216625968587362e-13,SISMO_DOWN_1,I,3078.0028308212623,GRAV_DISEÑO,J
328,VIGA,Viga_1,IR 203 x 31.3,6.32,0.0,,,7.043798965470784e-15,GRAV_DISEÑO,I,2496.900160325259,SISMO_DOWN_1,J,2496.900160325259,SISMO_DOWN_1,J,0.08141657312240745,SISMO_DOWN_1,I,5894.93528019588,SISMO_DOWN_1,J,2.225840473088768e-14,GRAV_DISEÑO,I,5894.93528019588,SISMO_DOWN_1,J
329,VIGA,Viga_1,IR 203 x 31.3,6.1000000000000005,0.0,,,9.154199525241423e-15,SISMO_DOWN_1,I,1314.5886949277906,GRAV_DISEÑO,J,1314.5886949277906,GRAV_DISEÑO,J,0.025302626766287865,GRAV_DISEÑO,I,1380.6725340173552,GRAV_DISEÑO,J,2.7920308551986338e-14,SISMO_DOWN_1,I,1380.6725340173552,GRAV_DISEÑO,J
330,VIGA,Viga_1,IR 203 x 31.3,1.5,0.0,,,6.5463568591005e-13,GRAV_DISEÑO,I,76121.76812023658,GRAV_DISEÑO,I,76121.76812023658,GRAV_DISEÑO,I,52.72008969998353,GRAV_DISEÑO,I,71055.30625527265,GRAV_DISEÑO,I,4.909767644325375e-13,GRAV_DISEÑO,I,71055.30625527265,GRAV_DISEÑO,I
331,VIGA,Viga_1,IR 203 x 31.3,3.8000000000000007,0.0,,,1.9553108886378838e-14,SISMO_UP_1,I,20137.9961198286,GRAV_DISEÑO,J,20137.9961198286,GRAV_DISEÑO,J,20.33336575652832,GRAV_DISEÑO,I,42631.684540540155,GRAV_DISEÑO,I,3.715090688411979e-14,SISMO_UP_1,I,42631.684540540155,GRAV_DISEÑO,I
332,VIGA,Viga_1,IR 203 x 31.3,6.1000000000000005,0.0,,,9.154199525241423e-15,SISMO_DOWN_1,I,1369.0217372113295,GRAV_DISEÑO,J,1369.0217372113295,GRAV_DISEÑO,J,0.10152247625228655,GRAV_DISEÑO,I,1698.0447443255125,GRAV_DISEÑO,J,2.7920308551986338e-14,SISMO_DOWN_1,I,1698.0447443255125,GRAV_DISEÑO,J
333,VIGA,Viga_1,IR 203 x 31.3,5.449999999999999,0.0,,,3.679071503866156e-15,SISMO_UP_1,I,2457.3613845204295,SISMO_DOWN_1,I,2457.3613845204295,SISMO_DOWN_1,I,0.46433455838403515,GRAV_DISEÑO,I,5171.485486167701,SISMO_DOWN_1,I,1.0025469848035273e-14,SISMO_UP_1,I,5171.485486167701,SISMO_DOWN_1,I
334,VIGA,Viga_1,IR 203 x 31.3,6.32,0.0,,,7.043798965470784e-15,GRAV_DISEÑO,I,2441.901458116984,SISMO_DOWN_1,J,2441.901458116984,SISMO_DOWN_1,J,0.13799474760019304,GRAV_DISEÑO,I,5682.234582930399,SISMO_DOWN_1,J,2.225840473088768e-14,GRAV_DISEÑO,I,5682.234582930399,SISMO_DOWN_1,J
335,VIGA,Viga_1,IR 203 x 31.3,3.0999999999999996,0.0,,,1.4418153450861034e-13,SISMO_DOWN_1,I,991.8146571025327,GRAV_DISEÑO,J,991.8146571025327,GRAV_DISEÑO,J,0.11166203637092896,GRAV_DISEÑO,I,874.4519609634253,SISMO_DOWN_1,I,2.2348137848834596e-13,SISMO_DOWN_1,I,874.4519609634253,SISMO_DOWN_1,I
336,VIGA,Viga_1,IR 203 x 31.3,3.0999999999999996,0.0,,,1.7799241623333736e-13,SISMO_UP_1,I,819.1768470612736,SISMO_DOWN_1,J,819.1768470612736,SISMO_DOWN_1,J,0.11166203637092893,GRAV_DISEÑO,I,1364.7440084997172,SISMO_DOWN_1,J,2.7588824516167277e-13,SISMO_UP_1,I,1364.7440084997172,SISMO_DOWN_1,J
337,VIGA,Viga_1,IR 203 x 31.3,1.5,0.0,,,6.5463568591005e-13,GRAV_DISEÑO,I,63917.721658341405,GRAV_DISEÑO,I,63917.721658341405,GRAV_DISEÑO,I,41.22511840033997,GRAV_DISEÑO,I,59178.660944288014,GRAV_DISEÑO,I,4.909767644325375e-13,GRAV_DISEÑO,I,59178.660944288014,GRAV_DISEÑO,I
338,VIGA,Viga_1,IR 203 x 31.3,3.8000000000000007,0.0,,,1.9553108886378838e-14,SISMO_UP_1,I,17397.26644131835,GRAV_DISEÑO,J,17397.26644131835,GRAV_DISEÑO,J,16.32948027691767,GRAV_DISEÑO,I,36235.10421051754,GRAV_DISEÑO,I,3.715090688411979e-14,SISMO_UP_1,I,36235.10421051754,GRAV_DISEÑO,I
339,VIGA,Viga_1,IR 203 x 31.3,6.199999999999999,0.0,,,6.526412244334525e-15,SISMO_DOWN_1,I,1389.8697784619737,SISMO_DOWN_1,J,1389.8697784619737,SISMO_DOWN_1,J,0.48122329743753806,SISMO_DOWN_1,I,2104.2186290573795,SISMO_DOWN_1,J,2.023187795743704e-14,SISMO_DOWN_1,I,2104.2186290573795,SISMO_DOWN_1,J
340,VIGA,Viga_1,IR 203 x 31.3,5.449999999999999,0.0,,,3.679071503866156e-15,SISMO_UP_1,I,2435.5284837722033,SISMO_DOWN_1,I,2435.5284837722033,SISMO_DOWN_1,I,0.06670236120664307,SISMO_DOWN_1,I,5097.790773969878,SISMO_DOWN_1,I,1.0025469848035273e-14,SISMO_UP_1,I,5097.790773969878,SISMO_DOWN_1,I
341,VIGA,Viga_1,IR 203 x 31.3,6.199999999999999,0.0,,,6.526412244334525e-15,SISMO_DOWN_1,I,1407.6625056909998,SISMO_DOWN_1,I,1407.6625056909998,SISMO_DOWN_1,I,0.24626112633886146,SISMO_DOWN_1,I,2192.904266903101,SISMO_DOWN_1,I,2.023187795743704e-14,SISMO_DOWN_1,I,2192.904266903101,SISMO_DOWN_1,I
342,VIGA,Viga_1,IR 203 x 31.3,3.0999999999999996,0.0,,,1.4418153450861034e-13,SISMO_DOWN_1,I,738.181485449228,SISMO_DOWN_1,J,738.181485449228,SISMO_DOWN_1,J,0.06606624186413422,SISMO_DOWN_1,I,564.3332864381457,SISMO_UP_1,I,2.2348137848834596e-13,SISMO_DOWN_1,I,564.3332864381457,SISMO_UP_1,I
343,VIGA,Viga_1,IR 203 x 31.3,3.0999999999999996,0.0,,,1.7799241623333736e-13,SISMO_UP_1,I,706.8247365589713,SISMO_DOWN_1,J,706.8247365589713,SISMO_DOWN_1,J,0.06606624186413386,SISMO_DOWN_1,I,910.8616071382003,SISMO_DOWN_1,J,2.7588824516167277e-13,SISMO_UP_1,I,910.8616071382003,SISMO_DOWN_1,J
344,VIGA,Viga_1,IR 203 x 31.3,3.16,0.0,,,2.486046693695571e-14,GRAV_DISEÑO,I,1368.256644437375,SISMO_DOWN_1,I,1368.256644437375,SISMO_DOWN_1,I,0.08437086226884866,SISMO_DOWN_1,I,2889.456826778835,SISMO_DOWN_1,I,3.9279537760390024e-14,GRAV_DISEÑO,I,2889.456826778835,SISMO_DOWN_1,I
345,VIGA,Viga_1,IR 203 x 31.3,3.16,0.0,,,3.314728924927428e-14,GRAV_DISEÑO,I,1113.5462718708695,SISMO_DOWN_1,I,1113.5462718708695,SISMO_DOWN_1,I,0.08437086226884866,SISMO_DOWN_1,I,1578.5169539632204,SISMO_DOWN_1,J,5.2372717013853374e-14,GRAV_DISEÑO,I,1578.5169539632204,SISMO_DOWN_1,J
346,VIGA,Viga_1,IR 203 x 31.3,5.300000000000001,0.0,,,7.070037127680028e-15,GRAV_DISEÑO,I,3201.469321792634,SISMO_DOWN_1,J,3201.469321792634,SISMO_DOWN_1,J,0.09662300999085306,SISMO_DOWN_1,I,6778.407195569223,SISMO_DOWN_1,J,1.8735598388352076e-14,GRAV_DISEÑO,I,6778.407195569223,SISMO_DOWN_1,J
347,VIGA,Viga_1,IR 203 x 31.3,2.7299999999999986,0.0,,,5.773514242587714e-14,GRAV_SERVICIO,I,1201.0599603199644,SISMO_DOWN_1,J,1201.0599603199644,SISMO_DOWN_1,J,0.12838854638475755,SISMO_DOWN_1,I,1813.5122308618377,SISMO_DOWN_1,I,7.880846941132226e-14,GRAV_SERVICIO,I,1813.5122308618377,SISMO_DOWN_1,I
348,VIGA,Viga_1,IR 203 x 31.3,2.7200000000000006,0.0,,,7.605596772232379e-14,GRAV_SERVICIO,I,1513.220760669181,SISMO_DOWN_1,J,1513.220760669181,SISMO_DOWN_1,J,0.1283885463847274,SISMO_DOWN_1,I,3070.239909406701,SISMO_DOWN_1,J,1.0343611610236037e-13,GRAV_SERVICIO,I,3070.239909406701,SISMO_DOWN_1,J
349,VIGA,Viga_1,IR 203 x 31.3,1.5,0.0,,,1.13016499949556e-12,SISMO_DOWN_1,I,20580.57319506511,GRAV_DISEÑO,I,20580.57319506511,GRAV_DISEÑO,I,46.5963720420529,GRAV_DISEÑO,I,30348.74132464118,GRAV_DISEÑO,J,8.476237496216703e-13,SISMO_DOWN_1,I,30348.74132464118,GRAV_DISEÑO,J
350,VIGA,Viga_1,IR 203 x 31.3,4.6000000000000005,0.0,,,2.879969611276743e-14,SISMO_DOWN_1,I,7528.513929659746,GRAV_DISEÑO,J,7528.513929659746,GRAV_DISEÑO,J,13.752320206537304,GRAV_DISEÑO,I,30350.40251575758,GRAV_DISEÑO,I,6.62393010593651e-14,SISMO_DOWN_1,I,30350.40251575758,GRAV_DISEÑO,I
351,VIGA,Viga_1,IR 203 x 31.3,3.799999999999999,0.0,,,2.5214344091434136e-14,GRAV_DISEÑO,I,2611.109360275111,GRAV_DISEÑO,J,2611.109360275111,GRAV_DISEÑO,J,1.6611911163844648,GRAV_DISEÑO,I,6979.867418796833,GRAV_DISEÑO,J,4.790725377372484e-14,GRAV_DISEÑO,I,6979.867418796833,GRAV_DISEÑO,J
352,VIGA,Viga_1,IR 203 x 31.3,1.5,1.991690619523734e-12,SISMO_DOWN_1,I,1.1301620305614744e-12,SISMO_DOWN_1,I,30586.785631509978,GRAV_DISEÑO,I,30586.785631509978,GRAV_DISEÑO,I,13.527351689013356,SISMO_DOWN_1,I,45425.21309780272,GRAV_DISEÑO,I,8.476215229211062e-13,SISMO_DOWN_1,I,45425.21309780272,GRAV_DISEÑO,I
353,VIGA,Viga_1,IR 203 x 31.3,1.5,0.0,,,1.13016499949556e-12,SISMO_DOWN_1,I,15096.045963765138,GRAV_DISEÑO,I,15096.045963765138,GRAV_DISEÑO,I,3.8034733398057727,SISMO_DOWN_1,I,22199.243078993568,GRAV_DISEÑO,I,8.476237496216703e-13,SISMO_DOWN_1,I,22199.243078993568,GRAV_DISEÑO,I
354,VIGA,Viga_1,IR 203 x 31.3,5.450000000000001,0.0,,,4.457477606633154e-15,GRAV_DISEÑO,I,2366.381876234872,GRAV_DISEÑO,I,2366.381876234872,GRAV_DISEÑO,I,4.239145845866675,GRAV_DISEÑO,I,6967.845409477914,GRAV_DISEÑO,I,1.2146626478075347e-14,GRAV_DISEÑO,I,6967.845409477914,GRAV_DISEÑO,I
355,CONTRAVIENTO,Contraviento_2,ORC 89 x 4.8,4.49728807171611,77046.9080606152,SISMO_DOWN_1,I,1.0009133503966312,GRAV_DISEÑO,I,77963.59646030873,SISMO_DOWN_1,I,77963.59646288892,SISMO_DOWN_1,I,0.0,,,0.0,,,0.0,,,0.0,,
356,CONTRAVIENTO,Contraviento_2,ORC 89 x 4.8,4.49728807171611,66183.9679369692,SISMO_DOWN_1,I,0.5368349384124781,SISMO_DOWN_1,I,67077.37043849558,SISMO_DOWN_1,I,67077.37044064378,SISMO_DOWN_1,I,0.0,,,0.0,,,0.0,,,0.0,,
357,CONTRAVIENTO,Contraviento_2,ORC 89 x 4.8,4.203049488169275,55261.34917453002,SISMO_DOWN_1,I,0.5451473748351545,SISMO_DOWN_1,I,64832.1340161446,SISMO_DOWN_1,I,64832.13401843656,SISMO_DOWN_1,I,0.0,,,0.0,,,0.0,,,0.0,,
358,CONTRAVIENTO,Contraviento_2,ORC 89 x 4.8,4.203049488169275,72424.51551270418,SISMO_DOWN_1,I,1.7378879076469484,GRAV_DISEÑO,I,85107.60811098221,SISMO_DOWN_1,I,85107.60811803323,SISMO_DOWN_1,I,0.0,,,0.0,,,0.0,,,0.0,,
359,CONTRAVIENTO,Contraviento_2,ORC 89 x 4.8,4.455333881989094,6.456854647223601,SISMO_DOWN_1,I,27217.31530406739,SISMO_DOWN_1,I,28090.546633120182,SISMO_DOWN_1,I,39113.43838770149,SISMO_DOWN_1,I,0.0,,,0.0,,,0.0,,,0.0,,
360,CONTRAVIENTO,Contraviento_2,ORC 89 x 4.8,4.455333881989094,8.280003957179,SISMO_DOWN_1,I,13886.692638335557,SISMO_DOWN_1,I,14335.645097812567,SISMO_DOWN_1,I,19958.731242291942,SISMO_DOWN_1,I,0.0,,,0.0,,,0.0,,,0.0,,
361,CONTRAVIENTO,Contraviento_2,ORC 89 x 4.8,4.455333881989094,6.144084618815851,SISMO_DOWN_1,I,16034.548697441856,SISMO_DOWN_1,I,16550.874003408197,SISMO_DOWN_1,I,23044.265712044886,SISMO_DOWN_1,I,0.0,,,0.0,,,0.0,,,0.0,,
362,CONTRAVIENTO,Contraviento_2,ORC 89 x 4.8,4.455333881989094,8.276706245934857,SISMO_DOWN_1,I,19564.919615592607,SISMO_DOWN_1,I,20195.465262867154,SISMO_DOWN_1,I,28118.372939206034,SISMO_DOWN_1,I,0.0,,,0.0,,,0.0,,,0.0,,
363,CONTRAVIENTO,Contraviento_2,ORC 89 x 4.8,4.455333881989094,7.275003941467495,SISMO_DOWN_1,I,11188.921076427248,SISMO_DOWN_1,I,11550.766770268694,SISMO_DOWN_1,I,16081.423066248253,SISMO_DOWN_1,I,0.0,,,0.0,,,0.0,,,0.0,,
364,CONTRAVIENTO,Contraviento_2,ORC 89 x 4.8,4.455333881989094,5.637790449222588,SISMO_DOWN_1,I,29744.53775687699,SISMO_DOWN_1,I,30700.244871307354,SISMO_DOWN_1,I,42746.257865788844,SISMO_DOWN_1,I,0.0,,,0.0,,,0.0,,,0.0,,
365,CONTRAVIENTO,Contraviento_2,ORC 89 x 4.8,4.455333881989094,7.063237527315719,SISMO_DOWN_1,I,13759.755396594763,SISMO_DOWN_1,I,14202.172687701714,SISMO_DOWN_1,I,19774.543676793637,SISMO_DOWN_1,I,0.0,,,0.0,,,0.0,,,0.0,,
366,CONTRAVIENTO,Contraviento_2,ORC 89 x 4.8,4.455333881989094,5.377573396284892,SISMO_DOWN_1,I,17067.3516270415,SISMO_DOWN_1,I,17618.629471934866,SISMO_DOWN_1,I,24529.78997118418,SISMO_DOWN_1,I,0.0,,,0.0,,,0.0,,,0.0,,
367,CONTRAVIENTO,Contraviento_2,ORC 89 x 4.8,4.49728807171611,77451.08993998857,SISMO_DOWN_1,I,1.0945355344569083,GRAV_DISEÑO,I,78375.15044881383,SISMO_DOWN_1,I,78375.15045186122,SISMO_DOWN_1,I,0.0,,,0.0,,,0.0,,,0.0,,
368,CONTRAVIENTO,Contraviento_2,ORC 89 x 4.8,4.49728807171611,63947.251748293005,SISMO_DOWN_1,I,0.5002217513243741,SISMO_DOWN_1,I,64810.31852574022,SISMO_DOWN_1,I,64810.318527670635,SISMO_DOWN_1,I,0.0,,,0.0,,,0.0,,,0.0,,
369,CONTRAVIENTO,Contraviento_2,ORC 89 x 4.8,4.206292904684599,52815.554381979375,SISMO_DOWN_1,I,0.4426746650398831,SISMO_DOWN_1,I,61848.69784663062,SISMO_DOWN_1,I,61848.69784821481,SISMO_DOWN_1,I,0.0,,,0.0,,,0.0,,,0.0,,
370,CONTRAVIENTO,Contraviento_2,ORC 89 x 4.8,4.199809519490142,69189.32241954062,SISMO_DOWN_1,I,1.5557073258641558,GRAV_DISEÑO,I,81455.30166244815,SISMO_DOWN_1,I,81455.30166839168,SISMO_DOWN_1,I,0.0,,,0.0,,,0.0,,,0.0,,
401,COLUMNA,Columna_1,ORC 203 x 9.5,3.1999999999999993,87017.57142571716,SISMO_DOWN_1,I,734.8828719437041,SISMO_DOWN_1,I,909.0608525802261,SISMO_DOWN_1,I,1168.950156837371,SISMO_DOWN_1,I,14.88521422755957,GRAV_DISEÑO,I,2062.3206572804147,SISMO_DOWN_1,J,1620.8165209695328,SISMO_DOWN_1,J,2623.0159526951606,SISMO_DOWN_1,J
402,COLUMNA,Columna_1,ORC 203 x 9.5,3.1999999999999993,124510.25838393846,SISMO_DOWN_1,I,2497.983255478924,SISMO_DOWN_1,I,724.8003760052109,SISMO_DOWN_1,I,2601.010559323122,SISMO_DOWN_1,I,14.88521422755957,GRAV_DISEÑO,I,1395.6875830321153,SISMO_DOWN_1,J,4905.973455326602,SISMO_DOWN_1,J,5100.639114248259,SISMO_DOWN_1,J
403,COLUMNA,Columna_1,ORC 203 x 9.5,3.1999999999999993,102573.50014281328,SISMO_DOWN_1,I,2990.688768488541,SISMO_DOWN_1,I,518.0853499779996,SISMO_DOWN_1,I,3035.2317440065976,SISMO_DOWN_1,I,14.88521422755957,GRAV_DISEÑO,I,1087.2917917560412,SISMO_DOWN_1,J,5395.622009047019,SISMO_DOWN_1,J,5504.083966014023,SISMO_DOWN_1,J
404,COLUMNA,Columna_1,ORC 203 x 9.5,3.1999999999999993,77031.3883875777,SISMO_DOWN_1,I,496.99866143117845,SISMO_DOWN_1,I,1061.5143534639396,SISMO_DOWN_1,I,1172.1008455224103,SISMO_DOWN_1,I,14.88521422755957,GRAV_DISEÑO,I,2150.2271484121834,SISMO_DOWN_1,J,1085.7957169310675,SISMO_DOWN_1,J,2408.8231833562713,SISMO_DOWN_1,J
405,COLUMNA,Columna_1,ORC 203 x 9.5,3.1999999999999993,117102.22930315133,GRAV_DISEÑO,I,387.5020842382901,SISMO_DOWN_1,I,1261.975941359082,SISMO_DOWN_1,I,1320.1292140764706,SISMO_DOWN_1,I,14.88521422755957,GRAV_DISEÑO,I,2808.4452367831555,SISMO_DOWN_1,J,716.3200565271779,SISMO_DOWN_1,I,2856.8552506242063,SISMO_DOWN_1,J
406,COLUMNA,Columna_2,ORC 305 x 12.7,3.1999999999999993,258173.19905012366,GRAV_DISEÑO,I,32362.28097156683,GRAV_DISEÑO,I,808.4809821028069,SISMO_DOWN_1,I,32366.556313231522,GRAV_DISEÑO,I,67.72764650627191,GRAV_DISEÑO,I,1371.512889480633,SISMO_DOWN_1,J,61910.747452692754,GRAV_DISEÑO,J,61915.73184158169,GRAV_DISEÑO,J
407,COLUMNA,Columna_2,ORC 305 x 12.7,3.1999999999999993,188125.02107687702,GRAV_DISEÑO,I,14807.05624555565,GRAV_DISEÑO,I,20903.169495015805,GRAV_DISEÑO,I,25616.23332179046,GRAV_DISEÑO,I,67.72764650627191,GRAV_DISEÑO,I,40625.29761390378,GRAV_DISEÑO,J,28346.833160586637,GRAV_DISEÑO,J,49537.437927817686,GRAV_DISEÑO,J
408,COLUMNA,Columna_1,ORC 203 x 9.5,3.1999999999999993,87545.5124101021,GRAV_DISEÑO,I,8434.04512358953,GRAV_DISEÑO,I,1425.0285013685748,SISMO_DOWN_1,I,8437.225472231108,GRAV_DISEÑO,I,14.88521422755957,GRAV_DISEÑO,I,2744.6581573623885,SISMO_DOWN_1,J,15780.352810006754,GRAV_DISEÑO,J,15782.3022734408,GRAV_DISEÑO,J
409,COLUMNA,Columna_1,ORC 203 x 9.5,3.1999999999999993,110457.86871122426,GRAV_DISEÑO,I,677.36033932945,SISMO_DOWN_1,I,1137.3160467090659,SISMO_DOWN_1,I,1323.746508738907,SISMO_DOWN_1,I,14.88521422755957,GRAV_DISEÑO,I,2544.9737906625846,SISMO_DOWN_1,J,1164.653173405835,GRAV_DISEÑO,I,2735.563508318976,SISMO_DOWN_1,J
410,COLUMNA,Columna_2,ORC 305 x 12.7,3.1999999999999993,246055.69271138325,GRAV_DISEÑO,I,26859.69612575687,GRAV_DISEÑO,I,822.2592756728342,SISMO_DOWN_1,I,26865.576004424325,GRAV_DISEÑO,I,67.72764650627191,GRAV_DISEÑO,I,1375.6421485164042,SISMO_DOWN_1,J,51345.662586101804,GRAV_DISEÑO,J,51352.16338079475,GRAV_DISEÑO,J
411,COLUMNA,Columna_2,ORC 305 x 12.7,3.1999999999999993,128826.0391916249,GRAV_DISEÑO,I,12820.26005450714,GRAV_DISEÑO,I,940.2953892716722,SISMO_DOWN_1,I,12837.009837365038,GRAV_DISEÑO,I,67.72764650627191,GRAV_DISEÑO,I,2080.145793134482,SISMO_DOWN_1,J,25055.382373106968,SISMO_DOWN_1,J,25141.582933126832,SISMO_DOWN_1,J
412,COLUMNA,Columna_1,ORC 203 x 9.5,3.1999999999999993,51977.80324276579,GRAV_DISEÑO,I,421.0190432212022,SISMO_DOWN_1,I,1457.0420831578208,SISMO_DOWN_1,I,1516.6504761637661,SISMO_DOWN_1,I,14.88521422755957,GRAV_DISEÑO,I,2828.5210973735516,SISMO_DOWN_1,J,1056.898843809359,SISMO_DOWN_1,J,3019.5308848118843,SISMO_DOWN_1,J
413,COLUMNA,Columna_1,ORC 203 x 9.5,3.1999999999999993,94134.4795905927,SISMO_DOWN_1,I,858.3024282090455,SISMO_DOWN_1,I,955.534488854461,SISMO_DOWN_1,I,1284.417851658836,SISMO_DOWN_1,I,14.88521422755957,GRAV_DISEÑO,I,2108.5977607697864,SISMO_DOWN_1,J,1781.220380558861,SISMO_DOWN_1,J,2760.2410331059154,SISMO_DOWN_1,J
414,COLUMNA,Columna_1,ORC 203 x 9.5,3.1999999999999993,121771.07964841259,SISMO_DOWN_1,I,2353.141294080801,SISMO_DOWN_1,I,991.7154195593257,SISMO_DOWN_1,I,2553.580510440193,SISMO_DOWN_1,I,14.88521422755957,GRAV_DISEÑO,I,1824.652806111946,SISMO_DOWN_1,J,4531.542813779645,SISMO_DOWN_1,J,4885.103697565707,SISMO_DOWN_1,J
415,COLUMNA,Columna_1,ORC 203 x 9.5,3.1999999999999993,106574.70057216051,SISMO_DOWN_1,I,2732.579167569292,SISMO_DOWN_1,I,724.1468121839885,SISMO_DOWN_1,I,2826.9024589875607,SISMO_DOWN_1,I,14.88521422755957,GRAV_DISEÑO,I,1320.4924578719547,SISMO_DOWN_1,J,4946.721166260509,SISMO_DOWN_1,J,5119.936584375479,SISMO_DOWN_1,J
416,COLUMNA,Columna_1,ORC 203 x 9.5,3.1999999999999993,80361.8801968728,SISMO_DOWN_1,I,685.1908543448891,SISMO_DOWN_1,I,950.0296392971641,SISMO_DOWN_1,I,1171.342316498887,SISMO_DOWN_1,I,14.88521422755957,GRAV_DISEÑO,I,1977.40269097817,SISMO_DOWN_1,J,1435.8670514659123,SISMO_DOWN_1,J,2443.733944555569,SISMO_DOWN_1,J
417,VIGA,Viga_2,IR 203 x 31.3,3.16,0.0,,,3.646201817420171e-14,GRAV_SERVICIO,I,1354.1388629681683,GRAV_DISEÑO,I,1354.1388629681683,GRAV_DISEÑO,I,0.2026215987978804,SISMO_DOWN_1,I,2062.446049589635,SISMO_DOWN_1,I,5.760998871523871e-14,GRAV_SERVICIO,I,2062.446049589635,SISMO_DOWN_1,I
418,VIGA,Viga_2,IR 203 x 31.3,3.16,0.0,,,3.977674709912914e-14,GRAV_DISEÑO,I,1200.4626627068888,SISMO_DOWN_1,J,1200.4626627068888,SISMO_DOWN_1,J,0.2026215987978804,SISMO_DOWN_1,I,1133.421708736898,SISMO_DOWN_1,J,6.284726041662404e-14,GRAV_DISEÑO,I,1133.421708736898,SISMO_DOWN_1,J
419,VIGA,Viga_2,IR 203 x 31.3,3.1,0.0,,,6.062350336188786e-14,SISMO_DOWN_1,I,1359.650352544565,GRAV_DISEÑO,I,1359.650352544565,GRAV_DISEÑO,I,0.5018608175422385,SISMO_DOWN_1,I,1621.0190245340164,SISMO_DOWN_1,I,9.396643021092619e-14,SISMO_DOWN_1,I,1621.0190245340164,SISMO_DOWN_1,I
420,VIGA,Viga_2,IR 203 x 31.3,3.1,0.0,,,3.6478789904419325e-14,SISMO_DOWN_1,I,1115.1968274554351,GRAV_DISEÑO,J,1115.1968274554351,GRAV_DISEÑO,J,0.5018608175422385,SISMO_DOWN_1,I,1065.7098080228914,SISMO_DOWN_1,J,5.6542124351849957e-14,SISMO_DOWN_1,I,1065.7098080228914,SISMO_DOWN_1,J
421,VIGA,Viga_2,IR 203 x 31.3,5.300000000000001,0.0,,,1.2961734734080051e-14,GRAV_DISEÑO,I,2664.3508943234074,SISMO_DOWN_1,J,2664.3508943234074,SISMO_DOWN_1,J,0.3706157021871322,SISMO_DOWN_1,I,5487.504170063631,SISMO_DOWN_1,J,3.434859704531214e-14,GRAV_DISEÑO,I,5487.504170063631,SISMO_DOWN_1,J
422,VIGA,Viga_2,IR 203 x 31.3,6.2,0.0,,,4.477527017335252e-15,SISMO_DOWN_1,I,1381.7730781896985,SISMO_DOWN_1,J,1381.7730781896985,SISMO_DOWN_1,J,1.785753515549781,GRAV_DISEÑO,I,2093.1764425365,SISMO_DOWN_1,J,1.3880333753739281e-14,SISMO_DOWN_1,I,2093.1764425365,SISMO_DOWN_1,J
423,VIGA,Viga_2,IR 203 x 31.3,2.7249999999999996,0.0,,,5.794720888623105e-14,GRAV_SERVICIO,I,942.0886045547587,SISMO_DOWN_1,I,942.0886045547587,SISMO_DOWN_1,I,0.16835366348804565,SISMO_DOWN_1,I,815.7016754771106,SISMO_DOWN_1,J,7.895307210748979e-14,GRAV_SERVICIO,I,815.7016754771106,SISMO_DOWN_1,J
424,VIGA,Viga_2,IR 203 x 31.3,2.7249999999999996,0.0,,,1.0948499429513328e-13,SISMO_UP_1,I,1337.0299978069752,GRAV_DISEÑO,J,1337.0299978069752,GRAV_DISEÑO,J,0.1683536634880456,SISMO_DOWN_1,I,2150.168071372348,SISMO_DOWN_1,J,1.491733047271191e-13,SISMO_UP_1,I,2150.168071372348,SISMO_DOWN_1,J
425,VIGA,Viga_2,IR 203 x 31.3,6.2,0.0,,,4.477527017335252e-15,SISMO_DOWN_1,I,2123.9070536550826,GRAV_DISEÑO,J,2123.9070536550826,GRAV_DISEÑO,J,0.8691913266262781,SISMO_DOWN_1,I,4874.363384117411,GRAV_DISEÑO,J,1.3880333753739281e-14,SISMO_DOWN_1,I,4874.363384117411,GRAV_DISEÑO,J
426,VIGA,Viga_2,IR 203 x 31.3,3.1,0.0,,,6.062350336188786e-14,SISMO_DOWN_1,I,1190.4472092039846,GRAV_DISEÑO,J,1190.4472092039846,GRAV_DISEÑO,J,0.37986657308747906,SISMO_DOWN_1,I,1085.9639794178474,SISMO_DOWN_1,I,9.396643021092619e-14,SISMO_DOWN_1,I,1085.9639794178474,SISMO_DOWN_1,I
427,VIGA,Viga_2,IR 203 x 31.3,3.1,0.0,,,3.6478789904419325e-14,SISMO_DOWN_1,I,2427.8707992039836,GRAV_DISEÑO,J,2427.8707992039836,GRAV_DISEÑO,J,0.37986657308748384,SISMO_DOWN_1,I,6394.320993714169,GRAV_DISEÑO,J,5.6542124351849957e-14,SISMO_DOWN_1,I,6394.320993714169,GRAV_DISEÑO,J
428,VIGA,Viga_2,IR 203 x 31.3,6.32,0.0,,,8.28682231231857e-15,GRAV_DISEÑO,I,2637.639453773922,SISMO_DOWN_1,J,2637.639453773922,SISMO_DOWN_1,J,0.08222287232942027,SISMO_DOWN_1,I,7115.489495949356,SISMO_DOWN_1,J,2.6186358506926687e-14,GRAV_DISEÑO,I,7115.489495949356,SISMO_DOWN_1,J
429,VIGA,Viga_2,IR 203 x 31.3,6.1000000000000005,0.0,,,9.75545060135511e-15,SISMO_DOWN_1,I,1306.38550300718,GRAV_DISEÑO,J,1306.38550300718,GRAV_DISEÑO,J,0.021450697379078034,GRAV_DISEÑO,I,1477.6570539112988,GRAV_DISEÑO,J,2.975412433413309e-14,SISMO_DOWN_1,I,1477.6570539112988,GRAV_DISEÑO,J
430,VIGA,Viga_2,IR 203 x 31.3,1.5,0.0,,,2.500855429319292e-13,GRAV_DISEÑO,I,75449.49214086698,GRAV_DISEÑO,I,75449.49214086698,GRAV_DISEÑO,I,52.49715863633453,GRAV_DISEÑO,I,67824.76695396629,GRAV_DISEÑO,I,1.875641571989469e-13,GRAV_DISEÑO,I,67824.76695396629,GRAV_DISEÑO,I
431,VIGA,Viga_2,IR 203 x 31.3,3.8000000000000007,0.0,,,2.0629917892991537e-14,GRAV_DISEÑO,I,20793.263612711213,GRAV_DISEÑO,J,20793.263612711213,GRAV_DISEÑO,J,18.789720273363102,GRAV_DISEÑO,I,44852.71919045048,GRAV_DISEÑO,I,3.919684399668393e-14,GRAV_DISEÑO,I,44852.71919045048,GRAV_DISEÑO,I
432,VIGA,Viga_2,IR 203 x 31.3,6.1000000000000005,0.0,,,9.75545060135511e-15,SISMO_DOWN_1,I,1385.5467314728053,GRAV_DISEÑO,J,1385.5467314728053,GRAV_DISEÑO,J,0.3256644730115371,GRAV_DISEÑO,I,1750.704659416741,GRAV_DISEÑO,J,2.975412433413309e-14,SISMO_DOWN_1,I,1750.704659416741,GRAV_DISEÑO,J
433,VIGA,Viga_2,IR 203 x 31.3,5.449999999999999,0.0,,,1.0645399038642493e-14,SISMO_UP_1,I,2264.803883439294,SISMO_DOWN_1,I,2264.803883439294,SISMO_DOWN_1,I,0.929669233245021,GRAV_DISEÑO,I,5067.105849380854,SISMO_DOWN_1,I,2.900871238030079e-14,SISMO_UP_1,I,5067.105849380854,SISMO_DOWN_1,I
434,VIGA,Viga_2,IR 203 x 31.3,6.32,0.0,,,8.28682231231857e-15,GRAV_DISEÑO,I,2498.2583574124333,SISMO_DOWN_1,J,2498.2583574124333,SISMO_DOWN_1,J,0.11459695137849654,SISMO_DOWN_1,I,6498.18122808783,SISMO_DOWN_1,J,2.6186358506926687e-14,GRAV_DISEÑO,I,6498.18122808783,SISMO_DOWN_1,J
435,VIGA,Viga_2,IR 203 x 31.3,3.0999999999999996,0.0,,,4.116780482980262e-14,SISMO_UP_1,I,1055.4273430762928,GRAV_DISEÑO,I,1055.4273430762928,GRAV_DISEÑO,I,0.4179940590050432,SISMO_DOWN_1,I,942.8274082934327,SISMO_DOWN_1,I,6.381009748619406e-14,SISMO_UP_1,I,942.8274082934327,SISMO_DOWN_1,I
436,VIGA,Viga_2,IR 203 x 31.3,3.0999999999999996,0.0,,,3.086794505702495e-14,SISMO_DOWN_1,I,1419.4198369237056,GRAV_DISEÑO,J,1419.4198369237056,GRAV_DISEÑO,J,0.4179940590050431,SISMO_DOWN_1,I,1781.4405603611776,SISMO_DOWN_1,J,4.7845314838388664e-14,SISMO_DOWN_1,I,1781.4405603611776,SISMO_DOWN_1,J
437,VIGA,Viga_2,IR 203 x 31.3,1.5,0.0,,,2.500855429319292e-13,GRAV_DISEÑO,I,63358.807621102555,GRAV_DISEÑO,I,63358.807621102555,GRAV_DISEÑO,I,41.394546696436926,GRAV_DISEÑO,I,56466.30353285128,GRAV_DISEÑO,I,1.875641571989469e-13,GRAV_DISEÑO,I,56466.30353285128,GRAV_DISEÑO,I
438,VIGA,Viga_2,IR 203 x 31.3,3.8000000000000007,0.0,,,2.0629917892991537e-14,GRAV_DISEÑO,I,17951.42780145511,GRAV_DISEÑO,J,17951.42780145511,GRAV_DISEÑO,J,16.49104978382094,GRAV_DISEÑO,I,38108.824193636676,GRAV_DISEÑO,I,3.919684399668393e-14,GRAV_DISEÑO,I,38108.824193636676,GRAV_DISEÑO,I
439,VIGA,Viga_2,IR 203 x 31.3,6.199999999999999,0.0,,,6.242784551925732e-15,SISMO_UP_1,I,1327.9774041606677,SISMO_DOWN_1,J,1327.9774041606677,SISMO_DOWN_1,J,1.5216513777829135,SISMO_DOWN_1,I,1824.982031440412,SISMO_DOWN_1,J,1.935263211096976e-14,SISMO_UP_1,I,1824.982031440412,SISMO_DOWN_1,J
440,VIGA,Viga_2,IR 203 x 31.3,5.449999999999999,0.0,,,1.0645399038642493e-14,SISMO_UP_1,I,2207.788554160294,SISMO_DOWN_1,I,2207.788554160294,SISMO_DOWN_1,I,0.19465139609180787,SISMO_DOWN_1,I,4838.711599213703,SISMO_DOWN_1,I,2.900871238030079e-14,SISMO_UP_1,I,4838.711599213703,SISMO_DOWN_1,I
441,VIGA,Viga_2,IR 203 x 31.3,6.199999999999999,0.0,,,6.242784551925732e-15,SISMO_UP_1,I,1386.110524242517,SISMO_DOWN_1,I,1386.110524242517,SISMO_DOWN_1,I,0.787851436749944,SISMO_DOWN_1,I,2093.109445015713,SISMO_DOWN_1,I,1.935263211096976e-14,SISMO_UP_1,I,2093.109445015713,SISMO_DOWN_1,I
442,VIGA,Viga_2,IR 203 x 31.3,3.0999999999999996,0.0,,,4.116780482980262e-14,SISMO_UP_1,I,1159.4557009881835,GRAV_DISEÑO,I,1159.4557009881835,GRAV_DISEÑO,I,0.38795828374760283,SISMO_DOWN_1,I,1057.0934805884751,SISMO_DOWN_1,I,6.381009748619406e-14,SISMO_UP_1,I,1057.0934805884751,SISMO_DOWN_1,I
443,VIGA,Viga_2,IR 203 x 31.3,3.0999999999999996,0.0,,,3.086794505702495e-14,SISMO_DOWN_1,I,1315.3914790118158,GRAV_DISEÑO,J,1315.3914790118158,GRAV_DISEÑO,J,0.3879582837476027,SISMO_DOWN_1,I,1436.0896532507297,SISMO_DOWN_1,J,4.7845314838388664e-14,SISMO_DOWN_1,I,1436.0896532507297,SISMO_DOWN_1,J
444,VIGA,Viga_2,IR 203 x 31.3,3.16,0.0,,,3.646201817420171e-14,GRAV_SERVICIO,I,1371.6884105621666,GRAV_DISEÑO,I,1371.6884105621666,GRAV_DISEÑO,I,0.22028715902861698,SISMO_DOWN_1,I,2108.6521411096196,SISMO_DOWN_1,I,5.760998871523871e-14,GRAV_SERVICIO,I,2108.6521411096196,SISMO_DOWN_1,I
445,VIGA,Viga_2,IR 203 x 31.3,3.16,0.0,,,3.977674709912914e-14,GRAV_DISEÑO,I,1182.6087560560493,SISMO_DOWN_1,J,1182.6087560560493,SISMO_DOWN_1,J,0.22028715902861684,SISMO_DOWN_1,I,1100.9266584938732,SISMO_DOWN_1,J,6.284726041662404e-14,GRAV_DISEÑO,I,1100.9266584938732,SISMO_DOWN_1,J
446,VIGA,Viga_2,IR 203 x 31.3,5.300000000000001,0.0,,,1.2961734734080051e-14,GRAV_DISEÑO,I,2537.3496283135155,SISMO_DOWN_1,J,2537.3496283135155,SISMO_DOWN_1,J,0.2832366550522908,SISMO_DOWN_1,I,5157.943738031856,SISMO_DOWN_1,J,3.434859704531214e-14,GRAV_DISEÑO,I,5157.943738031856,SISMO_DOWN_1,J
447,VIGA,Viga_2,IR 203 x 31.3,2.7299999999999986,0.0,,,1.1472148389179676e-13,SISMO_DOWN_1,I,986.5606933174507,SISMO_DOWN_1,I,986.5606933174507,SISMO_DOWN_1,I,0.22268150469842687,SISMO_DOWN_1,I,832.1847759181373,SISMO_DOWN_1,J,1.5659482551230248e-13,SISMO_DOWN_1,I,832.1847759181373,SISMO_DOWN_1,J
448,VIGA,Viga_2,IR 203 x 31.3,2.7200000000000006,0.0,,,7.605596772232379e-14,GRAV_DISEÑO,I,1274.200742207368,GRAV_DISEÑO,J,1274.200742207368,GRAV_DISEÑO,J,0.22268150469842687,SISMO_DOWN_1,I,1977.364564939542,SISMO_DOWN_1,J,1.0343611610236037e-13,GRAV_DISEÑO,I,1977.364564939542,SISMO_DOWN_1,J
449,VIGA,Viga_2,IR 203 x 31.3,1.5,0.0,,,5.902528851108393e-13,SISMO_UP_1,I,20563.564708578226,GRAV_DISEÑO,I,20563.564708578226,GRAV_DISEÑO,I,47.687054383715946,GRAV_DISEÑO,I,30324.995171457627,GRAV_DISEÑO,J,4.4268966383312945e-13,SISMO_UP_1,I,30324.995171457627,GRAV_DISEÑO,J
450,VIGA,Viga_2,IR 203 x 31.3,4.6000000000000005,0.0,,,2.0335266681749487e-14,GRAV_DISEÑO,I,7523.761252557672,GRAV_DISEÑO,J,7523.761252557672,GRAV_DISEÑO,J,14.018692665882508,GRAV_DISEÑO,I,30328.20920328504,GRAV_DISEÑO,I,4.6771113368023827e-14,GRAV_DISEÑO,I,30328.20920328504,GRAV_DISEÑO,I
451,VIGA,Viga_2,IR 203 x 31.3,3.799999999999999,0.0,,,2.2922130992212854e-14,GRAV_SERVICIO,I,2632.87052386412,GRAV_DISEÑO,J,2632.87052386412,GRAV_DISEÑO,J,3.214031827426896,GRAV_DISEÑO,I,7061.202785634054,GRAV_DISEÑO,J,4.3552048885204404e-14,GRAV_SERVICIO,I,7061.202785634054,GRAV_DISEÑO,J
452,VIGA,Viga_2,IR 203 x 31.3,1.5,5.7666362749085315e-11,SISMO_DOWN_5,I,5.902476722941472e-13,SISMO_UP_1,I,30624.006805869907,GRAV_DISEÑO,I,30624.006805869907,GRAV_DISEÑO,I,10.1655310542374,SISMO_DOWN_1,I,45479.941608514564,GRAV_DISEÑO,I,4.4268575422061044e-13,SISMO_UP_1,I,45479.941608514564,GRAV_DISEÑO,I
453,VIGA,Viga_2,IR 203 x 31.3,1.5,0.0,,,5.902528851108393e-13,SISMO_UP_1,I,15080.585952994214,GRAV_DISEÑO,I,15080.585952994214,GRAV_DISEÑO,I,2.711415916236253,SISMO_DOWN_1,I,22175.603472954186,GRAV_DISEÑO,I,4.4268966383312945e-13,SISMO_UP_1,I,22175.603472954186,GRAV_DISEÑO,I
454,VIGA,Viga_2,IR 203 x 31.3,5.450000000000001,0.0,,,1.17625294043156e-14,SISMO_UP_1,I,2381.8418870058067,GRAV_DISEÑO,I,2381.8418870058067,GRAV_DISEÑO,I,3.7895559628814115,GRAV_DISEÑO,I,7051.879429430629,GRAV_DISEÑO,I,3.2052892626760014e-14,SISMO_UP_1,I,7051.879429430629,GRAV_DISEÑO,I
455,CONTRAVIENTO,Contraviento_2,ORC 89 x 4.8,4.497288071716109,38529.63615205738,SISMO_DOWN_1,I,0.34349551922778054,SISMO_DOWN_1,I,39041.560677829235,SISMO_DOWN_1,I,39041.560679340306,SISMO_DOWN_1,I,0.0,,,0.0,,,0.0,,,0.0,,
456,CONTRAVIENTO,Contraviento_2,ORC 89 x 4.8,4.497288071716109,54281.20684261654,SISMO_DOWN_1,I,1.834854122918338,GRAV_DISEÑO,I,54939.97981186876,SISMO_DOWN_1,I,54939.97982671365,SISMO_DOWN_1,I,0.0,,,0.0,,,0.0,,,0.0,,
457,CONTRAVIENTO,Contraviento_2,ORC 89 x 4.8,4.203049488169273,54998.32333380869,SISMO_DOWN_1,I,2.7279633897589144,GRAV_DISEÑO,I,64606.2272792481,SISMO_DOWN_1,I,64606.22730356578,SISMO_DOWN_1,I,0.0,,,0.0,,,0.0,,,0.0,,
458,CONTRAVIENTO,Contraviento_2,ORC 89 x 4.8,4.203049488169273,39280.671485304985,SISMO_DOWN_1,I,1.434692865414038,GRAV_DISEÑO,I,46102.993086096685,SISMO_DOWN_1,I,46102.99310045981,SISMO_DOWN_1,I,0.0,,,0.0,,,0.0,,,0.0,,
459,CONTRAVIENTO,Contraviento_2,ORC 89 x 4.8,4.455333881989092,6.819501400159346,SISMO_DOWN_1,I,14603.519664968037,SISMO_DOWN_1,I,15075.912884222651,SISMO_DOWN_1,I,20989.186165684907,SISMO_DOWN_1,I,0.0,,,0.0,,,0.0,,,0.0,,
460,CONTRAVIENTO,Contraviento_2,ORC 89 x 4.8,4.455333881989092,5.5562243442167,SISMO_DOWN_1,I,30478.300330862927,SISMO_DOWN_1,I,31455.064086551254,SISMO_DOWN_1,I,43798.94802101217,SISMO_DOWN_1,I,0.0,,,0.0,,,0.0,,,0.0,,
461,CONTRAVIENTO,Contraviento_2,ORC 89 x 4.8,4.455333881989092,6.968820438851766,SISMO_DOWN_1,I,20122.954382230364,SISMO_DOWN_1,I,20771.80176047761,SISMO_DOWN_1,I,28920.598912296144,SISMO_DOWN_1,I,0.0,,,0.0,,,0.0,,,0.0,,
462,CONTRAVIENTO,Contraviento_2,ORC 89 x 4.8,4.455333881989092,5.004236654303166,SISMO_DOWN_1,I,15677.12644694742,SISMO_DOWN_1,I,16181.950577655038,SISMO_DOWN_1,I,22530.59737626254,SISMO_DOWN_1,I,0.0,,,0.0,,,0.0,,,0.0,,
463,CONTRAVIENTO,Contraviento_2,ORC 89 x 4.8,4.455333881989092,5.6601526039304355,SISMO_DOWN_1,I,35158.18565204887,SISMO_DOWN_1,I,36287.493899036854,SISMO_DOWN_1,I,50526.03518797583,SISMO_DOWN_1,I,0.0,,,0.0,,,0.0,,,0.0,,
464,CONTRAVIENTO,Contraviento_2,ORC 89 x 4.8,4.455333881989092,6.124881592423958,SISMO_DOWN_1,I,19028.079452707625,SISMO_DOWN_1,I,19642.911415333507,SISMO_DOWN_1,I,27347.975730009588,SISMO_DOWN_1,I,0.0,,,0.0,,,0.0,,,0.0,,
465,CONTRAVIENTO,Contraviento_2,ORC 89 x 4.8,4.455333881989092,4.932697958577468,SISMO_DOWN_1,I,18568.7085229058,SISMO_DOWN_1,I,19169.042516226076,SISMO_DOWN_1,I,26687.99593820258,SISMO_DOWN_1,I,0.0,,,0.0,,,0.0,,,0.0,,
466,CONTRAVIENTO,Contraviento_2,ORC 89 x 4.8,4.455333881989092,5.87656269063392,SISMO_DOWN_1,I,12369.93892078193,SISMO_DOWN_1,I,12767.721145187903,SISMO_DOWN_1,I,17777.23522219228,SISMO_DOWN_1,I,0.0,,,0.0,,,0.0,,,0.0,,
467,CONTRAVIENTO,Contraviento_2,ORC 89 x 4.8,4.497288071716109,37760.884215050566,SISMO_DOWN_1,I,0.33588236239025415,SISMO_DOWN_1,I,38262.26266723267,SISMO_DOWN_1,I,38262.262668706935,SISMO_DOWN_1,I,0.0,,,0.0,,,0.0,,,0.0,,
468,CONTRAVIENTO,Contraviento_2,ORC 89 x 4.8,4.497288071716109,55907.90926409395,SISMO_DOWN_1,I,2.0782743896306117,GRAV_DISEÑO,I,56588.66409017431,SISMO_DOWN_1,I,56588.664108074845,SISMO_DOWN_1,I,0.0,,,0.0,,,0.0,,,0.0,,
469,CONTRAVIENTO,Contraviento_2,ORC 89 x 4.8,4.206292904684598,51056.05990142608,SISMO_DOWN_1,I,2.346024097892249,GRAV_DISEÑO,I,59865.19666547613,SISMO_DOWN_1,I,59865.196685208706,SISMO_DOWN_1,I,0.0,,,0.0,,,0.0,,,0.0,,
470,CONTRAVIENTO,Contraviento_2,ORC 89 x 4.8,4.19980951949014,34417.44227615434,SISMO_DOWN_1,I,0.7355990293504906,GRAV_DISEÑO,I,40467.54992119929,SISMO_DOWN_1,I,40467.549927550004,SISMO_DOWN_1,I,0.0,,,0.0,,,0.0,,,0.0,,
