combo,criterio,nodo,x_m,y_m,z_m,Rx_N,Ry_N,Rz_N,Mx_Nm,My_Nm,Mz_Nm,Fx_cimentacion_N,Fy_cimentacion_N,Fz_cimentacion_N,Mx_cimentacion_Nm,My_cimentacion_Nm,Mz_cimentacion_Nm,P_compresion_N,levantamiento_N,V_horizontal_N,M_resultante_Nm
GRAV_DISEÑO,gravedad_signada,1,0.0,0.0,0.0,53903.637905777745,56462.03957942704,402907.89395834913,-1.502636878108376,-40.41320385474967,-0.6427154996086795,-53903.637905777745,-56462.03957942704,-402907.89395834913,1.502636878108376,40.41320385474967,0.6427154996086795,402907.89395834913,0.0,78061.28421276443,40.441129600853195
GRAV_DISEÑO,gravedad_signada,5,0.0,6.2,0.0,-386.62409800631633,-57997.324523572024,534704.6560995555,-314.9527536454795,-435.86938487188695,-0.6427154996086795,386.62409800631633,57997.324523572024,-534704.6560995555,314.9527536454795,435.86938487188695,0.6427154996086795,534704.6560995555,0.0,57998.61317381381,537.7521340705839
GRAV_DISEÑO,gravedad_signada,9,0.0,12.3,0.0,-303.5735686987447,56652.825659747235,520548.2681968122,373.8399065142744,-342.5292310133435,-0.6427154996086795,303.5735686987447,-56652.825659747235,-520548.2681968122,-373.8399065142744,342.5292310133435,0.6427154996086795,520548.2681968122,0.0,56653.63900179164,507.0330855094112
GRAV_DISEÑO,gravedad_signada,13,0.0,18.5,0.0,55739.214079308564,-58859.59579212128,427088.3332052274,26.000162842219176,-50.21059715795307,-0.6427154996086795,-55739.214079308564,58859.59579212128,-427088.3332052274,-26.000162842219176,50.21059715795307,0.6427154996086795,427088.3332052274,0.0,81063.62934751251,56.54301490706133
GRAV_DISEÑO,gravedad_signada,2,6.32,0.0,0.0,-56484.42559734883,172.7612482337307,508132.0988698083,-160.59052002051476,190.40328047969786,-0.6427154996086795,56484.42559734883,-172.7612482337307,-508132.0988698083,160.59052002051476,-190.40328047969786,0.6427154996086795,508132.0988698083,0.0,56484.689797424995,249.08376971992743
GRAV_DISEÑO,gravedad_signada,6,6.32,6.2,0.0,9981.483212601894,-48.22138580646001,1041472.6858436088,153.8307214323646,10546.510587841329,-3.0483250252925567,-9981.483212601894,48.22138580646001,-1041472.6858436088,-153.8307214323646,-10546.510587841329,3.0483250252925567,1041472.6858436088,0.0,9981.599692709708,10547.632410655277
GRAV_DISEÑO,gravedad_signada,10,6.32,12.3,0.0,8161.392198123357,136.23312897021566,992461.2093198819,-43.23704751936519,8625.064361639277,-3.0483250252925567,-8161.392198123357,-136.23312897021566,-992461.2093198819,43.23704751936519,-8625.064361639277,3.0483250252925567,992461.2093198819,0.0,8162.529147085345,8625.172733615145
GRAV_DISEÑO,gravedad_signada,14,6.32,18.5,0.0,-56960.09993085075,-166.050213234746,503070.36114399903,200.77539744814385,208.3784974198884,-0.6427154996086795,56960.09993085075,166.050213234746,-503070.36114399903,-200.77539744814385,-208.3784974198884,0.6427154996086795,503070.36114399903,0.0,56960.34196531671,289.365440934868
GRAV_DISEÑO,gravedad_signada,3,11.620000000000001,0.0,0.0,46353.117615532625,-257.95214465306265,433081.85196820734,302.3124092906544,-410.53334097283994,-0.6427154996084717,-46353.117615532625,257.95214465306265,-433081.85196820734,-302.3124092906544,410.53334097283994,0.6427154996084717,433081.85196820734,0.0,46353.83535359649,509.8337149124626
GRAV_DISEÑO,gravedad_signada,7,11.620000000000001,6.2,0.0,-4899.653870948224,7455.621089864153,779087.3834069711,-7835.097913413919,-5325.0419495646975,-3.0483250252983347,4899.653870948224,-7455.621089864153,-779087.3834069711,7835.097913413919,5325.0419495646975,3.0483250252983347,779087.3834069711,0.0,8921.48495995622,9473.374851519755
GRAV_DISEÑO,gravedad_signada,11,11.620000000000001,12.3,0.0,-4337.826062083716,717.239005246273,532930.7138307439,-649.3448949498138,-4705.098800742032,-3.048325025293089,4337.826062083716,-717.239005246273,-532930.7138307439,649.3448949498138,4705.098800742032,3.048325025293089,532930.7138307439,0.0,4396.722271822429,4749.69509730272
GRAV_DISEÑO,gravedad_signada,15,11.620000000000001,18.5,0.0,49234.65615655516,-54.17987015158576,453376.53270296357,85.11009470321613,-383.3645342883249,-0.6427154996086298,-49234.65615655516,54.17987015158576,-453376.53270296357,-85.11009470321613,383.3645342883249,0.6427154996086298,453376.53270296357,0.0,49234.68596744113,392.6984776778421
GRAV_DISEÑO,gravedad_signada,4,17.07,0.0,0.0,-49263.92354727654,41138.65332615852,340790.66278854304,-155.6140508197004,-53.78504825145502,-0.6427154996086795,49263.92354727654,-41138.65332615852,-340790.66278854304,155.6140508197004,53.78504825145502,0.6427154996086795,340790.66278854304,0.0,64181.95198622243,164.64678626662484
GRAV_DISEÑO,gravedad_signada,8,17.07,6.2,0.0,131.01552787776592,-42283.30246607447,388628.8340087958,-1895.9129623676706,117.21323179191793,-0.6427154996086795,-131.01552787776592,42283.30246607447,-388628.8340087958,1895.9129623676706,-117.21323179191793,0.6427154996086795,388628.8340087958,0.0,42283.50544250186,1899.532811662084
GRAV_DISEÑO,gravedad_signada,12,17.07,12.3,0.0,66.08805263189713,33497.610895488084,247210.89121049433,67.09678191158682,53.15093638123616,-0.6427154996086795,-66.08805263189713,-33497.610895488084,-247210.89121049433,-67.09678191158682,-53.15093638123616,0.6427154996086795,247210.89121049433,0.0,33497.676088591914,85.59789822824656
GRAV_DISEÑO,gravedad_signada,16,17.07,18.5,0.0,-50934.47807323713,-36566.357537434546,346674.94742699875,-67.23328127112595,-49.933230670589296,-0.6427154996086795,50934.47807323713,36566.357537434546,-346674.94742699875,67.23328127112595,49.933230670589296,0.6427154996086795,346674.94742699875,0.0,62701.033166516245,83.74748733952927
GRAV_SERVICIO,gravedad_signada,1,0.0,0.0,0.0,40428.24221404937,42341.53850587592,302155.74407129106,-1.974617824122035,-29.381397706876555,-0.48215437257848315,-40428.24221404937,-42341.53850587592,-302155.74407129106,1.974617824122035,29.381397706876555,0.48215437257848315,302155.74407129106,0.0,58542.70792816486,29.4476764238028
GRAV_SERVICIO,gravedad_signada,5,0.0,6.2,0.0,-286.1074205075817,-43490.873291131,400779.96848017565,-237.57260897283572,-322.10141284990095,-0.48215437257848315,286.1074205075817,43490.873291131,-400779.96848017565,237.57260897283572,322.10141284990095,0.48215437257848315,400779.96848017565,0.0,43491.814368697946,400.2375103536177
GRAV_SERVICIO,gravedad_signada,9,0.0,12.3,0.0,-223.77433204074242,42482.28673796482,390177.3294644978,281.73553466637276,-252.19943036709873,-0.48215437257848315,223.77433204074242,-42482.28673796482,-390177.3294644978,-281.73553466637276,252.19943036709873,0.48215437257848315,390177.3294644978,0.0,42482.87609659146,378.1262542739343
GRAV_SERVICIO,gravedad_signada,13,0.0,18.5,0.0,41803.915123070976,-44139.40163858276,320274.243610251,20.374423774314224,-36.70554942128292,-0.48215437257848315,-41803.915123070976,44139.40163858276,-320274.243610251,-20.374423774314224,36.70554942128292,0.48215437257848315,320274.243610251,0.0,60793.536635312186,41.98112078605791
GRAV_SERVICIO,gravedad_signada,2,6.32,0.0,0.0,-42358.855380868255,132.48464622767972,380884.62239642243,-124.1636218914385,143.74188188033892,-0.48215437257848315,42358.855380868255,-132.48464622767972,-380884.62239642243,124.1636218914385,-143.74188188033892,0.48215437257848315,380884.62239642243,0.0,42359.062564683816,189.94297462054607
GRAV_SERVICIO,gravedad_signada,6,6.32,6.2,0.0,7469.972982074851,-38.95108175462023,780474.2074544104,117.0560261465738,7894.087929690641,-2.2868022334611413,-7469.972982074851,38.95108175462023,-780474.2074544104,-117.0560261465738,-7894.087929690641,2.2868022334611413,780474.2074544104,0.0,7470.074533744499,7894.9557538307145
GRAV_SERVICIO,gravedad_signada,10,6.32,12.3,0.0,6107.339926511333,102.43425647860151,743774.9897556609,-33.93255527634628,6455.314500332936,-2.2868022334611413,-6107.339926511333,-102.43425647860151,-743774.9897556609,33.93255527634628,-6455.314500332936,2.2868022334611413,743774.9897556609,0.0,6108.198896144409,6455.403683466763
GRAV_SERVICIO,gravedad_signada,14,6.32,18.5,0.0,-42713.845220695555,-128.635920851253,377087.26850237395,154.3464370287386,157.24382197966986,-0.48215437257848315,42713.845220695555,128.635920851253,-377087.26850237395,-154.3464370287386,-157.24382197966986,0.48215437257848315,377087.26850237395,0.0,42714.03891857652,220.3371102974723
GRAV_SERVICIO,gravedad_signada,3,11.620000000000001,0.0,0.0,34767.6518360215,-190.48896116604482,324669.54367660306,222.93993388832948,-308.5666825360867,-0.4821543725783302,-34767.6518360215,190.48896116604482,-324669.54367660306,-222.93993388832948,308.5666825360867,0.4821543725783302,324669.54367660306,0.0,34768.17366838723,380.67783189129733
GRAV_SERVICIO,gravedad_signada,7,11.620000000000001,6.2,0.0,-3667.8234754693262,5590.598027534748,584225.6661112466,-5876.252397261657,-3985.299257115461,-2.2868022334654747,3667.8234754693262,-5590.598027534748,-584225.6661112466,5876.252397261657,3985.299257115461,2.2868022334654747,584225.6661112466,0.0,6686.382830251294,7100.20791280709
GRAV_SERVICIO,gravedad_signada,11,11.620000000000001,12.3,0.0,-3247.0016363362442,544.0468176950704,399648.66199130035,-494.3070748894789,-3521.341841161067,-2.286802233461546,3247.0016363362442,-544.0468176950704,-399648.66199130035,494.3070748894789,3521.341841161067,2.286802233461546,399648.66199130035,0.0,3292.264656162135,3555.866680093252
GRAV_SERVICIO,gravedad_signada,15,11.620000000000001,18.5,0.0,36928.18411696824,-45.21786632646958,339887.4998136749,68.07111726710285,-288.1844877193231,-0.4821543725784429,-36928.18411696824,45.21786632646958,-339887.4998136749,-68.07111726710285,288.1844877193231,0.4821543725784429,339887.4998136749,0.0,36928.21180117093,296.1148020076679
GRAV_SERVICIO,gravedad_signada,4,17.07,0.0,0.0,-36948.911397473974,30872.766276367318,255650.48808068136,-117.44996204450375,-40.90020434207872,-0.48215437257848315,36948.911397473974,-30872.766276367318,-255650.48808068136,117.44996204450375,40.90020434207872,0.48215437257848315,255650.48808068136,0.0,48149.24455288562,124.36768189316373
GRAV_SERVICIO,gravedad_signada,8,17.07,6.2,0.0,94.98312191310976,-31730.744451260587,291494.36161225574,-1422.1309679604535,84.91774948466225,-0.48215437257848315,-94.98312191310976,31730.744451260587,-291494.36161225574,1422.1309679604535,-84.91774948466225,0.48215437257848315,291494.36161225574,0.0,31730.88661264688,1424.6640004610479
GRAV_SERVICIO,gravedad_signada,12,17.07,12.3,0.0,46.59647809059537,25145.570389013777,185477.86874401534,49.704437677226366,36.96557157801219,-0.48215437257848315,-46.59647809059537,-25145.570389013777,-185477.86874401534,-49.704437677226366,-36.96557157801219,0.48215437257848315,185477.86874401534,0.0,25145.61356222228,61.943398412570346
GRAV_SERVICIO,gravedad_signada,16,17.07,18.5,0.0,-38200.5669351993,-27447.412446261853,260056.89338983037,-49.71491147391393,-38.001191000007026,-0.48215437257848315,38200.5669351993,27447.412446261853,-260056.89338983037,49.71491147391393,38.001191000007026,0.48215437257848315,260056.89338983037,0.0,47038.747476584154,62.57525821183732
SISMO_DOWN_1,envolvente_abs_grav_cqc,1,0.0,0.0,0.0,127691.86219262618,56848.096979444155,533411.7434286493,110.82041347684758,3501.653875705549,2.069213316991336,-127691.86219262618,-56848.096979444155,-533411.7434286493,-110.82041347684758,-3501.653875705549,-2.069213316991336,533411.7434286493,0.0,139774.52486202528,3503.4070601754047
SISMO_DOWN_1,envolvente_abs_grav_cqc,5,0.0,6.2,0.0,2332.30386044437,59621.25014098103,466342.43984232534,347.744218593239,3977.4032472661493,2.069213316991336,-2332.30386044437,-59621.25014098103,-466342.43984232534,-347.744218593239,-3977.4032472661493,-2.069213316991336,466342.43984232534,0.0,59666.851011854764,3992.575939531812
SISMO_DOWN_1,envolvente_abs_grav_cqc,9,0.0,12.3,0.0,2254.243126923763,56859.54940222093,450815.864767553,329.69310724840665,3882.8453191426975,2.069213316991336,-2254.243126923763,-56859.54940222093,-450815.864767553,-329.69310724840665,-3882.8453191426975,-2.069213316991336,450815.864767553,0.0,56904.21750888844,3896.817331792121
SISMO_DOWN_1,envolvente_abs_grav_cqc,13,0.0,18.5,0.0,127639.67387294827,59912.142384477134,552033.3370819153,71.16594515961565,3438.9323822679326,2.069213316991336,-127639.67387294827,-59912.142384477134,-552033.3370819153,-71.16594515961565,-3438.9323822679326,-2.069213316991336,552033.3370819153,0.0,141001.24521255284,3439.668664502652
SISMO_DOWN_1,envolvente_abs_grav_cqc,2,6.32,0.0,0.0,135840.02437156992,275.47171108702895,635748.0011936737,272.78242055107694,4151.354789145017,2.069213316991336,-135840.02437156992,-275.47171108702895,-635748.0011936737,-272.78242055107694,-4151.354789145017,-2.069213316991336,635748.0011936737,0.0,135840.30368757396,4160.307300466995
SISMO_DOWN_1,envolvente_abs_grav_cqc,6,6.32,6.2,0.0,15042.250645456721,184.52018829171737,819718.0055829426,263.9997706309123,22925.867804425554,9.814038623144677,-15042.250645456721,-184.52018829171737,-819718.0055829426,-263.9997706309123,-22925.867804425554,-9.814038623144677,819718.0055829426,0.0,15043.382338444713,22927.387781099034
SISMO_DOWN_1,envolvente_abs_grav_cqc,10,6.32,12.3,0.0,13570.59841702729,280.7352193690043,781348.6563560138,237.6961487748993,21326.862536376633,9.814038623144677,-13570.59841702729,-280.7352193690043,-781348.6563560138,-237.6961487748993,-21326.862536376633,-9.814038623144677,781348.6563560138,0.0,13573.50189374937,21328.18710309546
SISMO_DOWN_1,envolvente_abs_grav_cqc,14,6.32,18.5,0.0,134273.70056269263,277.2812258565175,627085.2653518568,317.779546120964,4086.0690489852036,2.069213316991336,-134273.70056269263,-277.2812258565175,-627085.2653518568,-317.779546120964,-4086.0690489852036,-2.069213316991336,627085.2653518568,0.0,134273.98686148354,4098.407509387968
SISMO_DOWN_1,envolvente_abs_grav_cqc,3,11.620000000000001,0.0,0.0,120348.72475274296,310.6585988122813,577566.697249132,348.52548450272155,4310.98120370941,2.0692133169912665,-120348.72475274296,-310.6585988122813,-577566.697249132,-348.52548450272155,-4310.98120370941,-2.0692133169912665,577566.697249132,0.0,120349.12570673914,4325.046699410735
SISMO_DOWN_1,envolvente_abs_grav_cqc,7,11.620000000000001,6.2,0.0,11199.829570748,6017.6877779246515,614084.360893895,6308.484365625257,18984.633900108573,9.81403862314933,-11199.829570748,-6017.6877779246515,-614084.360893895,-6308.484365625257,-18984.633900108573,-9.81403862314933,614084.360893895,0.0,12714.116115813362,20005.3317721174
SISMO_DOWN_1,envolvente_abs_grav_cqc,11,11.620000000000001,12.3,0.0,10716.344218491151,757.8144816566175,420623.2078409032,742.0819976165977,18408.141914688003,9.814038623144983,-10716.344218491151,-757.8144816566175,-420623.2078409032,-742.0819976165977,-18408.141914688003,-9.814038623144983,420623.2078409032,0.0,10743.105519252671,18423.093509030452
SISMO_DOWN_1,envolvente_abs_grav_cqc,15,11.620000000000001,18.5,0.0,120900.93416747589,188.60264511647074,588623.7647434686,226.67427468363414,4210.708705040023,2.0692133169911906,-120900.93416747589,-188.60264511647074,-588623.7647434686,-226.67427468363414,-4210.708705040023,-2.0692133169911906,588623.7647434686,0.0,120901.08127525612,4216.80554750906
SISMO_DOWN_1,envolvente_abs_grav_cqc,4,17.07,0.0,0.0,116270.18684712354,44709.89786882829,486757.6364097065,231.10420380701308,3543.38376775972,2.069213316991336,-116270.18684712354,-44709.89786882829,-486757.6364097065,-231.10420380701308,-3543.38376775972,-2.069213316991336,486757.6364097065,0.0,124570.1863083863,3550.912231897649
SISMO_DOWN_1,envolvente_abs_grav_cqc,8,17.07,6.2,0.0,2182.5622997459723,47202.08816126896,353360.08300687943,1591.5606651206633,3819.4949657093125,2.069213316991336,-2182.5622997459723,-47202.08816126896,-353360.08300687943,-1591.5606651206633,-3819.4949657093125,-2.069213316991336,353360.08300687943,0.0,47252.52062034871,4137.826379131695
SISMO_DOWN_1,envolvente_abs_grav_cqc,12,17.07,12.3,0.0,2121.847428366487,38603.02021582442,238064.5396578719,91.56220762567412,3747.151339940163,2.069213316991336,-2121.847428366487,-38603.02021582442,-238064.5396578719,-91.56220762567412,-3747.151339940163,-2.069213316991336,238064.5396578719,0.0,38661.29079961783,3748.269841177479
SISMO_DOWN_1,envolvente_abs_grav_cqc,16,17.07,18.5,0.0,116151.97438656412,42330.122274639,491102.06365448,97.92464225505756,3469.113604824015,2.069213316991336,-116151.97438656412,-42330.122274639,-491102.06365448,-97.92464225505756,-3469.113604824015,-2.069213316991336,491102.06365448,0.0,123624.91822315975,3470.4954169017215
SISMO_DOWN_2,envolvente_abs_grav_cqc,1,0.0,0.0,0.0,127691.86219262618,56848.096979444155,533411.7434286493,110.82041347684758,3501.653875705549,2.069213316991336,-127691.86219262618,-56848.096979444155,-533411.7434286493,-110.82041347684758,-3501.653875705549,-2.069213316991336,533411.7434286493,0.0,139774.52486202528,3503.4070601754047
SISMO_DOWN_2,envolvente_abs_grav_cqc,5,0.0,6.2,0.0,2332.30386044437,59621.25014098103,466342.43984232534,347.744218593239,3977.4032472661493,2.069213316991336,-2332.30386044437,-59621.25014098103,-466342.43984232534,-347.744218593239,-3977.4032472661493,-2.069213316991336,466342.43984232534,0.0,59666.851011854764,3992.575939531812
SISMO_DOWN_2,envolvente_abs_grav_cqc,9,0.0,12.3,0.0,2254.243126923763,56859.54940222093,450815.864767553,329.69310724840665,3882.8453191426975,2.069213316991336,-2254.243126923763,-56859.54940222093,-450815.864767553,-329.69310724840665,-3882.8453191426975,-2.069213316991336,450815.864767553,0.0,56904.21750888844,3896.817331792121
SISMO_DOWN_2,envolvente_abs_grav_cqc,13,0.0,18.5,0.0,127639.67387294827,59912.142384477134,552033.3370819153,71.16594515961565,3438.9323822679326,2.069213316991336,-127639.67387294827,-59912.142384477134,-552033.3370819153,-71.16594515961565,-3438.9323822679326,-2.069213316991336,552033.3370819153,0.0,141001.24521255284,3439.668664502652
SISMO_DOWN_2,envolvente_abs_grav_cqc,2,6.32,0.0,0.0,135840.02437156992,275.47171108702895,635748.0011936737,272.78242055107694,4151.354789145017,2.069213316991336,-135840.02437156992,-275.47171108702895,-635748.0011936737,-272.78242055107694,-4151.354789145017,-2.069213316991336,635748.0011936737,0.0,135840.30368757396,4160.307300466995
SISMO_DOWN_2,envolvente_abs_grav_cqc,6,6.32,6.2,0.0,15042.250645456721,184.52018829171737,819718.0055829426,263.9997706309123,22925.867804425554,9.814038623144677,-15042.250645456721,-184.52018829171737,-819718.0055829426,-263.9997706309123,-22925.867804425554,-9.814038623144677,819718.0055829426,0.0,15043.382338444713,22927.387781099034
SISMO_DOWN_2,envolvente_abs_grav_cqc,10,6.32,12.3,0.0,13570.59841702729,280.7352193690043,781348.6563560138,237.6961487748993,21326.862536376633,9.814038623144677,-13570.59841702729,-280.7352193690043,-781348.6563560138,-237.6961487748993,-21326.862536376633,-9.814038623144677,781348.6563560138,0.0,13573.50189374937,21328.18710309546
SISMO_DOWN_2,envolvente_abs_grav_cqc,14,6.32,18.5,0.0,134273.70056269263,277.2812258565175,627085.2653518568,317.779546120964,4086.0690489852036,2.069213316991336,-134273.70056269263,-277.2812258565175,-627085.2653518568,-317.779546120964,-4086.0690489852036,-2.069213316991336,627085.2653518568,0.0,134273.98686148354,4098.407509387968
SISMO_DOWN_2,envolvente_abs_grav_cqc,3,11.620000000000001,0.0,0.0,120348.72475274296,310.6585988122813,577566.697249132,348.52548450272155,4310.98120370941,2.0692133169912665,-120348.72475274296,-310.6585988122813,-577566.697249132,-348.52548450272155,-4310.98120370941,-2.0692133169912665,577566.697249132,0.0,120349.12570673914,4325.046699410735
SISMO_DOWN_2,envolvente_abs_grav_cqc,7,11.620000000000001,6.2,0.0,11199.829570748,6017.6877779246515,614084.360893895,6308.484365625257,18984.633900108573,9.81403862314933,-11199.829570748,-6017.6877779246515,-614084.360893895,-6308.484365625257,-18984.633900108573,-9.81403862314933,614084.360893895,0.0,12714.116115813362,20005.3317721174
SISMO_DOWN_2,envolvente_abs_grav_cqc,11,11.620000000000001,12.3,0.0,10716.344218491151,757.8144816566175,420623.2078409032,742.0819976165977,18408.141914688003,9.814038623144983,-10716.344218491151,-757.8144816566175,-420623.2078409032,-742.0819976165977,-18408.141914688003,-9.814038623144983,420623.2078409032,0.0,10743.105519252671,18423.093509030452
SISMO_DOWN_2,envolvente_abs_grav_cqc,15,11.620000000000001,18.5,0.0,120900.93416747589,188.60264511647074,588623.7647434686,226.67427468363414,4210.708705040023,2.0692133169911906,-120900.93416747589,-188.60264511647074,-588623.7647434686,-226.67427468363414,-4210.708705040023,-2.0692133169911906,588623.7647434686,0.0,120901.08127525612,4216.80554750906
SISMO_DOWN_2,envolvente_abs_grav_cqc,4,17.07,0.0,0.0,116270.18684712354,44709.89786882829,486757.6364097065,231.10420380701308,3543.38376775972,2.069213316991336,-116270.18684712354,-44709.89786882829,-486757.6364097065,-231.10420380701308,-3543.38376775972,-2.069213316991336,486757.6364097065,0.0,124570.1863083863,3550.912231897649
SISMO_DOWN_2,envolvente_abs_grav_cqc,8,17.07,6.2,0.0,2182.5622997459723,47202.08816126896,353360.08300687943,1591.5606651206633,3819.4949657093125,2.069213316991336,-2182.5622997459723,-47202.08816126896,-353360.08300687943,-1591.5606651206633,-3819.4949657093125,-2.069213316991336,353360.08300687943,0.0,47252.52062034871,4137.826379131695
SISMO_DOWN_2,envolvente_abs_grav_cqc,12,17.07,12.3,0.0,2121.847428366487,38603.02021582442,238064.5396578719,91.56220762567412,3747.151339940163,2.069213316991336,-2121.847428366487,-38603.02021582442,-238064.5396578719,-91.56220762567412,-3747.151339940163,-2.069213316991336,238064.5396578719,0.0,38661.29079961783,3748.269841177479
SISMO_DOWN_2,envolvente_abs_grav_cqc,16,17.07,18.5,0.0,116151.97438656412,42330.122274639,491102.06365448,97.92464225505756,3469.113604824015,2.069213316991336,-116151.97438656412,-42330.122274639,-491102.06365448,-97.92464225505756,-3469.113604824015,-2.069213316991336,491102.06365448,0.0,123624.91822315975,3470.4954169017215
SISMO_DOWN_3,envolvente_abs_grav_cqc,1,0.0,0.0,0.0,127691.86219262618,56848.096979444155,533411.7434286493,110.82041347684758,3501.653875705549,2.069213316991336,-127691.86219262618,-56848.096979444155,-533411.7434286493,-110.82041347684758,-3501.653875705549,-2.069213316991336,533411.7434286493,0.0,139774.52486202528,3503.4070601754047
SISMO_DOWN_3,envolvente_abs_grav_cqc,5,0.0,6.2,0.0,2332.30386044437,59621.25014098103,466342.43984232534,347.744218593239,3977.4032472661493,2.069213316991336,-2332.30386044437,-59621.25014098103,-466342.43984232534,-347.744218593239,-3977.4032472661493,-2.069213316991336,466342.43984232534,0.0,59666.851011854764,3992.575939531812
SISMO_DOWN_3,envolvente_abs_grav_cqc,9,0.0,12.3,0.0,2254.243126923763,56859.54940222093,450815.864767553,329.69310724840665,3882.8453191426975,2.069213316991336,-2254.243126923763,-56859.54940222093,-450815.864767553,-329.69310724840665,-3882.8453191426975,-2.069213316991336,450815.864767553,0.0,56904.21750888844,3896.817331792121
SISMO_DOWN_3,envolvente_abs_grav_cqc,13,0.0,18.5,0.0,127639.67387294827,59912.142384477134,552033.3370819153,71.16594515961565,3438.9323822679326,2.069213316991336,-127639.67387294827,-59912.142384477134,-552033.3370819153,-71.16594515961565,-3438.9323822679326,-2.069213316991336,552033.3370819153,0.0,141001.24521255284,3439.668664502652
SISMO_DOWN_3,envolvente_abs_grav_cqc,2,6.32,0.0,0.0,135840.02437156992,275.47171108702895,635748.0011936737,272.78242055107694,4151.354789145017,2.069213316991336,-135840.02437156992,-275.47171108702895,-635748.0011936737,-272.78242055107694,-4151.354789145017,-2.069213316991336,635748.0011936737,0.0,135840.30368757396,4160.307300466995
SISMO_DOWN_3,envolvente_abs_grav_cqc,6,6.32,6.2,0.0,15042.250645456721,184.52018829171737,819718.0055829426,263.9997706309123,22925.867804425554,9.814038623144677,-15042.250645456721,-184.52018829171737,-819718.0055829426,-263.9997706309123,-22925.867804425554,-9.814038623144677,819718.0055829426,0.0,15043.382338444713,22927.387781099034
SISMO_DOWN_3,envolvente_abs_grav_cqc,10,6.32,12.3,0.0,13570.59841702729,280.7352193690043,781348.6563560138,237.6961487748993,21326.862536376633,9.814038623144677,-13570.59841702729,-280.7352193690043,-781348.6563560138,-237.6961487748993,-21326.862536376633,-9.814038623144677,781348.6563560138,0.0,13573.50189374937,21328.18710309546
SISMO_DOWN_3,envolvente_abs_grav_cqc,14,6.32,18.5,0.0,134273.70056269263,277.2812258565175,627085.2653518568,317.779546120964,4086.0690489852036,2.069213316991336,-134273.70056269263,-277.2812258565175,-627085.2653518568,-317.779546120964,-4086.0690489852036,-2.069213316991336,627085.2653518568,0.0,134273.98686148354,4098.407509387968
SISMO_DOWN_3,envolvente_abs_grav_cqc,3,11.620000000000001,0.0,0.0,120348.72475274296,310.6585988122813,577566.697249132,348.52548450272155,4310.98120370941,2.0692133169912665,-120348.72475274296,-310.6585988122813,-577566.697249132,-348.52548450272155,-4310.98120370941,-2.0692133169912665,577566.697249132,0.0,120349.12570673914,4325.046699410735
SISMO_DOWN_3,envolvente_abs_grav_cqc,7,11.620000000000001,6.2,0.0,11199.829570748,6017.6877779246515,614084.360893895,6308.484365625257,18984.633900108573,9.81403862314933,-11199.829570748,-6017.6877779246515,-614084.360893895,-6308.484365625257,-18984.633900108573,-9.81403862314933,614084.360893895,0.0,12714.116115813362,20005.3317721174
SISMO_DOWN_3,envolvente_abs_grav_cqc,11,11.620000000000001,12.3,0.0,10716.344218491151,757.8144816566175,420623.2078409032,742.0819976165977,18408.141914688003,9.814038623144983,-10716.344218491151,-757.8144816566175,-420623.2078409032,-742.0819976165977,-18408.141914688003,-9.814038623144983,420623.2078409032,0.0,10743.105519252671,18423.093509030452
SISMO_DOWN_3,envolvente_abs_grav_cqc,15,11.620000000000001,18.5,0.0,120900.93416747589,188.60264511647074,588623.7647434686,226.67427468363414,4210.708705040023,2.0692133169911906,-120900.93416747589,-188.60264511647074,-588623.7647434686,-226.67427468363414,-4210.708705040023,-2.0692133169911906,588623.7647434686,0.0,120901.08127525612,4216.80554750906
SISMO_DOWN_3,envolvente_abs_grav_cqc,4,17.07,0.0,0.0,116270.18684712354,44709.89786882829,486757.6364097065,231.10420380701308,3543.38376775972,2.069213316991336,-116270.18684712354,-44709.89786882829,-486757.6364097065,-231.10420380701308,-3543.38376775972,-2.069213316991336,486757.6364097065,0.0,124570.1863083863,3550.912231897649
SISMO_DOWN_3,envolvente_abs_grav_cqc,8,17.07,6.2,0.0,2182.5622997459723,47202.08816126896,353360.08300687943,1591.5606651206633,3819.4949657093125,2.069213316991336,-2182.5622997459723,-47202.08816126896,-353360.08300687943,-1591.5606651206633,-3819.4949657093125,-2.069213316991336,353360.08300687943,0.0,47252.52062034871,4137.826379131695
SISMO_DOWN_3,envolvente_abs_grav_cqc,12,17.07,12.3,0.0,2121.847428366487,38603.02021582442,238064.5396578719,91.56220762567412,3747.151339940163,2.069213316991336,-2121.847428366487,-38603.02021582442,-238064.5396578719,-91.56220762567412,-3747.151339940163,-2.069213316991336,238064.5396578719,0.0,38661.29079961783,3748.269841177479
SISMO_DOWN_3,envolvente_abs_grav_cqc,16,17.07,18.5,0.0,116151.97438656412,42330.122274639,491102.06365448,97.92464225505756,3469.113604824015,2.069213316991336,-116151.97438656412,-42330.122274639,-491102.06365448,-97.92464225505756,-3469.113604824015,-2.069213316991336,491102.06365448,0.0,123624.91822315975,3470.4954169017215
SISMO_DOWN_4,envolvente_abs_grav_cqc,1,0.0,0.0,0.0,127691.86219262618,56848.096979444155,533411.7434286493,110.82041347684758,3501.653875705549,2.069213316991336,-127691.86219262618,-56848.096979444155,-533411.7434286493,-110.82041347684758,-3501.653875705549,-2.069213316991336,533411.7434286493,0.0,139774.52486202528,3503.4070601754047
SISMO_DOWN_4,envolvente_abs_grav_cqc,5,0.0,6.2,0.0,2332.30386044437,59621.25014098103,466342.43984232534,347.744218593239,3977.4032472661493,2.069213316991336,-2332.30386044437,-59621.25014098103,-466342.43984232534,-347.744218593239,-3977.4032472661493,-2.069213316991336,466342.43984232534,0.0,59666.851011854764,3992.575939531812
SISMO_DOWN_4,envolvente_abs_grav_cqc,9,0.0,12.3,0.0,2254.243126923763,56859.54940222093,450815.864767553,329.69310724840665,3882.8453191426975,2.069213316991336,-2254.243126923763,-56859.54940222093,-450815.864767553,-329.69310724840665,-3882.8453191426975,-2.069213316991336,450815.864767553,0.0,56904.21750888844,3896.817331792121
SISMO_DOWN_4,envolvente_abs_grav_cqc,13,0.0,18.5,0.0,127639.67387294827,59912.142384477134,552033.3370819153,71.16594515961565,3438.9323822679326,2.069213316991336,-127639.67387294827,-59912.142384477134,-552033.3370819153,-71.16594515961565,-3438.9323822679326,-2.069213316991336,552033.3370819153,0.0,141001.24521255284,3439.668664502652
SISMO_DOWN_4,envolvente_abs_grav_cqc,2,6.32,0.0,0.0,135840.02437156992,275.47171108702895,635748.0011936737,272.78242055107694,4151.354789145017,2.069213316991336,-135840.02437156992,-275.47171108702895,-635748.0011936737,-272.78242055107694,-4151.354789145017,-2.069213316991336,635748.0011936737,0.0,135840.30368757396,4160.307300466995
SISMO_DOWN_4,envolvente_abs_grav_cqc,6,6.32,6.2,0.0,15042.250645456721,184.52018829171737,819718.0055829426,263.9997706309123,22925.867804425554,9.814038623144677,-15042.250645456721,-184.52018829171737,-819718.0055829426,-263.9997706309123,-22925.867804425554,-9.814038623144677,819718.0055829426,0.0,15043.382338444713,22927.387781099034
SISMO_DOWN_4,envolvente_abs_grav_cqc,10,6.32,12.3,0.0,13570.59841702729,280.7352193690043,781348.6563560138,237.6961487748993,21326.862536376633,9.814038623144677,-13570.59841702729,-280.7352193690043,-781348.6563560138,-237.6961487748993,-21326.862536376633,-9.814038623144677,781348.6563560138,0.0,13573.50189374937,21328.18710309546
SISMO_DOWN_4,envolvente_abs_grav_cqc,14,6.32,18.5,0.0,134273.70056269263,277.2812258565175,627085.2653518568,317.779546120964,4086.0690489852036,2.069213316991336,-134273.70056269263,-277.2812258565175,-627085.2653518568,-317.779546120964,-4086.0690489852036,-2.069213316991336,627085.2653518568,0.0,134273.98686148354,4098.407509387968
SISMO_DOWN_4,envolvente_abs_grav_cqc,3,11.620000000000001,0.0,0.0,120348.72475274296,310.6585988122813,577566.697249132,348.52548450272155,4310.98120370941,2.0692133169912665,-120348.72475274296,-310.6585988122813,-577566.697249132,-348.52548450272155,-4310.98120370941,-2.0692133169912665,577566.697249132,0.0,120349.12570673914,4325.046699410735
SISMO_DOWN_4,envolvente_abs_grav_cqc,7,11.620000000000001,6.2,0.0,11199.829570748,6017.6877779246515,614084.360893895,6308.484365625257,18984.633900108573,9.81403862314933,-11199.829570748,-6017.6877779246515,-614084.360893895,-6308.484365625257,-18984.633900108573,-9.81403862314933,614084.360893895,0.0,12714.116115813362,20005.3317721174
SISMO_DOWN_4,envolvente_abs_grav_cqc,11,11.620000000000001,12.3,0.0,10716.344218491151,757.8144816566175,420623.2078409032,742.0819976165977,18408.141914688003,9.814038623144983,-10716.344218491151,-757.8144816566175,-420623.2078409032,-742.0819976165977,-18408.141914688003,-9.814038623144983,420623.2078409032,0.0,10743.105519252671,18423.093509030452
SISMO_DOWN_4,envolvente_abs_grav_cqc,15,11.620000000000001,18.5,0.0,120900.93416747589,188.60264511647074,588623.7647434686,226.67427468363414,4210.708705040023,2.0692133169911906,-120900.93416747589,-188.60264511647074,-588623.7647434686,-226.67427468363414,-4210.708705040023,-2.0692133169911906,588623.7647434686,0.0,120901.08127525612,4216.80554750906
SISMO_DOWN_4,envolvente_abs_grav_cqc,4,17.07,0.0,0.0,116270.18684712354,44709.89786882829,486757.6364097065,231.10420380701308,3543.38376775972,2.069213316991336,-116270.18684712354,-44709.89786882829,-486757.6364097065,-231.10420380701308,-3543.38376775972,-2.069213316991336,486757.6364097065,0.0,124570.1863083863,3550.912231897649
SISMO_DOWN_4,envolvente_abs_grav_cqc,8,17.07,6.2,0.0,2182.5622997459723,47202.08816126896,353360.08300687943,1591.5606651206633,3819.4949657093125,2.069213316991336,-2182.5622997459723,-47202.08816126896,-353360.08300687943,-1591.5606651206633,-3819.4949657093125,-2.069213316991336,353360.08300687943,0.0,47252.52062034871,4137.826379131695
SISMO_DOWN_4,envolvente_abs_grav_cqc,12,17.07,12.3,0.0,2121.847428366487,38603.02021582442,238064.5396578719,91.56220762567412,3747.151339940163,2.069213316991336,-2121.847428366487,-38603.02021582442,-238064.5396578719,-91.56220762567412,-3747.151339940163,-2.069213316991336,238064.5396578719,0.0,38661.29079961783,3748.269841177479
SISMO_DOWN_4,envolvente_abs_grav_cqc,16,17.07,18.5,0.0,116151.97438656412,42330.122274639,491102.06365448,97.92464225505756,3469.113604824015,2.069213316991336,-116151.97438656412,-42330.122274639,-491102.06365448,-97.92464225505756,-3469.113604824015,-2.069213316991336,491102.06365448,0.0,123624.91822315975,3470.4954169017215
SISMO_DOWN_5,envolvente_abs_grav_cqc,1,0.0,0.0,0.0,67887.77007445133,48102.59604987002,381187.43716205464,39.40758677396279,1070.9472826308247,0.986108261632667,-67887.77007445133,-48102.59604987002,-381187.43716205464,-39.40758677396279,-1070.9472826308247,-0.986108261632667,381187.43716205464,0.0,83202.21795372128,1071.6720767425522
SISMO_DOWN_5,envolvente_abs_grav_cqc,5,0.0,6.2,0.0,902.1829251075853,49782.50288602288,432956.4761195583,284.044848847327,1421.5827277126477,0.986108261632667,-902.1829251075853,-49782.50288602288,-432956.4761195583,-284.044848847327,-1421.5827277126477,-0.986108261632667,432956.4761195583,0.0,49790.67711557287,1449.682354134047
SISMO_DOWN_5,envolvente_abs_grav_cqc,9,0.0,12.3,0.0,833.3020674269787,48213.48415606379,420526.5725644457,311.0376946606408,1342.2067667579383,0.986108261632667,-833.3020674269787,-48213.48415606379,-420526.5725644457,-311.0376946606408,-1342.2067667579383,-0.986108261632667,420526.5725644457,0.0,48220.68484377417,1377.7748191306896
SISMO_DOWN_5,envolvente_abs_grav_cqc,13,0.0,18.5,0.0,68880.07429594985,50339.19233479707,400042.1973868249,41.044321894226336,1057.4680926609126,0.986108261632667,-68880.07429594985,-50339.19233479707,-400042.1973868249,-41.044321894226336,-1057.4680926609126,-0.986108261632667,400042.1973868249,0.0,85314.11911246147,1058.2643352941955
SISMO_DOWN_5,envolvente_abs_grav_cqc,2,6.32,0.0,0.0,71751.79132368724,186.88054060779393,469078.3954554178,181.80371509533518,1352.2965544335273,0.986108261632667,-71751.79132368724,-186.88054060779393,-469078.3954554178,-181.80371509533518,-1352.2965544335273,-0.986108261632667,469078.3954554178,0.0,71752.03469236547,1364.4627374740783
SISMO_DOWN_5,envolvente_abs_grav_cqc,6,6.32,6.2,0.0,9953.965638852877,92.74863944418158,815862.4038839323,181.1748291367764,12627.960486107566,4.676997043657424,-9953.965638852877,-92.74863944418158,-815862.4038839323,-181.1748291367764,-12627.960486107566,-4.676997043657424,815862.4038839323,0.0,9954.397734146576,12629.260087487579
SISMO_DOWN_5,envolvente_abs_grav_cqc,10,6.32,12.3,0.0,8519.00125270062,168.20890604120288,777598.4375267328,112.1643719303341,11099.35271847782,4.676997043657424,-8519.00125270062,-168.20890604120288,-777598.4375267328,-112.1643719303341,-11099.35271847782,-4.676997043657424,777598.4375267328,0.0,8520.661745403717,11099.919441847833
SISMO_DOWN_5,envolvente_abs_grav_cqc,14,6.32,18.5,0.0,71542.07102582313,184.58865227401674,463704.5176876128,217.5330141064807,1342.6162534182038,0.986108261632667,-71542.07102582313,-184.58865227401674,-463704.5176876128,-217.5330141064807,-1342.6162534182038,-0.986108261632667,463704.5176876128,0.0,71542.3091578296,1360.1246325866555
SISMO_DOWN_5,envolvente_abs_grav_cqc,3,11.620000000000001,0.0,0.0,61546.59962063085,228.92515477489502,410563.95770612825,265.2263488402877,1520.3736270779416,0.9861082616325402,-61546.59962063085,-228.92515477489502,-410563.95770612825,-265.2263488402877,-1520.3736270779416,-0.9861082616325402,410563.95770612825,0.0,61547.02536750843,1543.3343714287212
SISMO_DOWN_5,envolvente_abs_grav_cqc,7,11.620000000000001,6.2,0.0,6031.329386340254,5900.151969524141,611461.2941878058,6202.774663490509,8598.344614584386,4.676997043661995,-6031.329386340254,-5900.151969524141,-611461.2941878058,-6202.774663490509,-8598.344614584386,-4.676997043661995,611461.2941878058,0.0,8437.341253618411,10602.166931207606
SISMO_DOWN_5,envolvente_abs_grav_cqc,11,11.620000000000001,12.3,0.0,5580.030104041597,641.1130868647848,418464.70156951656,607.1702164074708,8087.640119708255,4.676997043657826,-5580.030104041597,-641.1130868647848,-418464.70156951656,-607.1702164074708,-8087.640119708255,-4.676997043657826,418464.70156951656,0.0,5616.739441362735,8110.3993969228695
SISMO_DOWN_5,envolvente_abs_grav_cqc,15,11.620000000000001,18.5,0.0,63295.95983714247,97.6443741670185,425028.89644802734,127.76282012892877,1475.343173252128,0.9861082616325908,-63295.95983714247,-97.6443741670185,-425028.89644802734,-127.76282012892877,-1475.343173252128,-0.9861082616325908,425028.89644802734,0.0,63296.03515330924,1480.8648881883032
SISMO_DOWN_5,envolvente_abs_grav_cqc,4,17.07,0.0,0.0,61929.25935255089,36098.42531989879,333314.0673962456,159.26607509327908,1094.065839517753,0.986108261632667,-61929.25935255089,-36098.42531989879,-333314.0673962456,-159.26607509327908,-1094.065839517753,-0.986108261632667,333314.0673962456,0.0,71682.14194994331,1105.5974601432945
SISMO_DOWN_5,envolvente_abs_grav_cqc,8,17.07,6.2,0.0,720.11230648156,37481.049338118064,319524.98498144187,1520.9269149878282,1203.577321716921,0.986108261632667,-720.11230648156,-37481.049338118064,-319524.98498144187,-1520.9269149878282,-1203.577321716921,-0.986108261632667,319524.98498144187,0.0,37487.96635215609,1939.5404223902294
SISMO_DOWN_5,envolvente_abs_grav_cqc,12,17.07,12.3,0.0,666.5632225528554,30085.807353491717,207400.42673335923,65.77205616870474,1146.8870693389774,0.986108261632667,-666.5632225528554,-30085.807353491717,-207400.42673335923,-65.77205616870474,-1146.8870693389774,-0.986108261632667,207400.42673335923,0.0,30093.190436394016,1148.7714799687567
SISMO_DOWN_5,envolvente_abs_grav_cqc,16,17.07,18.5,0.0,62811.582594623134,32886.056579353295,337869.21374767664,67.53968211597912,1069.625241324411,0.986108261632667,-62811.582594623134,-32886.056579353295,-337869.21374767664,-67.53968211597912,-1069.625241324411,-0.986108261632667,337869.21374767664,0.0,70899.84220984974,1071.7554597661876
SISMO_DOWN_6,envolvente_abs_grav_cqc,1,0.0,0.0,0.0,67887.77007445133,48102.59604987002,381187.43716205464,39.40758677396279,1070.9472826308247,0.986108261632667,-67887.77007445133,-48102.59604987002,-381187.43716205464,-39.40758677396279,-1070.9472826308247,-0.986108261632667,381187.43716205464,0.0,83202.21795372128,1071.6720767425522
SISMO_DOWN_6,envolvente_abs_grav_cqc,5,0.0,6.2,0.0,902.1829251075853,49782.50288602288,432956.4761195583,284.044848847327,1421.5827277126477,0.986108261632667,-902.1829251075853,-49782.50288602288,-432956.4761195583,-284.044848847327,-1421.5827277126477,-0.986108261632667,432956.4761195583,0.0,49790.67711557287,1449.682354134047
SISMO_DOWN_6,envolvente_abs_grav_cqc,9,0.0,12.3,0.0,833.3020674269787,48213.48415606379,420526.5725644457,311.0376946606408,1342.2067667579383,0.986108261632667,-833.3020674269787,-48213.48415606379,-420526.5725644457,-311.0376946606408,-1342.2067667579383,-0.986108261632667,420526.5725644457,0.0,48220.68484377417,1377.7748191306896
SISMO_DOWN_6,envolvente_abs_grav_cqc,13,0.0,18.5,0.0,68880.07429594985,50339.19233479707,400042.1973868249,41.044321894226336,1057.4680926609126,0.986108261632667,-68880.07429594985,-50339.19233479707,-400042.1973868249,-41.044321894226336,-1057.4680926609126,-0.986108261632667,400042.1973868249,0.0,85314.11911246147,1058.2643352941955
SISMO_DOWN_6,envolvente_abs_grav_cqc,2,6.32,0.0,0.0,71751.79132368724,186.88054060779393,469078.3954554178,181.80371509533518,1352.2965544335273,0.986108261632667,-71751.79132368724,-186.88054060779393,-469078.3954554178,-181.80371509533518,-1352.2965544335273,-0.986108261632667,469078.3954554178,0.0,71752.03469236547,1364.4627374740783
SISMO_DOWN_6,envolvente_abs_grav_cqc,6,6.32,6.2,0.0,9953.965638852877,92.74863944418158,815862.4038839323,181.1748291367764,12627.960486107566,4.676997043657424,-9953.965638852877,-92.74863944418158,-815862.4038839323,-181.1748291367764,-12627.960486107566,-4.676997043657424,815862.4038839323,0.0,9954.397734146576,12629.260087487579
SISMO_DOWN_6,envolvente_abs_grav_cqc,10,6.32,12.3,0.0,8519.00125270062,168.20890604120288,777598.4375267328,112.1643719303341,11099.35271847782,4.676997043657424,-8519.00125270062,-168.20890604120288,-777598.4375267328,-112.1643719303341,-11099.35271847782,-4.676997043657424,777598.4375267328,0.0,8520.661745403717,11099.919441847833
SISMO_DOWN_6,envolvente_abs_grav_cqc,14,6.32,18.5,0.0,71542.07102582313,184.58865227401674,463704.5176876128,217.5330141064807,1342.6162534182038,0.986108261632667,-71542.07102582313,-184.58865227401674,-463704.5176876128,-217.5330141064807,-1342.6162534182038,-0.986108261632667,463704.5176876128,0.0,71542.3091578296,1360.1246325866555
SISMO_DOWN_6,envolvente_abs_grav_cqc,3,11.620000000000001,0.0,0.0,61546.59962063085,228.92515477489502,410563.95770612825,265.2263488402877,1520.3736270779416,0.9861082616325402,-61546.59962063085,-228.92515477489502,-410563.95770612825,-265.2263488402877,-1520.3736270779416,-0.9861082616325402,410563.95770612825,0.0,61547.02536750843,1543.3343714287212
SISMO_DOWN_6,envolvente_abs_grav_cqc,7,11.620000000000001,6.2,0.0,6031.329386340254,5900.151969524141,611461.2941878058,6202.774663490509,8598.344614584386,4.676997043661995,-6031.329386340254,-5900.151969524141,-611461.2941878058,-6202.774663490509,-8598.344614584386,-4.676997043661995,611461.2941878058,0.0,8437.341253618411,10602.166931207606
SISMO_DOWN_6,envolvente_abs_grav_cqc,11,11.620000000000001,12.3,0.0,5580.030104041597,641.1130868647848,418464.70156951656,607.1702164074708,8087.640119708255,4.676997043657826,-5580.030104041597,-641.1130868647848,-418464.70156951656,-607.1702164074708,-8087.640119708255,-4.676997043657826,418464.70156951656,0.0,5616.739441362735,8110.3993969228695
SISMO_DOWN_6,envolvente_abs_grav_cqc,15,11.620000000000001,18.5,0.0,63295.95983714247,97.6443741670185,425028.89644802734,127.76282012892877,1475.343173252128,0.9861082616325908,-63295.95983714247,-97.6443741670185,-425028.89644802734,-127.76282012892877,-1475.343173252128,-0.9861082616325908,425028.89644802734,0.0,63296.03515330924,1480.8648881883032
SISMO_DOWN_6,envolvente_abs_grav_cqc,4,17.07,0.0,0.0,61929.25935255089,36098.42531989879,333314.0673962456,159.26607509327908,1094.065839517753,0.986108261632667,-61929.25935255089,-36098.42531989879,-333314.0673962456,-159.26607509327908,-1094.065839517753,-0.986108261632667,333314.0673962456,0.0,71682.14194994331,1105.5974601432945
SISMO_DOWN_6,envolvente_abs_grav_cqc,8,17.07,6.2,0.0,720.11230648156,37481.049338118064,319524.98498144187,1520.9269149878282,1203.577321716921,0.986108261632667,-720.11230648156,-37481.049338118064,-319524.98498144187,-1520.9269149878282,-1203.577321716921,-0.986108261632667,319524.98498144187,0.0,37487.96635215609,1939.5404223902294
SISMO_DOWN_6,envolvente_abs_grav_cqc,12,17.07,12.3,0.0,666.5632225528554,30085.807353491717,207400.42673335923,65.77205616870474,1146.8870693389774,0.986108261632667,-666.5632225528554,-30085.807353491717,-207400.42673335923,-65.77205616870474,-1146.8870693389774,-0.986108261632667,207400.42673335923,0.0,30093.190436394016,1148.7714799687567
SISMO_DOWN_6,envolvente_abs_grav_cqc,16,17.07,18.5,0.0,62811.582594623134,32886.056579353295,337869.21374767664,67.53968211597912,1069.625241324411,0.986108261632667,-62811.582594623134,-32886.056579353295,-337869.21374767664,-67.53968211597912,-1069.625241324411,-0.986108261632667,337869.21374767664,0.0,70899.84220984974,1071.7554597661876
SISMO_DOWN_7,envolvente_abs_grav_cqc,1,0.0,0.0,0.0,67887.77007445133,48102.59604987002,381187.43716205464,39.40758677396279,1070.9472826308247,0.986108261632667,-67887.77007445133,-48102.59604987002,-381187.43716205464,-39.40758677396279,-1070.9472826308247,-0.986108261632667,381187.43716205464,0.0,83202.21795372128,1071.6720767425522
SISMO_DOWN_7,envolvente_abs_grav_cqc,5,0.0,6.2,0.0,902.1829251075853,49782.50288602288,432956.4761195583,284.044848847327,1421.5827277126477,0.986108261632667,-902.1829251075853,-49782.50288602288,-432956.4761195583,-284.044848847327,-1421.5827277126477,-0.986108261632667,432956.4761195583,0.0,49790.67711557287,1449.682354134047
SISMO_DOWN_7,envolvente_abs_grav_cqc,9,0.0,12.3,0.0,833.3020674269787,48213.48415606379,420526.5725644457,311.0376946606408,1342.2067667579383,0.986108261632667,-833.3020674269787,-48213.48415606379,-420526.5725644457,-311.0376946606408,-1342.2067667579383,-0.986108261632667,420526.5725644457,0.0,48220.68484377417,1377.7748191306896
SISMO_DOWN_7,envolvente_abs_grav_cqc,13,0.0,18.5,0.0,68880.07429594985,50339.19233479707,400042.1973868249,41.044321894226336,1057.4680926609126,0.986108261632667,-68880.07429594985,-50339.19233479707,-400042.1973868249,-41.044321894226336,-1057.4680926609126,-0.986108261632667,400042.1973868249,0.0,85314.11911246147,1058.2643352941955
SISMO_DOWN_7,envolvente_abs_grav_cqc,2,6.32,0.0,0.0,71751.79132368724,186.88054060779393,469078.3954554178,181.80371509533518,1352.2965544335273,0.986108261632667,-71751.79132368724,-186.88054060779393,-469078.3954554178,-181.80371509533518,-1352.2965544335273,-0.986108261632667,469078.3954554178,0.0,71752.03469236547,1364.4627374740783
SISMO_DOWN_7,envolvente_abs_grav_cqc,6,6.32,6.2,0.0,9953.965638852877,92.74863944418158,815862.4038839323,181.1748291367764,12627.960486107566,4.676997043657424,-9953.965638852877,-92.74863944418158,-815862.4038839323,-181.1748291367764,-12627.960486107566,-4.676997043657424,815862.4038839323,0.0,9954.397734146576,12629.260087487579
SISMO_DOWN_7,envolvente_abs_grav_cqc,10,6.32,12.3,0.0,8519.00125270062,168.20890604120288,777598.4375267328,112.1643719303341,11099.35271847782,4.676997043657424,-8519.00125270062,-168.20890604120288,-777598.4375267328,-112.1643719303341,-11099.35271847782,-4.676997043657424,777598.4375267328,0.0,8520.661745403717,11099.919441847833
SISMO_DOWN_7,envolvente_abs_grav_cqc,14,6.32,18.5,0.0,71542.07102582313,184.58865227401674,463704.5176876128,217.5330141064807,1342.6162534182038,0.986108261632667,-71542.07102582313,-184.58865227401674,-463704.5176876128,-217.5330141064807,-1342.6162534182038,-0.986108261632667,463704.5176876128,0.0,71542.3091578296,1360.1246325866555
SISMO_DOWN_7,envolvente_abs_grav_cqc,3,11.620000000000001,0.0,0.0,61546.59962063085,228.92515477489502,410563.95770612825,265.2263488402877,1520.3736270779416,0.9861082616325402,-61546.59962063085,-228.92515477489502,-410563.95770612825,-265.2263488402877,-1520.3736270779416,-0.9861082616325402,410563.95770612825,0.0,61547.02536750843,1543.3343714287212
SISMO_DOWN_7,envolvente_abs_grav_cqc,7,11.620000000000001,6.2,0.0,6031.329386340254,5900.151969524141,611461.2941878058,6202.774663490509,8598.344614584386,4.676997043661995,-6031.329386340254,-5900.151969524141,-611461.2941878058,-6202.774663490509,-8598.344614584386,-4.676997043661995,611461.2941878058,0.0,8437.341253618411,10602.166931207606
SISMO_DOWN_7,envolvente_abs_grav_cqc,11,11.620000000000001,12.3,0.0,5580.030104041597,641.1130868647848,418464.70156951656,607.1702164074708,8087.640119708255,4.676997043657826,-5580.030104041597,-641.1130868647848,-418464.70156951656,-607.1702164074708,-8087.640119708255,-4.676997043657826,418464.70156951656,0.0,5616.739441362735,8110.3993969228695
SISMO_DOWN_7,envolvente_abs_grav_cqc,15,11.620000000000001,18.5,0.0,63295.95983714247,97.6443741670185,425028.89644802734,127.76282012892877,1475.343173252128,0.9861082616325908,-63295.95983714247,-97.6443741670185,-425028.89644802734,-127.76282012892877,-1475.343173252128,-0.9861082616325908,425028.89644802734,0.0,63296.03515330924,1480.8648881883032
SISMO_DOWN_7,envolvente_abs_grav_cqc,4,17.07,0.0,0.0,61929.25935255089,36098.42531989879,333314.0673962456,159.26607509327908,1094.065839517753,0.986108261632667,-61929.25935255089,-36098.42531989879,-333314.0673962456,-159.26607509327908,-1094.065839517753,-0.986108261632667,333314.0673962456,0.0,71682.14194994331,1105.5974601432945
SISMO_DOWN_7,envolvente_abs_grav_cqc,8,17.07,6.2,0.0,720.11230648156,37481.049338118064,319524.98498144187,1520.9269149878282,1203.577321716921,0.986108261632667,-720.11230648156,-37481.049338118064,-319524.98498144187,-1520.9269149878282,-1203.577321716921,-0.986108261632667,319524.98498144187,0.0,37487.96635215609,1939.5404223902294
SISMO_DOWN_7,envolvente_abs_grav_cqc,12,17.07,12.3,0.0,666.5632225528554,30085.807353491717,207400.42673335923,65.77205616870474,1146.8870693389774,0.986108261632667,-666.5632225528554,-30085.807353491717,-207400.42673335923,-65.77205616870474,-1146.8870693389774,-0.986108261632667,207400.42673335923,0.0,30093.190436394016,1148.7714799687567
SISMO_DOWN_7,envolvente_abs_grav_cqc,16,17.07,18.5,0.0,62811.582594623134,32886.056579353295,337869.21374767664,67.53968211597912,1069.625241324411,0.986108261632667,-62811.582594623134,-32886.056579353295,-337869.21374767664,-67.53968211597912,-1069.625241324411,-0.986108261632667,337869.21374767664,0.0,70899.84220984974,1071.7554597661876
SISMO_DOWN_8,envolvente_abs_grav_cqc,1,0.0,0.0,0.0,67887.77007445133,48102.59604987002,381187.43716205464,39.40758677396279,1070.9472826308247,0.986108261632667,-67887.77007445133,-48102.59604987002,-381187.43716205464,-39.40758677396279,-1070.9472826308247,-0.986108261632667,381187.43716205464,0.0,83202.21795372128,1071.6720767425522
SISMO_DOWN_8,envolvente_abs_grav_cqc,5,0.0,6.2,0.0,902.1829251075853,49782.50288602288,432956.4761195583,284.044848847327,1421.5827277126477,0.986108261632667,-902.1829251075853,-49782.50288602288,-432956.4761195583,-284.044848847327,-1421.5827277126477,-0.986108261632667,432956.4761195583,0.0,49790.67711557287,1449.682354134047
SISMO_DOWN_8,envolvente_abs_grav_cqc,9,0.0,12.3,0.0,833.3020674269787,48213.48415606379,420526.5725644457,311.0376946606408,1342.2067667579383,0.986108261632667,-833.3020674269787,-48213.48415606379,-420526.5725644457,-311.0376946606408,-1342.2067667579383,-0.986108261632667,420526.5725644457,0.0,48220.68484377417,1377.7748191306896
SISMO_DOWN_8,envolvente_abs_grav_cqc,13,0.0,18.5,0.0,68880.07429594985,50339.19233479707,400042.1973868249,41.044321894226336,1057.4680926609126,0.986108261632667,-68880.07429594985,-50339.19233479707,-400042.1973868249,-41.044321894226336,-1057.4680926609126,-0.986108261632667,400042.1973868249,0.0,85314.11911246147,1058.2643352941955
SISMO_DOWN_8,envolvente_abs_grav_cqc,2,6.32,0.0,0.0,71751.79132368724,186.88054060779393,469078.3954554178,181.80371509533518,1352.2965544335273,0.986108261632667,-71751.79132368724,-186.88054060779393,-469078.3954554178,-181.80371509533518,-1352.2965544335273,-0.986108261632667,469078.3954554178,0.0,71752.03469236547,1364.4627374740783
SISMO_DOWN_8,envolvente_abs_grav_cqc,6,6.32,6.2,0.0,9953.965638852877,92.74863944418158,815862.4038839323,181.1748291367764,12627.960486107566,4.676997043657424,-9953.965638852877,-92.74863944418158,-815862.4038839323,-181.1748291367764,-12627.960486107566,-4.676997043657424,815862.4038839323,0.0,9954.397734146576,12629.260087487579
SISMO_DOWN_8,envolvente_abs_grav_cqc,10,6.32,12.3,0.0,8519.00125270062,168.20890604120288,777598.4375267328,112.1643719303341,11099.35271847782,4.676997043657424,-8519.00125270062,-168.20890604120288,-777598.4375267328,-112.1643719303341,-11099.35271847782,-4.676997043657424,777598.4375267328,0.0,8520.661745403717,11099.919441847833
SISMO_DOWN_8,envolvente_abs_grav_cqc,14,6.32,18.5,0.0,71542.07102582313,184.58865227401674,463704.5176876128,217.5330141064807,1342.6162534182038,0.986108261632667,-71542.07102582313,-184.58865227401674,-463704.5176876128,-217.5330141064807,-1342.6162534182038,-0.986108261632667,463704.5176876128,0.0,71542.3091578296,1360.1246325866555
SISMO_DOWN_8,envolvente_abs_grav_cqc,3,11.620000000000001,0.0,0.0,61546.59962063085,228.92515477489502,410563.95770612825,265.2263488402877,1520.3736270779416,0.9861082616325402,-61546.59962063085,-228.92515477489502,-410563.95770612825,-265.2263488402877,-1520.3736270779416,-0.9861082616325402,410563.95770612825,0.0,61547.02536750843,1543.3343714287212
SISMO_DOWN_8,envolvente_abs_grav_cqc,7,11.620000000000001,6.2,0.0,6031.329386340254,5900.151969524141,611461.2941878058,6202.774663490509,8598.344614584386,4.676997043661995,-6031.329386340254,-5900.151969524141,-611461.2941878058,-6202.774663490509,-8598.344614584386,-4.676997043661995,611461.2941878058,0.0,8437.341253618411,10602.166931207606
SISMO_DOWN_8,envolvente_abs_grav_cqc,11,11.620000000000001,12.3,0.0,5580.030104041597,641.1130868647848,418464.70156951656,607.1702164074708,8087.640119708255,4.676997043657826,-5580.030104041597,-641.1130868647848,-418464.70156951656,-607.1702164074708,-8087.640119708255,-4.676997043657826,418464.70156951656,0.0,5616.739441362735,8110.3993969228695
SISMO_DOWN_8,envolvente_abs_grav_cqc,15,11.620000000000001,18.5,0.0,63295.95983714247,97.6443741670185,425028.89644802734,127.76282012892877,1475.343173252128,0.9861082616325908,-63295.95983714247,-97.6443741670185,-425028.89644802734,-127.76282012892877,-1475.343173252128,-0.9861082616325908,425028.89644802734,0.0,63296.03515330924,1480.8648881883032
SISMO_DOWN_8,envolvente_abs_grav_cqc,4,17.07,0.0,0.0,61929.25935255089,36098.42531989879,333314.0673962456,159.26607509327908,1094.065839517753,0.986108261632667,-61929.25935255089,-36098.42531989879,-333314.0673962456,-159.26607509327908,-1094.065839517753,-0.986108261632667,333314.0673962456,0.0,71682.14194994331,1105.5974601432945
SISMO_DOWN_8,envolvente_abs_grav_cqc,8,17.07,6.2,0.0,720.11230648156,37481.049338118064,319524.98498144187,1520.9269149878282,1203.577321716921,0.986108261632667,-720.11230648156,-37481.049338118064,-319524.98498144187,-1520.9269149878282,-1203.577321716921,-0.986108261632667,319524.98498144187,0.0,37487.96635215609,1939.5404223902294
SISMO_DOWN_8,envolvente_abs_grav_cqc,12,17.07,12.3,0.0,666.5632225528554,30085.807353491717,207400.42673335923,65.77205616870474,1146.8870693389774,0.986108261632667,-666.5632225528554,-30085.807353491717,-207400.42673335923,-65.77205616870474,-1146.8870693389774,-0.986108261632667,207400.42673335923,0.0,30093.190436394016,1148.7714799687567
SISMO_DOWN_8,envolvente_abs_grav_cqc,16,17.07,18.5,0.0,62811.582594623134,32886.056579353295,337869.21374767664,67.53968211597912,1069.625241324411,0.986108261632667,-62811.582594623134,-32886.056579353295,-337869.21374767664,-67.53968211597912,-1069.625241324411,-0.986108261632667,337869.21374767664,0.0,70899.84220984974,1071.7554597661876
SISMO_UP_1,envolvente_abs_grav_cqc,1,0.0,0.0,0.0,115765.87557024637,44338.62251951547,444121.1156142807,113.43473128374121,3489.5473301535326,1.9281189560395338,-115765.87557024637,-44338.62251951547,-444121.1156142807,-113.43473128374121,-3489.5473301535326,-1.9281189560395338,444121.1156142807,0.0,123966.33169322164,3491.3905550143
SISMO_UP_1,envolvente_abs_grav_cqc,5,0.0,6.2,0.0,2231.462712197629,46769.459513352806,347207.22579869546,282.73409407723193,3864.3001326886383,1.9281189560395338,-2231.462712197629,-46769.459513352806,-347207.22579869546,-282.73409407723193,-3864.3001326886383,-1.9281189560395338,347207.22579869546,0.0,46822.66298500199,3874.629541446653
SISMO_UP_1,envolvente_abs_grav_cqc,9,0.0,12.3,0.0,2172.006050829098,44299.947493204585,334790.9457355071,251.84720510372497,3790.6933728516137,1.9281189560395338,-2172.006050829098,-44299.947493204585,-334790.9457355071,-251.84720510372497,-3790.6933728516137,-1.9281189560395338,334790.9457355071,0.0,44353.161760865725,3799.050310498625
SISMO_UP_1,envolvente_abs_grav_cqc,13,0.0,18.5,0.0,115310.10324309861,46876.27471028009,457410.4593399977,68.51484044588966,3424.605543012161,1.9281189560395338,-115310.10324309861,-46876.27471028009,-457410.4593399977,-68.51484044588966,-3424.605543012161,-1.9281189560395338,457410.4593399977,0.0,124474.11393798995,3425.2908502185537
SISMO_UP_1,envolvente_abs_grav_cqc,2,6.32,0.0,0.0,123329.3457047634,249.19552272921206,522584.1807344431,250.19705193224036,4112.396175278615,1.9281189560395338,-123329.3457047634,-249.19552272921206,-522584.1807344431,-250.19705193224036,-4112.396175278615,-1.9281189560395338,522584.1807344431,0.0,123329.59746295125,4120.000105247786
SISMO_UP_1,envolvente_abs_grav_cqc,6,6.32,6.2,0.0,12780.652750265233,179.71959191365923,587082.6726360135,235.9211103527539,20536.59739530219,9.144844443637712,-12780.652750265233,-179.71959191365923,-587082.6726360135,-235.9211103527539,-20536.59739530219,-9.144844443637712,587082.6726360135,0.0,12781.916282568114,20537.95246238151
SISMO_UP_1,envolvente_abs_grav_cqc,10,6.32,12.3,0.0,11719.422872950941,255.26082150830135,559765.9254229658,233.3870692194067,19370.867238990864,9.144844443637712,-11719.422872950941,-255.26082150830135,-559765.9254229658,-233.3870692194067,-19370.867238990864,-9.144844443637712,559765.9254229658,0.0,11722.202462082063,19372.273153006292
SISMO_UP_1,envolvente_abs_grav_cqc,14,6.32,18.5,0.0,121657.68194774337,253.1577460816076,515045.8353964135,286.61507315357363,4043.199868815835,1.9281189560395338,-121657.68194774337,-253.1577460816076,-515045.8353964135,-286.61507315357363,-4043.199868815835,-1.9281189560395338,515045.8353964135,0.0,121657.94534572202,4053.3459486393726
SISMO_UP_1,envolvente_abs_grav_cqc,3,11.620000000000001,0.0,0.0,110100.3063342536,241.37594522762015,481222.7402763351,268.41482203613924,4222.658729129522,1.9281189560395198,-110100.3063342536,-241.37594522762015,-481222.7402763351,-268.41482203613924,-4222.658729129522,-1.9281189560395198,481222.7402763351,0.0,110100.57092151439,4231.181071448306
SISMO_UP_1,envolvente_abs_grav_cqc,7,11.620000000000001,6.2,0.0,10088.976940266182,4367.874595805709,441399.9337469852,4574.901607067991,17777.124620144932,9.144844443641086,-10088.976940266182,-4367.874595805709,-441399.9337469852,-4574.901607067991,-17777.124620144932,-9.144844443641086,441399.9337469852,0.0,10993.89758847642,18356.358148459523
SISMO_UP_1,envolvente_abs_grav_cqc,11,11.620000000000001,12.3,0.0,9733.079359422665,623.215838937906,302536.21983752376,624.1769327048405,17341.43734566991,9.144844443637918,-9733.079359422665,-623.215838937906,-302536.21983752376,-624.1769327048405,-17341.43734566991,-9.144844443637918,302536.21983752376,0.0,9753.01142205435,17352.666828390265
SISMO_UP_1,envolvente_abs_grav_cqc,15,11.620000000000001,18.5,0.0,110020.78102747521,190.81185795207736,487817.8136504206,222.77572455863265,4128.319897408173,1.9281189560393885,-110020.78102747521,-190.81185795207736,-487817.8136504206,-222.77572455863265,-4128.319897408173,-1.9281189560393885,487817.8136504206,0.0,110020.94649229657,4134.326329499022
SISMO_UP_1,envolvente_abs_grav_cqc,4,17.07,0.0,0.0,105374.99116609212,35674.9006215888,411528.24813675997,199.24780566024572,3533.582005259145,1.9281189560395338,-105374.99116609212,-35674.9006215888,-411528.24813675997,-199.24780566024572,-3533.582005259145,-1.9281189560395338,411528.24813675997,0.0,111250.11144989576,3539.1950322003536
SISMO_UP_1,envolvente_abs_grav_cqc,8,17.07,6.2,0.0,2143.4262775153124,37917.50421873137,267512.90124304395,1172.7738503947169,3783.007647818491,1.9281189560395338,-2143.4262775153124,-37917.50421873137,-267512.90124304395,-1172.7738503947169,-3783.007647818491,-1.9281189560395338,267512.90124304395,0.0,37978.03842202298,3960.6243658825865
SISMO_UP_1,envolvente_abs_grav_cqc,12,17.07,12.3,0.0,2097.376036853921,31267.560092694694,183563.33743019248,74.55448875857766,3725.0672472634797,1.9281189560395338,-2097.376036853921,-31267.560092694694,-183563.33743019248,-74.55448875857766,-3725.0672472634797,-1.9281189560395338,183563.33743019248,0.0,31337.825393448136,3725.8132492691
SISMO_UP_1,envolvente_abs_grav_cqc,16,17.07,18.5,0.0,104890.55339939686,34322.665886000774,414620.58554245514,80.55255533748976,3460.0844328699377,1.9281189560395338,-104890.55339939686,-34322.665886000774,-414620.58554245514,-80.55255533748976,-3460.0844328699377,-1.9281189560395338,414620.58554245514,0.0,110363.37067140422,3461.0219584337046
SISMO_UP_2,envolvente_abs_grav_cqc,1,0.0,0.0,0.0,115765.87557024637,44338.62251951547,444121.1156142807,113.43473128374121,3489.5473301535326,1.9281189560395338,-115765.87557024637,-44338.62251951547,-444121.1156142807,-113.43473128374121,-3489.5473301535326,-1.9281189560395338,444121.1156142807,0.0,123966.33169322164,3491.3905550143
SISMO_UP_2,envolvente_abs_grav_cqc,5,0.0,6.2,0.0,2231.462712197629,46769.459513352806,347207.22579869546,282.73409407723193,3864.3001326886383,1.9281189560395338,-2231.462712197629,-46769.459513352806,-347207.22579869546,-282.73409407723193,-3864.3001326886383,-1.9281189560395338,347207.22579869546,0.0,46822.66298500199,3874.629541446653
SISMO_UP_2,envolvente_abs_grav_cqc,9,0.0,12.3,0.0,2172.006050829098,44299.947493204585,334790.9457355071,251.84720510372497,3790.6933728516137,1.9281189560395338,-2172.006050829098,-44299.947493204585,-334790.9457355071,-251.84720510372497,-3790.6933728516137,-1.9281189560395338,334790.9457355071,0.0,44353.161760865725,3799.050310498625
SISMO_UP_2,envolvente_abs_grav_cqc,13,0.0,18.5,0.0,115310.10324309861,46876.27471028009,457410.4593399977,68.51484044588966,3424.605543012161,1.9281189560395338,-115310.10324309861,-46876.27471028009,-457410.4593399977,-68.51484044588966,-3424.605543012161,-1.9281189560395338,457410.4593399977,0.0,124474.11393798995,3425.2908502185537
SISMO_UP_2,envolvente_abs_grav_cqc,2,6.32,0.0,0.0,123329.3457047634,249.19552272921206,522584.1807344431,250.19705193224036,4112.396175278615,1.9281189560395338,-123329.3457047634,-249.19552272921206,-522584.1807344431,-250.19705193224036,-4112.396175278615,-1.9281189560395338,522584.1807344431,0.0,123329.59746295125,4120.000105247786
SISMO_UP_2,envolvente_abs_grav_cqc,6,6.32,6.2,0.0,12780.652750265233,179.71959191365923,587082.6726360135,235.9211103527539,20536.59739530219,9.144844443637712,-12780.652750265233,-179.71959191365923,-587082.6726360135,-235.9211103527539,-20536.59739530219,-9.144844443637712,587082.6726360135,0.0,12781.916282568114,20537.95246238151
SISMO_UP_2,envolvente_abs_grav_cqc,10,6.32,12.3,0.0,11719.422872950941,255.26082150830135,559765.9254229658,233.3870692194067,19370.867238990864,9.144844443637712,-11719.422872950941,-255.26082150830135,-559765.9254229658,-233.3870692194067,-19370.867238990864,-9.144844443637712,559765.9254229658,0.0,11722.202462082063,19372.273153006292
SISMO_UP_2,envolvente_abs_grav_cqc,14,6.32,18.5,0.0,121657.68194774337,253.1577460816076,515045.8353964135,286.61507315357363,4043.199868815835,1.9281189560395338,-121657.68194774337,-253.1577460816076,-515045.8353964135,-286.61507315357363,-4043.199868815835,-1.9281189560395338,515045.8353964135,0.0,121657.94534572202,4053.3459486393726
SISMO_UP_2,envolvente_abs_grav_cqc,3,11.620000000000001,0.0,0.0,110100.3063342536,241.37594522762015,481222.7402763351,268.41482203613924,4222.658729129522,1.9281189560395198,-110100.3063342536,-241.37594522762015,-481222.7402763351,-268.41482203613924,-4222.658729129522,-1.9281189560395198,481222.7402763351,0.0,110100.57092151439,4231.181071448306
SISMO_UP_2,envolvente_abs_grav_cqc,7,11.620000000000001,6.2,0.0,10088.976940266182,4367.874595805709,441399.9337469852,4574.901607067991,17777.124620144932,9.144844443641086,-10088.976940266182,-4367.874595805709,-441399.9337469852,-4574.901607067991,-17777.124620144932,-9.144844443641086,441399.9337469852,0.0,10993.89758847642,18356.358148459523
SISMO_UP_2,envolvente_abs_grav_cqc,11,11.620000000000001,12.3,0.0,9733.079359422665,623.215838937906,302536.21983752376,624.1769327048405,17341.43734566991,9.144844443637918,-9733.079359422665,-623.215838937906,-302536.21983752376,-624.1769327048405,-17341.43734566991,-9.144844443637918,302536.21983752376,0.0,9753.01142205435,17352.666828390265
SISMO_UP_2,envolvente_abs_grav_cqc,15,11.620000000000001,18.5,0.0,110020.78102747521,190.81185795207736,487817.8136504206,222.77572455863265,4128.319897408173,1.9281189560393885,-110020.78102747521,-190.81185795207736,-487817.8136504206,-222.77572455863265,-4128.319897408173,-1.9281189560393885,487817.8136504206,0.0,110020.94649229657,4134.326329499022
SISMO_UP_2,envolvente_abs_grav_cqc,4,17.07,0.0,0.0,105374.99116609212,35674.9006215888,411528.24813675997,199.24780566024572,3533.582005259145,1.9281189560395338,-105374.99116609212,-35674.9006215888,-411528.24813675997,-199.24780566024572,-3533.582005259145,-1.9281189560395338,411528.24813675997,0.0,111250.11144989576,3539.1950322003536
SISMO_UP_2,envolvente_abs_grav_cqc,8,17.07,6.2,0.0,2143.4262775153124,37917.50421873137,267512.90124304395,1172.7738503947169,3783.007647818491,1.9281189560395338,-2143.4262775153124,-37917.50421873137,-267512.90124304395,-1172.7738503947169,-3783.007647818491,-1.9281189560395338,267512.90124304395,0.0,37978.03842202298,3960.6243658825865
SISMO_UP_2,envolvente_abs_grav_cqc,12,17.07,12.3,0.0,2097.376036853921,31267.560092694694,183563.33743019248,74.55448875857766,3725.0672472634797,1.9281189560395338,-2097.376036853921,-31267.560092694694,-183563.33743019248,-74.55448875857766,-3725.0672472634797,-1.9281189560395338,183563.33743019248,0.0,31337.825393448136,3725.8132492691
SISMO_UP_2,envolvente_abs_grav_cqc,16,17.07,18.5,0.0,104890.55339939686,34322.665886000774,414620.58554245514,80.55255533748976,3460.0844328699377,1.9281189560395338,-104890.55339939686,-34322.665886000774,-414620.58554245514,-80.55255533748976,-3460.0844328699377,-1.9281189560395338,414620.58554245514,0.0,110363.37067140422,3461.0219584337046
SISMO_UP_3,envolvente_abs_grav_cqc,1,0.0,0.0,0.0,115765.87557024637,44338.62251951547,444121.1156142807,113.43473128374121,3489.5473301535326,1.9281189560395338,-115765.87557024637,-44338.62251951547,-444121.1156142807,-113.43473128374121,-3489.5473301535326,-1.9281189560395338,444121.1156142807,0.0,123966.33169322164,3491.3905550143
SISMO_UP_3,envolvente_abs_grav_cqc,5,0.0,6.2,0.0,2231.462712197629,46769.459513352806,347207.22579869546,282.73409407723193,3864.3001326886383,1.9281189560395338,-2231.462712197629,-46769.459513352806,-347207.22579869546,-282.73409407723193,-3864.3001326886383,-1.9281189560395338,347207.22579869546,0.0,46822.66298500199,3874.629541446653
SISMO_UP_3,envolvente_abs_grav_cqc,9,0.0,12.3,0.0,2172.006050829098,44299.947493204585,334790.9457355071,251.84720510372497,3790.6933728516137,1.9281189560395338,-2172.006050829098,-44299.947493204585,-334790.9457355071,-251.84720510372497,-3790.6933728516137,-1.9281189560395338,334790.9457355071,0.0,44353.161760865725,3799.050310498625
SISMO_UP_3,envolvente_abs_grav_cqc,13,0.0,18.5,0.0,115310.10324309861,46876.27471028009,457410.4593399977,68.51484044588966,3424.605543012161,1.9281189560395338,-115310.10324309861,-46876.27471028009,-457410.4593399977,-68.51484044588966,-3424.605543012161,-1.9281189560395338,457410.4593399977,0.0,124474.11393798995,3425.2908502185537
SISMO_UP_3,envolvente_abs_grav_cqc,2,6.32,0.0,0.0,123329.3457047634,249.19552272921206,522584.1807344431,250.19705193224036,4112.396175278615,1.9281189560395338,-123329.3457047634,-249.19552272921206,-522584.1807344431,-250.19705193224036,-4112.396175278615,-1.9281189560395338,522584.1807344431,0.0,123329.59746295125,4120.000105247786
SISMO_UP_3,envolvente_abs_grav_cqc,6,6.32,6.2,0.0,12780.652750265233,179.71959191365923,587082.6726360135,235.9211103527539,20536.59739530219,9.144844443637712,-12780.652750265233,-179.71959191365923,-587082.6726360135,-235.9211103527539,-20536.59739530219,-9.144844443637712,587082.6726360135,0.0,12781.916282568114,20537.95246238151
SISMO_UP_3,envolvente_abs_grav_cqc,10,6.32,12.3,0.0,11719.422872950941,255.26082150830135,559765.9254229658,233.3870692194067,19370.867238990864,9.144844443637712,-11719.422872950941,-255.26082150830135,-559765.9254229658,-233.3870692194067,-19370.867238990864,-9.144844443637712,559765.9254229658,0.0,11722.202462082063,19372.273153006292
SISMO_UP_3,envolvente_abs_grav_cqc,14,6.32,18.5,0.0,121657.68194774337,253.1577460816076,515045.8353964135,286.61507315357363,4043.199868815835,1.9281189560395338,-121657.68194774337,-253.1577460816076,-515045.8353964135,-286.61507315357363,-4043.199868815835,-1.9281189560395338,515045.8353964135,0.0,121657.94534572202,4053.3459486393726
SISMO_UP_3,envolvente_abs_grav_cqc,3,11.620000000000001,0.0,0.0,110100.3063342536,241.37594522762015,481222.7402763351,268.41482203613924,4222.658729129522,1.9281189560395198,-110100.3063342536,-241.37594522762015,-481222.7402763351,-268.41482203613924,-4222.658729129522,-1.9281189560395198,481222.7402763351,0.0,110100.57092151439,4231.181071448306
SISMO_UP_3,envolvente_abs_grav_cqc,7,11.620000000000001,6.2,0.0,10088.976940266182,4367.874595805709,441399.9337469852,4574.901607067991,17777.124620144932,9.144844443641086,-10088.976940266182,-4367.874595805709,-441399.9337469852,-4574.901607067991,-17777.124620144932,-9.144844443641086,441399.9337469852,0.0,10993.89758847642,18356.358148459523
SISMO_UP_3,envolvente_abs_grav_cqc,11,11.620000000000001,12.3,0.0,9733.079359422665,623.215838937906,302536.21983752376,624.1769327048405,17341.43734566991,9.144844443637918,-9733.079359422665,-623.215838937906,-302536.21983752376,-624.1769327048405,-17341.43734566991,-9.144844443637918,302536.21983752376,0.0,9753.01142205435,17352.666828390265
SISMO_UP_3,envolvente_abs_grav_cqc,15,11.620000000000001,18.5,0.0,110020.78102747521,190.81185795207736,487817.8136504206,222.77572455863265,4128.319897408173,1.9281189560393885,-110020.78102747521,-190.81185795207736,-487817.8136504206,-222.77572455863265,-4128.319897408173,-1.9281189560393885,487817.8136504206,0.0,110020.94649229657,4134.326329499022
SISMO_UP_3,envolvente_abs_grav_cqc,4,17.07,0.0,0.0,105374.99116609212,35674.9006215888,411528.24813675997,199.24780566024572,3533.582005259145,1.9281189560395338,-105374.99116609212,-35674.9006215888,-411528.24813675997,-199.24780566024572,-3533.582005259145,-1.9281189560395338,411528.24813675997,0.0,111250.11144989576,3539.1950322003536
SISMO_UP_3,envolvente_abs_grav_cqc,8,17.07,6.2,0.0,2143.4262775153124,37917.50421873137,267512.90124304395,1172.7738503947169,3783.007647818491,1.9281189560395338,-2143.4262775153124,-37917.50421873137,-267512.90124304395,-1172.7738503947169,-3783.007647818491,-1.9281189560395338,267512.90124304395,0.0,37978.03842202298,3960.6243658825865
SISMO_UP_3,envolvente_abs_grav_cqc,12,17.07,12.3,0.0,2097.376036853921,31267.560092694694,183563.33743019248,74.55448875857766,3725.0672472634797,1.9281189560395338,-2097.376036853921,-31267.560092694694,-183563.33743019248,-74.55448875857766,-3725.0672472634797,-1.9281189560395338,183563.33743019248,0.0,31337.825393448136,3725.8132492691
SISMO_UP_3,envolvente_abs_grav_cqc,16,17.07,18.5,0.0,104890.55339939686,34322.665886000774,414620.58554245514,80.55255533748976,3460.0844328699377,1.9281189560395338,-104890.55339939686,-34322.665886000774,-414620.58554245514,-80.55255533748976,-3460.0844328699377,-1.9281189560395338,414620.58554245514,0.0,110363.37067140422,3461.0219584337046
SISMO_UP_4,envolvente_abs_grav_cqc,1,0.0,0.0,0.0,115765.87557024637,44338.62251951547,444121.1156142807,113.43473128374121,3489.5473301535326,1.9281189560395338,-115765.87557024637,-44338.62251951547,-444121.1156142807,-113.43473128374121,-3489.5473301535326,-1.9281189560395338,444121.1156142807,0.0,123966.33169322164,3491.3905550143
SISMO_UP_4,envolvente_abs_grav_cqc,5,0.0,6.2,0.0,2231.462712197629,46769.459513352806,347207.22579869546,282.73409407723193,3864.3001326886383,1.9281189560395338,-2231.462712197629,-46769.459513352806,-347207.22579869546,-282.73409407723193,-3864.3001326886383,-1.9281189560395338,347207.22579869546,0.0,46822.66298500199,3874.629541446653
SISMO_UP_4,envolvente_abs_grav_cqc,9,0.0,12.3,0.0,2172.006050829098,44299.947493204585,334790.9457355071,251.84720510372497,3790.6933728516137,1.9281189560395338,-2172.006050829098,-44299.947493204585,-334790.9457355071,-251.84720510372497,-3790.6933728516137,-1.9281189560395338,334790.9457355071,0.0,44353.161760865725,3799.050310498625
SISMO_UP_4,envolvente_abs_grav_cqc,13,0.0,18.5,0.0,115310.10324309861,46876.27471028009,457410.4593399977,68.51484044588966,3424.605543012161,1.9281189560395338,-115310.10324309861,-46876.27471028009,-457410.4593399977,-68.51484044588966,-3424.605543012161,-1.9281189560395338,457410.4593399977,0.0,124474.11393798995,3425.2908502185537
SISMO_UP_4,envolvente_abs_grav_cqc,2,6.32,0.0,0.0,123329.3457047634,249.19552272921206,522584.1807344431,250.19705193224036,4112.396175278615,1.9281189560395338,-123329.3457047634,-249.19552272921206,-522584.1807344431,-250.19705193224036,-4112.396175278615,-1.9281189560395338,522584.1807344431,0.0,123329.59746295125,4120.000105247786
SISMO_UP_4,envolvente_abs_grav_cqc,6,6.32,6.2,0.0,12780.652750265233,179.71959191365923,587082.6726360135,235.9211103527539,20536.59739530219,9.144844443637712,-12780.652750265233,-179.71959191365923,-587082.6726360135,-235.9211103527539,-20536.59739530219,-9.144844443637712,587082.6726360135,0.0,12781.916282568114,20537.95246238151
SISMO_UP_4,envolvente_abs_grav_cqc,10,6.32,12.3,0.0,11719.422872950941,255.26082150830135,559765.9254229658,233.3870692194067,19370.867238990864,9.144844443637712,-11719.422872950941,-255.26082150830135,-559765.9254229658,-233.3870692194067,-19370.867238990864,-9.144844443637712,559765.9254229658,0.0,11722.202462082063,19372.273153006292
SISMO_UP_4,envolvente_abs_grav_cqc,14,6.32,18.5,0.0,121657.68194774337,253.1577460816076,515045.8353964135,286.61507315357363,4043.199868815835,1.9281189560395338,-121657.68194774337,-253.1577460816076,-515045.8353964135,-286.61507315357363,-4043.199868815835,-1.9281189560395338,515045.8353964135,0.0,121657.94534572202,4053.3459486393726
SISMO_UP_4,envolvente_abs_grav_cqc,3,11.620000000000001,0.0,0.0,110100.3063342536,241.37594522762015,481222.7402763351,268.41482203613924,4222.658729129522,1.9281189560395198,-110100.3063342536,-241.37594522762015,-481222.7402763351,-268.41482203613924,-4222.658729129522,-1.9281189560395198,481222.7402763351,0.0,110100.57092151439,4231.181071448306
SISMO_UP_4,envolvente_abs_grav_cqc,7,11.620000000000001,6.2,0.0,10088.976940266182,4367.874595805709,441399.9337469852,4574.901607067991,17777.124620144932,9.144844443641086,-10088.976940266182,-4367.874595805709,-441399.9337469852,-4574.901607067991,-17777.124620144932,-9.144844443641086,441399.9337469852,0.0,10993.89758847642,18356.358148459523
SISMO_UP_4,envolvente_abs_grav_cqc,11,11.620000000000001,12.3,0.0,9733.079359422665,623.215838937906,302536.21983752376,624.1769327048405,17341.43734566991,9.144844443637918,-9733.079359422665,-623.215838937906,-302536.21983752376,-624.1769327048405,-17341.43734566991,-9.144844443637918,302536.21983752376,0.0,9753.01142205435,17352.666828390265
SISMO_UP_4,envolvente_abs_grav_cqc,15,11.620000000000001,18.5,0.0,110020.78102747521,190.81185795207736,487817.8136504206,222.77572455863265,4128.319897408173,1.9281189560393885,-110020.78102747521,-190.81185795207736,-487817.8136504206,-222.77572455863265,-4128.319897408173,-1.9281189560393885,487817.8136504206,0.0,110020.94649229657,4134.326329499022
SISMO_UP_4,envolvente_abs_grav_cqc,4,17.07,0.0,0.0,105374.99116609212,35674.9006215888,411528.24813675997,199.24780566024572,3533.582005259145,1.9281189560395338,-105374.99116609212,-35674.9006215888,-411528.24813675997,-199.24780566024572,-3533.582005259145,-1.9281189560395338,411528.24813675997,0.0,111250.11144989576,3539.1950322003536
SISMO_UP_4,envolvente_abs_grav_cqc,8,17.07,6.2,0.0,2143.4262775153124,37917.50421873137,267512.90124304395,1172.7738503947169,3783.007647818491,1.9281189560395338,-2143.4262775153124,-37917.50421873137,-267512.90124304395,-1172.7738503947169,-3783.007647818491,-1.9281189560395338,267512.90124304395,0.0,37978.03842202298,3960.6243658825865
SISMO_UP_4,envolvente_abs_grav_cqc,12,17.07,12.3,0.0,2097.376036853921,31267.560092694694,183563.33743019248,74.55448875857766,3725.0672472634797,1.9281189560395338,-2097.376036853921,-31267.560092694694,-183563.33743019248,-74.55448875857766,-3725.0672472634797,-1.9281189560395338,183563.33743019248,0.0,31337.825393448136,3725.8132492691
SISMO_UP_4,envolvente_abs_grav_cqc,16,17.07,18.5,0.0,104890.55339939686,34322.665886000774,414620.58554245514,80.55255533748976,3460.0844328699377,1.9281189560395338,-104890.55339939686,-34322.665886000774,-414620.58554245514,-80.55255533748976,-3460.0844328699377,-1.9281189560395338,414620.58554245514,0.0,110363.37067140422,3461.0219584337046
SISMO_UP_5,envolvente_abs_grav_cqc,1,0.0,0.0,0.0,55961.78345207152,35593.12158994134,291896.8093476861,42.02190458085643,1058.840737078808,0.8450139006808649,-55961.78345207152,-35593.12158994134,-291896.8093476861,-42.02190458085643,-1058.840737078808,-0.8450139006808649,291896.8093476861,0.0,66321.87807694302,1059.6742645559511
SISMO_UP_5,envolvente_abs_grav_cqc,5,0.0,6.2,0.0,801.3417768608444,36930.71225839465,313821.26207592845,219.03472433131998,1308.479613135137,0.8450139006808649,-801.3417768608444,-36930.71225839465,-313821.26207592845,-219.03472433131998,-1308.479613135137,-0.8450139006808649,313821.26207592845,0.0,36939.40520035052,1326.6857610049092
SISMO_UP_5,envolvente_abs_grav_cqc,9,0.0,12.3,0.0,751.064991332314,35653.88224704745,304501.65353239985,233.19179251595907,1250.0548204668546,0.8450139006808649,-751.064991332314,-35653.88224704745,-304501.65353239985,-233.19179251595907,-1250.0548204668546,-0.8450139006808649,304501.65353239985,0.0,35661.79212977848,1271.619230064262
SISMO_UP_5,envolvente_abs_grav_cqc,13,0.0,18.5,0.0,56550.503666100165,37303.32466060003,305419.31964490726,38.39321718050034,1043.141253405141,0.8450139006808649,-56550.503666100165,-37303.32466060003,-305419.31964490726,-38.39321718050034,-1043.141253405141,-0.8450139006808649,305419.31964490726,0.0,67745.8300976801,1043.8475528931979
SISMO_UP_5,envolvente_abs_grav_cqc,2,6.32,0.0,0.0,59241.11265688075,160.604352249977,355914.57499618724,159.21834647649865,1313.3379405671258,0.8450139006808649,-59241.11265688075,-160.604352249977,-355914.57499618724,-159.21834647649865,-1313.3379405671258,-0.8450139006808649,355914.57499618724,0.0,59241.33035797895,1322.9539024424885
SISMO_UP_5,envolvente_abs_grav_cqc,6,6.32,6.2,0.0,7692.36774366139,87.94804306612345,583227.0709370031,153.096168858618,10238.690076984201,4.0078028641504595,-7692.36774366139,-87.94804306612345,-583227.0709370031,-153.096168858618,-10238.690076984201,-4.0078028641504595,583227.0709370031,0.0,7692.8704890958215,10239.834614360427
SISMO_UP_5,envolvente_abs_grav_cqc,10,6.32,12.3,0.0,6667.825708624273,142.73450818049992,556015.7065936847,107.85529237484147,9143.35742109205,4.0078028641504595,-6667.825708624273,-142.73450818049992,-556015.7065936847,-107.85529237484147,-9143.35742109205,-4.0078028641504595,556015.7065936847,0.0,6669.3532535333825,9143.993530943268
SISMO_UP_5,envolvente_abs_grav_cqc,14,6.32,18.5,0.0,58926.05241087386,160.46517249910684,351665.08773216954,186.3685411390903,1299.7470732488348,0.8450139006808649,-58926.05241087386,-160.46517249910684,-351665.08773216954,-186.3685411390903,-1299.7470732488348,-0.8450139006808649,351665.08773216954,0.0,58926.27089677946,1313.040626768732
SISMO_UP_5,envolvente_abs_grav_cqc,3,11.620000000000001,0.0,0.0,51298.18120214151,159.64250119023384,314220.0007333314,185.11568637370542,1432.051152498054,0.8450139006807936,-51298.18120214151,-159.64250119023384,-314220.0007333314,-185.11568637370542,-1432.051152498054,-0.8450139006807936,314220.0007333314,0.0,51298.42960925735,1443.966177135951
SISMO_UP_5,envolvente_abs_grav_cqc,7,11.620000000000001,6.2,0.0,4920.476755858437,4250.338787405199,438776.86704089603,4469.191904933243,7390.835334620744,4.007802864153752,-4920.476755858437,-4250.338787405199,-438776.86704089603,-4469.191904933243,-7390.835334620744,-4.007802864153752,438776.86704089603,0.0,6502.03593597146,8637.020506320414
SISMO_UP_5,envolvente_abs_grav_cqc,11,11.620000000000001,12.3,0.0,4596.765244973112,506.5144441460734,300377.71356613707,489.2651514957135,7020.93555069016,4.0078028641507615,-4596.765244973112,-506.5144441460734,-300377.71356613707,-489.2651514957135,-7020.93555069016,-4.0078028641507615,300377.71356613707,0.0,4624.5872896423225,7037.962517335047
SISMO_UP_5,envolvente_abs_grav_cqc,15,11.620000000000001,18.5,0.0,52415.80669714181,99.85358700262512,324222.94535497937,123.86427000392727,1392.9543656202777,0.8450139006807889,-52415.80669714181,-99.85358700262512,-324222.94535497937,-123.86427000392727,-1392.9543656202777,-0.8450139006807889,324222.94535497937,0.0,52415.901809002324,1398.450650571623
SISMO_UP_5,envolvente_abs_grav_cqc,4,17.07,0.0,0.0,51034.06367151948,27063.42807265931,258084.67912329905,127.40967694651172,1084.2640770171781,0.8450139006808649,-51034.06367151948,-27063.42807265931,-258084.67912329905,-127.40967694651172,-1084.2640770171781,-0.8450139006808649,258084.67912329905,0.0,57765.948394124964,1091.7242392149803
SISMO_UP_5,envolvente_abs_grav_cqc,8,17.07,6.2,0.0,680.9762842509,28196.465395580468,233677.80321760642,1102.1401002618818,1167.0900038260993,0.8450139006808649,-680.9762842509,-28196.465395580468,-233677.80321760642,-1102.1401002618818,-1167.0900038260993,-0.8450139006808649,233677.80321760642,0.0,28204.687367596878,1605.2451145031014
SISMO_UP_5,envolvente_abs_grav_cqc,12,17.07,12.3,0.0,642.0918310402894,22750.347230361996,152899.2245056798,48.764337301608265,1124.802976662294,0.8450139006808649,-642.0918310402894,-22750.347230361996,-152899.2245056798,-48.764337301608265,-1124.802976662294,-0.8450139006808649,152899.2245056798,0.0,22759.406429464027,1125.8595369320376
SISMO_UP_5,envolvente_abs_grav_cqc,16,17.07,18.5,0.0,51550.16160745588,24878.60019071507,261387.73563565183,50.16759519841131,1060.5960693703335,0.8450139006808649,-51550.16160745588,-24878.60019071507,-261387.73563565183,-50.16759519841131,-1060.5960693703335,-0.8450139006808649,261387.73563565183,0.0,57239.53100091113,1061.7819032041339
SISMO_UP_6,envolvente_abs_grav_cqc,1,0.0,0.0,0.0,55961.78345207152,35593.12158994134,291896.8093476861,42.02190458085643,1058.840737078808,0.8450139006808649,-55961.78345207152,-35593.12158994134,-291896.8093476861,-42.02190458085643,-1058.840737078808,-0.8450139006808649,291896.8093476861,0.0,66321.87807694302,1059.6742645559511
SISMO_UP_6,envolvente_abs_grav_cqc,5,0.0,6.2,0.0,801.3417768608444,36930.71225839465,313821.26207592845,219.03472433131998,1308.479613135137,0.8450139006808649,-801.3417768608444,-36930.71225839465,-313821.26207592845,-219.03472433131998,-1308.479613135137,-0.8450139006808649,313821.26207592845,0.0,36939.40520035052,1326.6857610049092
SISMO_UP_6,envolvente_abs_grav_cqc,9,0.0,12.3,0.0,751.064991332314,35653.88224704745,304501.65353239985,233.19179251595907,1250.0548204668546,0.8450139006808649,-751.064991332314,-35653.88224704745,-304501.65353239985,-233.19179251595907,-1250.0548204668546,-0.8450139006808649,304501.65353239985,0.0,35661.79212977848,1271.619230064262
SISMO_UP_6,envolvente_abs_grav_cqc,13,0.0,18.5,0.0,56550.503666100165,37303.32466060003,305419.31964490726,38.39321718050034,1043.141253405141,0.8450139006808649,-56550.503666100165,-37303.32466060003,-305419.31964490726,-38.39321718050034,-1043.141253405141,-0.8450139006808649,305419.31964490726,0.0,67745.8300976801,1043.8475528931979
SISMO_UP_6,envolvente_abs_grav_cqc,2,6.32,0.0,0.0,59241.11265688075,160.604352249977,355914.57499618724,159.21834647649865,1313.3379405671258,0.8450139006808649,-59241.11265688075,-160.604352249977,-355914.57499618724,-159.21834647649865,-1313.3379405671258,-0.8450139006808649,355914.57499618724,0.0,59241.33035797895,1322.9539024424885
SISMO_UP_6,envolvente_abs_grav_cqc,6,6.32,6.2,0.0,7692.36774366139,87.94804306612345,583227.0709370031,153.096168858618,10238.690076984201,4.0078028641504595,-7692.36774366139,-87.94804306612345,-583227.0709370031,-153.096168858618,-10238.690076984201,-4.0078028641504595,583227.0709370031,0.0,7692.8704890958215,10239.834614360427
SISMO_UP_6,envolvente_abs_grav_cqc,10,6.32,12.3,0.0,6667.825708624273,142.73450818049992,556015.7065936847,107.85529237484147,9143.35742109205,4.0078028641504595,-6667.825708624273,-142.73450818049992,-556015.7065936847,-107.85529237484147,-9143.35742109205,-4.0078028641504595,556015.7065936847,0.0,6669.3532535333825,9143.993530943268
SISMO_UP_6,envolvente_abs_grav_cqc,14,6.32,18.5,0.0,58926.05241087386,160.46517249910684,351665.08773216954,186.3685411390903,1299.7470732488348,0.8450139006808649,-58926.05241087386,-160.46517249910684,-351665.08773216954,-186.3685411390903,-1299.7470732488348,-0.8450139006808649,351665.08773216954,0.0,58926.27089677946,1313.040626768732
SISMO_UP_6,envolvente_abs_grav_cqc,3,11.620000000000001,0.0,0.0,51298.18120214151,159.64250119023384,314220.0007333314,185.11568637370542,1432.051152498054,0.8450139006807936,-51298.18120214151,-159.64250119023384,-314220.0007333314,-185.11568637370542,-1432.051152498054,-0.8450139006807936,314220.0007333314,0.0,51298.42960925735,1443.966177135951
SISMO_UP_6,envolvente_abs_grav_cqc,7,11.620000000000001,6.2,0.0,4920.476755858437,4250.338787405199,438776.86704089603,4469.191904933243,7390.835334620744,4.007802864153752,-4920.476755858437,-4250.338787405199,-438776.86704089603,-4469.191904933243,-7390.835334620744,-4.007802864153752,438776.86704089603,0.0,6502.03593597146,8637.020506320414
SISMO_UP_6,envolvente_abs_grav_cqc,11,11.620000000000001,12.3,0.0,4596.765244973112,506.5144441460734,300377.71356613707,489.2651514957135,7020.93555069016,4.0078028641507615,-4596.765244973112,-506.5144441460734,-300377.71356613707,-489.2651514957135,-7020.93555069016,-4.0078028641507615,300377.71356613707,0.0,4624.5872896423225,7037.962517335047
SISMO_UP_6,envolvente_abs_grav_cqc,15,11.620000000000001,18.5,0.0,52415.80669714181,99.85358700262512,324222.94535497937,123.86427000392727,1392.9543656202777,0.8450139006807889,-52415.80669714181,-99.85358700262512,-324222.94535497937,-123.86427000392727,-1392.9543656202777,-0.8450139006807889,324222.94535497937,0.0,52415.901809002324,1398.450650571623
SISMO_UP_6,envolvente_abs_grav_cqc,4,17.07,0.0,0.0,51034.06367151948,27063.42807265931,258084.67912329905,127.40967694651172,1084.2640770171781,0.8450139006808649,-51034.06367151948,-27063.42807265931,-258084.67912329905,-127.40967694651172,-1084.2640770171781,-0.8450139006808649,258084.67912329905,0.0,57765.948394124964,1091.7242392149803
SISMO_UP_6,envolvente_abs_grav_cqc,8,17.07,6.2,0.0,680.9762842509,28196.465395580468,233677.80321760642,1102.1401002618818,1167.0900038260993,0.8450139006808649,-680.9762842509,-28196.465395580468,-233677.80321760642,-1102.1401002618818,-1167.0900038260993,-0.8450139006808649,233677.80321760642,0.0,28204.687367596878,1605.2451145031014
SISMO_UP_6,envolvente_abs_grav_cqc,12,17.07,12.3,0.0,642.0918310402894,22750.347230361996,152899.2245056798,48.764337301608265,1124.802976662294,0.8450139006808649,-642.0918310402894,-22750.347230361996,-152899.2245056798,-48.764337301608265,-1124.802976662294,-0.8450139006808649,152899.2245056798,0.0,22759.406429464027,1125.8595369320376
SISMO_UP_6,envolvente_abs_grav_cqc,16,17.07,18.5,0.0,51550.16160745588,24878.60019071507,261387.73563565183,50.16759519841131,1060.5960693703335,0.8450139006808649,-51550.16160745588,-24878.60019071507,-261387.73563565183,-50.16759519841131,-1060.5960693703335,-0.8450139006808649,261387.73563565183,0.0,57239.53100091113,1061.7819032041339
SISMO_UP_7,envolvente_abs_grav_cqc,1,0.0,0.0,0.0,55961.78345207152,35593.12158994134,291896.8093476861,42.02190458085643,1058.840737078808,0.8450139006808649,-55961.78345207152,-35593.12158994134,-291896.8093476861,-42.02190458085643,-1058.840737078808,-0.8450139006808649,291896.8093476861,0.0,66321.87807694302,1059.6742645559511
SISMO_UP_7,envolvente_abs_grav_cqc,5,0.0,6.2,0.0,801.3417768608444,36930.71225839465,313821.26207592845,219.03472433131998,1308.479613135137,0.8450139006808649,-801.3417768608444,-36930.71225839465,-313821.26207592845,-219.03472433131998,-1308.479613135137,-0.8450139006808649,313821.26207592845,0.0,36939.40520035052,1326.6857610049092
SISMO_UP_7,envolvente_abs_grav_cqc,9,0.0,12.3,0.0,751.064991332314,35653.88224704745,304501.65353239985,233.19179251595907,1250.0548204668546,0.8450139006808649,-751.064991332314,-35653.88224704745,-304501.65353239985,-233.19179251595907,-1250.0548204668546,-0.8450139006808649,304501.65353239985,0.0,35661.79212977848,1271.619230064262
SISMO_UP_7,envolvente_abs_grav_cqc,13,0.0,18.5,0.0,56550.503666100165,37303.32466060003,305419.31964490726,38.39321718050034,1043.141253405141,0.8450139006808649,-56550.503666100165,-37303.32466060003,-305419.31964490726,-38.39321718050034,-1043.141253405141,-0.8450139006808649,305419.31964490726,0.0,67745.8300976801,1043.8475528931979
SISMO_UP_7,envolvente_abs_grav_cqc,2,6.32,0.0,0.0,59241.11265688075,160.604352249977,355914.57499618724,159.21834647649865,1313.3379405671258,0.8450139006808649,-59241.11265688075,-160.604352249977,-355914.57499618724,-159.21834647649865,-1313.3379405671258,-0.8450139006808649,355914.57499618724,0.0,59241.33035797895,1322.9539024424885
SISMO_UP_7,envolvente_abs_grav_cqc,6,6.32,6.2,0.0,7692.36774366139,87.94804306612345,583227.0709370031,153.096168858618,10238.690076984201,4.0078028641504595,-7692.36774366139,-87.94804306612345,-583227.0709370031,-153.096168858618,-10238.690076984201,-4.0078028641504595,583227.0709370031,0.0,7692.8704890958215,10239.834614360427
SISMO_UP_7,envolvente_abs_grav_cqc,10,6.32,12.3,0.0,6667.825708624273,142.73450818049992,556015.7065936847,107.85529237484147,9143.35742109205,4.0078028641504595,-6667.825708624273,-142.73450818049992,-556015.7065936847,-107.85529237484147,-9143.35742109205,-4.0078028641504595,556015.7065936847,0.0,6669.3532535333825,9143.993530943268
SISMO_UP_7,envolvente_abs_grav_cqc,14,6.32,18.5,0.0,58926.05241087386,160.46517249910684,351665.08773216954,186.3685411390903,1299.7470732488348,0.8450139006808649,-58926.05241087386,-160.46517249910684,-351665.08773216954,-186.3685411390903,-1299.7470732488348,-0.8450139006808649,351665.08773216954,0.0,58926.27089677946,1313.040626768732
SISMO_UP_7,envolvente_abs_grav_cqc,3,11.620000000000001,0.0,0.0,51298.18120214151,159.64250119023384,314220.0007333314,185.11568637370542,1432.051152498054,0.8450139006807936,-51298.18120214151,-159.64250119023384,-314220.0007333314,-185.11568637370542,-1432.051152498054,-0.8450139006807936,314220.0007333314,0.0,51298.42960925735,1443.966177135951
SISMO_UP_7,envolvente_abs_grav_cqc,7,11.620000000000001,6.2,0.0,4920.476755858437,4250.338787405199,438776.86704089603,4469.191904933243,7390.835334620744,4.007802864153752,-4920.476755858437,-4250.338787405199,-438776.86704089603,-4469.191904933243,-7390.835334620744,-4.007802864153752,438776.86704089603,0.0,6502.03593597146,8637.020506320414
SISMO_UP_7,envolvente_abs_grav_cqc,11,11.620000000000001,12.3,0.0,4596.765244973112,506.5144441460734,300377.71356613707,489.2651514957135,7020.93555069016,4.0078028641507615,-4596.765244973112,-506.5144441460734,-300377.71356613707,-489.2651514957135,-7020.93555069016,-4.0078028641507615,300377.71356613707,0.0,4624.5872896423225,7037.962517335047
SISMO_UP_7,envolvente_abs_grav_cqc,15,11.620000000000001,18.5,0.0,52415.80669714181,99.85358700262512,324222.94535497937,123.86427000392727,1392.9543656202777,0.8450139006807889,-52415.80669714181,-99.85358700262512,-324222.94535497937,-123.86427000392727,-1392.9543656202777,-0.8450139006807889,324222.94535497937,0.0,52415.901809002324,1398.450650571623
SISMO_UP_7,envolvente_abs_grav_cqc,4,17.07,0.0,0.0,51034.06367151948,27063.42807265931,258084.67912329905,127.40967694651172,1084.2640770171781,0.8450139006808649,-51034.06367151948,-27063.42807265931,-258084.67912329905,-127.40967694651172,-1084.2640770171781,-0.8450139006808649,258084.67912329905,0.0,57765.948394124964,1091.7242392149803
SISMO_UP_7,envolvente_abs_grav_cqc,8,17.07,6.2,0.0,680.9762842509,28196.465395580468,233677.80321760642,1102.1401002618818,1167.0900038260993,0.8450139006808649,-680.9762842509,-28196.465395580468,-233677.80321760642,-1102.1401002618818,-1167.0900038260993,-0.8450139006808649,233677.80321760642,0.0,28204.687367596878,1605.2451145031014
SISMO_UP_7,envolvente_abs_grav_cqc,12,17.07,12.3,0.0,642.0918310402894,22750.347230361996,152899.2245056798,48.764337301608265,1124.802976662294,0.8450139006808649,-642.0918310402894,-22750.347230361996,-152899.2245056798,-48.764337301608265,-1124.802976662294,-0.8450139006808649,152899.2245056798,0.0,22759.406429464027,1125.8595369320376
SISMO_UP_7,envolvente_abs_grav_cqc,16,17.07,18.5,0.0,51550.16160745588,24878.60019071507,261387.73563565183,50.16759519841131,1060.5960693703335,0.8450139006808649,-51550.16160745588,-24878.60019071507,-261387.73563565183,-50.16759519841131,-1060.5960693703335,-0.8450139006808649,261387.73563565183,0.0,57239.53100091113,1061.7819032041339
SISMO_UP_8,envolvente_abs_grav_cqc,1,0.0,0.0,0.0,55961.78345207152,35593.12158994134,291896.8093476861,42.02190458085643,1058.840737078808,0.8450139006808649,-55961.78345207152,-35593.12158994134,-291896.8093476861,-42.02190458085643,-1058.840737078808,-0.8450139006808649,291896.8093476861,0.0,66321.87807694302,1059.6742645559511
SISMO_UP_8,envolvente_abs_grav_cqc,5,0.0,6.2,0.0,801.3417768608444,36930.71225839465,313821.26207592845,219.03472433131998,1308.479613135137,0.8450139006808649,-801.3417768608444,-36930.71225839465,-313821.26207592845,-219.03472433131998,-1308.479613135137,-0.8450139006808649,313821.26207592845,0.0,36939.40520035052,1326.6857610049092
SISMO_UP_8,envolvente_abs_grav_cqc,9,0.0,12.3,0.0,751.064991332314,35653.88224704745,304501.65353239985,233.19179251595907,1250.0548204668546,0.8450139006808649,-751.064991332314,-35653.88224704745,-304501.65353239985,-233.19179251595907,-1250.0548204668546,-0.8450139006808649,304501.65353239985,0.0,35661.79212977848,1271.619230064262
SISMO_UP_8,envolvente_abs_grav_cqc,13,0.0,18.5,0.0,56550.503666100165,37303.32466060003,305419.31964490726,38.39321718050034,1043.141253405141,0.8450139006808649,-56550.503666100165,-37303.32466060003,-305419.31964490726,-38.39321718050034,-1043.141253405141,-0.8450139006808649,305419.31964490726,0.0,67745.8300976801,1043.8475528931979
SISMO_UP_8,envolvente_abs_grav_cqc,2,6.32,0.0,0.0,59241.11265688075,160.604352249977,355914.57499618724,159.21834647649865,1313.3379405671258,0.8450139006808649,-59241.11265688075,-160.604352249977,-355914.57499618724,-159.21834647649865,-1313.3379405671258,-0.8450139006808649,355914.57499618724,0.0,59241.33035797895,1322.9539024424885
SISMO_UP_8,envolvente_abs_grav_cqc,6,6.32,6.2,0.0,7692.36774366139,87.94804306612345,583227.0709370031,153.096168858618,10238.690076984201,4.0078028641504595,-7692.36774366139,-87.94804306612345,-583227.0709370031,-153.096168858618,-10238.690076984201,-4.0078028641504595,583227.0709370031,0.0,7692.8704890958215,10239.834614360427
SISMO_UP_8,envolvente_abs_grav_cqc,10,6.32,12.3,0.0,6667.825708624273,142.73450818049992,556015.7065936847,107.85529237484147,9143.35742109205,4.0078028641504595,-6667.825708624273,-142.73450818049992,-556015.7065936847,-107.85529237484147,-9143.35742109205,-4.0078028641504595,556015.7065936847,0.0,6669.3532535333825,9143.993530943268
SISMO_UP_8,envolvente_abs_grav_cqc,14,6.32,18.5,0.0,58926.05241087386,160.46517249910684,351665.08773216954,186.3685411390903,1299.7470732488348,0.8450139006808649,-58926.05241087386,-160.46517249910684,-351665.08773216954,-186.3685411390903,-1299.7470732488348,-0.8450139006808649,351665.08773216954,0.0,58926.27089677946,1313.040626768732
SISMO_UP_8,envolvente_abs_grav_cqc,3,11.620000000000001,0.0,0.0,51298.18120214151,159.64250119023384,314220.0007333314,185.11568637370542,1432.051152498054,0.8450139006807936,-51298.18120214151,-159.64250119023384,-314220.0007333314,-185.11568637370542,-1432.051152498054,-0.8450139006807936,314220.0007333314,0.0,51298.42960925735,1443.966177135951
SISMO_UP_8,envolvente_abs_grav_cqc,7,11.620000000000001,6.2,0.0,4920.476755858437,4250.338787405199,438776.86704089603,4469.191904933243,7390.835334620744,4.007802864153752,-4920.476755858437,-4250.338787405199,-438776.86704089603,-4469.191904933243,-7390.835334620744,-4.007802864153752,438776.86704089603,0.0,6502.03593597146,8637.020506320414
SISMO_UP_8,envolvente_abs_grav_cqc,11,11.620000000000001,12.3,0.0,4596.765244973112,506.5144441460734,300377.71356613707,489.2651514957135,7020.93555069016,4.0078028641507615,-4596.765244973112,-506.5144441460734,-300377.71356613707,-489.2651514957135,-7020.93555069016,-4.0078028641507615,300377.71356613707,0.0,4624.5872896423225,7037.962517335047
SISMO_UP_8,envolvente_abs_grav_cqc,15,11.620000000000001,18.5,0.0,52415.80669714181,99.85358700262512,324222.94535497937,123.86427000392727,1392.9543656202777,0.8450139006807889,-52415.80669714181,-99.85358700262512,-324222.94535497937,-123.86427000392727,-1392.9543656202777,-0.8450139006807889,324222.94535497937,0.0,52415.901809002324,1398.450650571623
SISMO_UP_8,envolvente_abs_grav_cqc,4,17.07,0.0,0.0,51034.06367151948,27063.42807265931,258084.67912329905,127.40967694651172,1084.2640770171781,0.8450139006808649,-51034.06367151948,-27063.42807265931,-258084.67912329905,-127.40967694651172,-1084.2640770171781,-0.8450139006808649,258084.67912329905,0.0,57765.948394124964,1091.7242392149803
SISMO_UP_8,envolvente_abs_grav_cqc,8,17.07,6.2,0.0,680.9762842509,28196.465395580468,233677.80321760642,1102.1401002618818,1167.0900038260993,0.8450139006808649,-680.9762842509,-28196.465395580468,-233677.80321760642,-1102.1401002618818,-1167.0900038260993,-0.8450139006808649,233677.80321760642,0.0,28204.687367596878,1605.2451145031014
SISMO_UP_8,envolvente_abs_grav_cqc,12,17.07,12.3,0.0,642.0918310402894,22750.347230361996,152899.2245056798,48.764337301608265,1124.802976662294,0.8450139006808649,-642.0918310402894,-22750.347230361996,-152899.2245056798,-48.764337301608265,-1124.802976662294,-0.8450139006808649,152899.2245056798,0.0,22759.406429464027,1125.8595369320376
SISMO_UP_8,envolvente_abs_grav_cqc,16,17.07,18.5,0.0,51550.16160745588,24878.60019071507,261387.73563565183,50.16759519841131,1060.5960693703335,0.8450139006808649,-51550.16160745588,-24878.60019071507,-261387.73563565183,-50.16759519841131,-1060.5960693703335,-0.8450139006808649,261387.73563565183,0.0,57239.53100091113,1061.7819032041339
