elemento,grupo,perfil,rol_critico,combo,extremo,material,Fy_kg_cm2,E_kg_cm2,A_cm2,Ix_cm4,Iy_cm4,rx_cm,ry_cm,J_cm4,Cw_cm6,d_mm,h_mm,bf_mm,tf_mm,tw_mm,lambda_f_comp,lambda_f_r_comp,lambda_w_comp,lambda_w_r_comp,clasificacion_compresion,Q_local,Kx,Ky,Kz,L_m,KL_rx,KL_ry,Fe_x_MPa,Fe_y_MPa,Fe_torsional_MPa,Fcr_x_MPa,Fcr_y_MPa,Fcr_torsional_MPa,Pn_fluencia_N,Pn_pandeo_x_N,Pn_pandeo_y_N,Pn_torsional_N,Pn_control_N,PR_N,estado_limite_axial,Lb_m,Cb,MRx_Nm,MRy_Nm,estado_limite_flexion_x,estado_limite_flexion_y,Vy_max_N,Vz_max_N,VRy_N,VRz_N,Pu_N,Mux_Nm,Muy_Nm,M_resultante_Nm,ratio_axial,ratio_mx,ratio_my,ratio_flexion,interaccion_pm,ecuacion_interaccion,utilizacion_cortante_y,utilizacion_cortante_z,utilizacion_control,limite_esbeltez,cumple_esbeltez,p_delta_global,p_delta_local,requisitos_sismicos,dictamen
106,Columna_1,IR 610 x 113.1,interaccion,GRAV_DISEÑO,J,A992,3515.0,2039696.5324550178,144.6,87409.0,3434.0,24.6,4.9,112.00000000000001,2980747.9999999995,608.0,548.0,229.0,17.3,11.2,6.61849710982659,13.487578184819077,48.92857142857143,35.88659195603647,esbelta,0.9526771833988503,1.0,1.0,1.0,3.2,13.008130081300813,65.3061224489796,11666.920434945809,462.89040855814795,727.4368078705388,324.6548662337071,244.08373776559583,271.92719023719246,4750161.700217002,4694509.365739404,3529450.848090516,3932067.170829803,3529450.848090516,3176505.7632814646,pandeo_flexion_y,3.2,1.0,903980.5182653333,145549.15515,PLT,fluencia,10993.683011292738,7306.897143535623,1475365.683474,1267972.102656,1212374.6504865848,2154.808019137852,9700.894381180426,9937.331100157564,0.38166927461644223,0.0023836885592100564,0.06665029674121352,0.06903398530042358,0.44303281710570763,Pu/PR >= 0.20: Pu/PR + 8/9(Mux/MRx + Muy/MRy),0.007451497031845174,0.00576266396415977,0.44303281710570763,200.0,True,Incluido mediante transformacion PDelta del modelo OpenSees.,No se amplifica adicionalmente; revisar B1/B2 si el metodo de proyecto lo exige.,"Orientacion_Beta define los ejes fuerte y debil; conexiones, panel de nudo y continuidad requieren revision independiente.",Cumple
206,Columna_1,IR 610 x 113.1,interaccion,SISMO_DOWN_1,I,A992,3515.0,2039696.5324550178,144.6,87409.0,3434.0,24.6,4.9,112.00000000000001,2980747.9999999995,608.0,548.0,229.0,17.3,11.2,6.61849710982659,13.487578184819077,48.92857142857143,35.88659195603647,esbelta,0.9526771833988503,1.0,1.0,1.0,3.2,13.008130081300813,65.3061224489796,11666.920434945809,462.89040855814795,727.4368078705388,324.6548662337071,244.08373776559583,271.92719023719246,4750161.700217002,4694509.365739404,3529450.848090516,3932067.170829803,3529450.848090516,3176505.7632814646,pandeo_flexion_y,3.2,1.0,903980.5182653333,145549.15515,PLT,fluencia,19979.448839276247,6994.919314714975,1475365.683474,1267972.102656,647200.9010476227,13285.478834808338,32132.08902540707,34770.31913869681,0.20374617560241315,0.014696642866045516,0.22076451761119734,0.23546116047724286,0.4130449849155179,Pu/PR >= 0.20: Pu/PR + 8/9(Mux/MRx + Muy/MRy),0.013542031689547792,0.005516619253738181,0.4130449849155179,200.0,True,Incluido mediante transformacion PDelta del modelo OpenSees.,No se amplifica adicionalmente; revisar B1/B2 si el metodo de proyecto lo exige.,"Orientacion_Beta define los ejes fuerte y debil; conexiones, panel de nudo y continuidad requieren revision independiente.",Cumple
110,Columna_1,IR 610 x 113.1,interaccion,GRAV_DISEÑO,J,A992,3515.0,2039696.5324550178,144.6,87409.0,3434.0,24.6,4.9,112.00000000000001,2980747.9999999995,608.0,548.0,229.0,17.3,11.2,6.61849710982659,13.487578184819077,48.92857142857143,35.88659195603647,esbelta,0.9526771833988503,1.0,1.0,1.0,3.2,13.008130081300813,65.3061224489796,11666.920434945809,462.89040855814795,727.4368078705388,324.6548662337071,244.08373776559583,271.92719023719246,4750161.700217002,4694509.365739404,3529450.848090516,3932067.170829803,3529450.848090516,3176505.7632814646,pandeo_flexion_y,3.2,1.0,903980.5182653333,145549.15515,PLT,fluencia,8954.73299536312,8243.837113184196,1475365.683474,1267972.102656,1152151.535454269,874.9926534467563,8088.8061443672905,8135.99391498911,0.3627103557539426,0.000967933086794611,0.055574394341424596,0.056542327428219206,0.41297020235680415,Pu/PR >= 0.20: Pu/PR + 8/9(Mux/MRx + Muy/MRy),0.006069500663915182,0.0065015918693447335,0.41297020235680415,200.0,True,Incluido mediante transformacion PDelta del modelo OpenSees.,No se amplifica adicionalmente; revisar B1/B2 si el metodo de proyecto lo exige.,"Orientacion_Beta define los ejes fuerte y debil; conexiones, panel de nudo y continuidad requieren revision independiente.",Cumple
107,Columna_1,IR 610 x 113.1,interaccion,GRAV_DISEÑO,J,A992,3515.0,2039696.5324550178,144.6,87409.0,3434.0,24.6,4.9,112.00000000000001,2980747.9999999995,608.0,548.0,229.0,17.3,11.2,6.61849710982659,13.487578184819077,48.92857142857143,35.88659195603647,esbelta,0.9526771833988503,1.0,1.0,1.0,3.2,13.008130081300813,65.3061224489796,11666.920434945809,462.89040855814795,727.4368078705388,324.6548662337071,244.08373776559583,271.92719023719246,4750161.700217002,4694509.365739404,3529450.848090516,3932067.170829803,3529450.848090516,3176505.7632814646,pandeo_flexion_y,3.2,1.0,903980.5182653333,145549.15515,PLT,fluencia,10127.93604933382,12348.920434904705,1475365.683474,1267972.102656,937378.4581300218,26274.132438284563,6108.15853841232,26974.79631276011,0.29509735790992875,0.029064932161040963,0.0419662933262469,0.07103122548728787,0.3582362250097402,Pu/PR >= 0.20: Pu/PR + 8/9(Mux/MRx + Muy/MRy),0.006864695419433823,0.009739110512792535,0.3582362250097402,200.0,True,Incluido mediante transformacion PDelta del modelo OpenSees.,No se amplifica adicionalmente; revisar B1/B2 si el metodo de proyecto lo exige.,"Orientacion_Beta define los ejes fuerte y debil; conexiones, panel de nudo y continuidad requieren revision independiente.",Cumple
210,Columna_1,IR 610 x 113.1,interaccion,GRAV_DISEÑO,I,A992,3515.0,2039696.5324550178,144.6,87409.0,3434.0,24.6,4.9,112.00000000000001,2980747.9999999995,608.0,548.0,229.0,17.3,11.2,6.61849710982659,13.487578184819077,48.92857142857143,35.88659195603647,esbelta,0.9526771833988503,1.0,1.0,1.0,3.2,13.008130081300813,65.3061224489796,11666.920434945809,462.89040855814795,727.4368078705388,324.6548662337071,244.08373776559583,271.92719023719246,4750161.700217002,4694509.365739404,3529450.848090516,3932067.170829803,3529450.848090516,3176505.7632814646,pandeo_flexion_y,3.2,1.0,903980.5182653333,145549.15515,PLT,fluencia,16133.437048330492,9431.682054985267,1475365.683474,1267972.102656,848401.7298506028,9758.350691389795,11905.623333321557,15393.806389943924,0.2670864758558373,0.010794868356361589,0.08179795561885511,0.0925928239752167,0.3493912082782521,Pu/PR >= 0.20: Pu/PR + 8/9(Mux/MRx + Muy/MRy),0.010935212353822384,0.007438398711792539,0.3493912082782521,200.0,True,Incluido mediante transformacion PDelta del modelo OpenSees.,No se amplifica adicionalmente; revisar B1/B2 si el metodo de proyecto lo exige.,"Orientacion_Beta define los ejes fuerte y debil; conexiones, panel de nudo y continuidad requieren revision independiente.",Cumple
207,Columna_1,IR 610 x 113.1,interaccion,SISMO_DOWN_1,I,A992,3515.0,2039696.5324550178,144.6,87409.0,3434.0,24.6,4.9,112.00000000000001,2980747.9999999995,608.0,548.0,229.0,17.3,11.2,6.61849710982659,13.487578184819077,48.92857142857143,35.88659195603647,esbelta,0.9526771833988503,1.0,1.0,1.0,3.2,13.008130081300813,65.3061224489796,11666.920434945809,462.89040855814795,727.4368078705388,324.6548662337071,244.08373776559583,271.92719023719246,4750161.700217002,4694509.365739404,3529450.848090516,3932067.170829803,3529450.848090516,3176505.7632814646,pandeo_flexion_y,3.2,1.0,903980.5182653333,145549.15515,PLT,fluencia,18531.182732487567,17593.391962824317,1475365.683474,1267972.102656,504994.82847425074,27501.15238306478,29714.833243528643,40488.08092620919,0.1589780929446732,0.030422284360549386,0.20415668653593447,0.23457897089648386,0.31406801736882045,Pu/PR < 0.20: Pu/(2PR) + Mux/MRx + Muy/MRy,0.012560399730087756,0.013875220066728386,0.31406801736882045,200.0,True,Incluido mediante transformacion PDelta del modelo OpenSees.,No se amplifica adicionalmente; revisar B1/B2 si el metodo de proyecto lo exige.,"Orientacion_Beta define los ejes fuerte y debil; conexiones, panel de nudo y continuidad requieren revision independiente.",Cumple
104,Columna_1,IR 610 x 113.1,interaccion,SISMO_DOWN_1,I,A992,3515.0,2039696.5324550178,144.6,87409.0,3434.0,24.6,4.9,112.00000000000001,2980747.9999999995,608.0,548.0,229.0,17.3,11.2,6.61849710982659,13.487578184819077,48.92857142857143,35.88659195603647,esbelta,0.9526771833988503,1.0,1.0,1.0,3.2,13.008130081300813,65.3061224489796,11666.920434945809,462.89040855814795,727.4368078705388,324.6548662337071,244.08373776559583,271.92719023719246,4750161.700217002,4694509.365739404,3529450.848090516,3932067.170829803,3529450.848090516,3176505.7632814646,pandeo_flexion_y,3.2,1.0,903980.5182653333,145549.15515,PLT,fluencia,2371.2294433905827,62032.87790059519,1475365.683474,1267972.102656,283329.8459072547,207013.95233713827,4077.4209107179654,207054.10361431167,0.08919544525383233,0.22900267002919664,0.028014047257889325,0.25701671728708597,0.30161443991400216,Pu/PR < 0.20: Pu/(2PR) + Mux/MRx + Muy/MRy,0.0016072147196802887,0.048922904353065774,0.30161443991400216,200.0,True,Incluido mediante transformacion PDelta del modelo OpenSees.,No se amplifica adicionalmente; revisar B1/B2 si el metodo de proyecto lo exige.,"Orientacion_Beta define los ejes fuerte y debil; conexiones, panel de nudo y continuidad requieren revision independiente.",Cumple
101,Columna_1,IR 610 x 113.1,interaccion,SISMO_DOWN_1,I,A992,3515.0,2039696.5324550178,144.6,87409.0,3434.0,24.6,4.9,112.00000000000001,2980747.9999999995,608.0,548.0,229.0,17.3,11.2,6.61849710982659,13.487578184819077,48.92857142857143,35.88659195603647,esbelta,0.9526771833988503,1.0,1.0,1.0,3.2,13.008130081300813,65.3061224489796,11666.920434945809,462.89040855814795,727.4368078705388,324.6548662337071,244.08373776559583,271.92719023719246,4750161.700217002,4694509.365739404,3529450.848090516,3932067.170829803,3529450.848090516,3176505.7632814646,pandeo_flexion_y,3.2,1.0,903980.5182653333,145549.15515,PLT,fluencia,2159.9694062508374,59451.371806515985,1475365.683474,1267972.102656,306145.6920139598,204034.60695855378,3704.386321086383,204068.2320076973,0.09637813208237292,0.22570686296434792,0.025451101500855278,0.2511579644652032,0.29934703050638967,Pu/PR < 0.20: Pu/(2PR) + Mux/MRx + Muy/MRy,0.0014640230760721105,0.046886971473571216,0.29934703050638967,200.0,True,Incluido mediante transformacion PDelta del modelo OpenSees.,No se amplifica adicionalmente; revisar B1/B2 si el metodo de proyecto lo exige.,"Orientacion_Beta define los ejes fuerte y debil; conexiones, panel de nudo y continuidad requieren revision independiente.",Cumple
406,Columna_1,IR 610 x 113.1,interaccion,SISMO_DOWN_1,J,A992,3515.0,2039696.5324550178,144.6,87409.0,3434.0,24.6,4.9,112.00000000000001,2980747.9999999995,608.0,548.0,229.0,17.3,11.2,6.61849710982659,13.487578184819077,48.92857142857143,35.88659195603647,esbelta,0.9526771833988503,1.0,1.0,1.0,3.1999999999999993,13.00813008130081,65.30612244897958,11666.920434945814,462.8904085581481,727.4368078705393,324.6548662337071,244.08373776559583,271.92719023719246,4750161.700217002,4694509.365739404,3529450.848090516,3932067.170829803,3529450.848090516,3176505.7632814646,pandeo_flexion_y,3.1999999999999993,1.0,903980.5182653334,145549.15515,PLT,fluencia,22768.732194159627,3188.505743418599,1475365.683474,1267972.102656,181388.01803024605,3780.0998493209854,38745.30556006639,38929.26736805803,0.057103002968540054,0.004181616498300977,0.26620082761824526,0.2703824441165462,0.29893394560081626,Pu/PR < 0.20: Pu/(2PR) + Mux/MRx + Muy/MRy,0.015432602539966069,0.0025146497598327986,0.29893394560081626,200.0,True,Incluido mediante transformacion PDelta del modelo OpenSees.,No se amplifica adicionalmente; revisar B1/B2 si el metodo de proyecto lo exige.,"Orientacion_Beta define los ejes fuerte y debil; conexiones, panel de nudo y continuidad requieren revision independiente.",Cumple
105,Columna_1,IR 610 x 113.1,interaccion,SISMO_DOWN_1,I,A992,3515.0,2039696.5324550178,144.6,87409.0,3434.0,24.6,4.9,112.00000000000001,2980747.9999999995,608.0,548.0,229.0,17.3,11.2,6.61849710982659,13.487578184819077,48.92857142857143,35.88659195603647,esbelta,0.9526771833988503,1.0,1.0,1.0,3.2,13.008130081300813,65.3061224489796,11666.920434945809,462.89040855814795,727.4368078705388,324.6548662337071,244.08373776559583,271.92719023719246,4750161.700217002,4694509.365739404,3529450.848090516,3932067.170829803,3529450.848090516,3176505.7632814646,pandeo_flexion_y,3.2,1.0,903980.5182653333,145549.15515,PLT,fluencia,2464.6470727118117,51110.5318946469,1475365.683474,1267972.102656,522629.2152290007,169062.45349739076,4150.5926179223925,169113.39568951173,0.16452959766995753,0.18702001877408617,0.028516775749367118,0.21553679452345328,0.29780159335843204,Pu/PR < 0.20: Pu/(2PR) + Mux/MRx + Muy/MRy,0.001670533007727535,0.04030887729121683,0.29780159335843204,200.0,True,Incluido mediante transformacion PDelta del modelo OpenSees.,No se amplifica adicionalmente; revisar B1/B2 si el metodo de proyecto lo exige.,"Orientacion_Beta define los ejes fuerte y debil; conexiones, panel de nudo y continuidad requieren revision independiente.",Cumple
306,Columna_1,IR 610 x 113.1,interaccion,SISMO_DOWN_1,I,A992,3515.0,2039696.5324550178,144.6,87409.0,3434.0,24.6,4.9,112.00000000000001,2980747.9999999995,608.0,548.0,229.0,17.3,11.2,6.61849710982659,13.487578184819077,48.92857142857143,35.88659195603647,esbelta,0.9526771833988503,1.0,1.0,1.0,3.200000000000001,13.008130081300816,65.30612244897961,11666.920434945801,462.8904085581478,727.4368078705386,324.6548662337071,244.0837377655958,271.9271902371924,4750161.700217002,4694509.365739404,3529450.8480905155,3932067.1708298023,3529450.8480905155,3176505.763281464,pandeo_flexion_y,3.200000000000001,1.0,903980.5182653331,145549.15515,PLT,fluencia,19329.62510688297,4766.5366964026825,1475365.683474,1267972.102656,415368.0295767031,7376.535641336458,31059.021649592672,31922.97141397983,0.130762561295532,0.008160060413128641,0.2133919748114228,0.22155203522455144,0.2869333158723174,Pu/PR < 0.20: Pu/(2PR) + Mux/MRx + Muy/MRy,0.013101582423530465,0.0037591810469791076,0.2869333158723174,200.0,True,Incluido mediante transformacion PDelta del modelo OpenSees.,No se amplifica adicionalmente; revisar B1/B2 si el metodo de proyecto lo exige.,"Orientacion_Beta define los ejes fuerte y debil; conexiones, panel de nudo y continuidad requieren revision independiente.",Cumple
307,Columna_1,IR 610 x 113.1,interaccion,SISMO_DOWN_1,J,A992,3515.0,2039696.5324550178,144.6,87409.0,3434.0,24.6,4.9,112.00000000000001,2980747.9999999995,608.0,548.0,229.0,17.3,11.2,6.61849710982659,13.487578184819077,48.92857142857143,35.88659195603647,esbelta,0.9526771833988503,1.0,1.0,1.0,3.200000000000001,13.008130081300816,65.30612244897961,11666.920434945801,462.8904085581478,727.4368078705386,324.6548662337071,244.0837377655958,271.9271902371924,4750161.700217002,4694509.365739404,3529450.8480905155,3932067.1708298023,3529450.8480905155,3176505.763281464,pandeo_flexion_y,3.200000000000001,1.0,903980.5182653331,145549.15515,PLT,fluencia,18447.850522195007,15051.90272656836,1475365.683474,1267972.102656,318529.54532866465,23819.027462270657,29474.84163016608,37896.073126008385,0.10027670939894981,0.026349049543653306,0.20250781668770187,0.22885686623135518,0.27899522093083007,Pu/PR < 0.20: Pu/(2PR) + Mux/MRx + Muy/MRy,0.012503917319505764,0.011870846917719554,0.27899522093083007,200.0,True,Incluido mediante transformacion PDelta del modelo OpenSees.,No se amplifica adicionalmente; revisar B1/B2 si el metodo de proyecto lo exige.,"Orientacion_Beta define los ejes fuerte y debil; conexiones, panel de nudo y continuidad requieren revision independiente.",Cumple
108,Columna_1,IR 610 x 113.1,interaccion,SISMO_DOWN_1,I,A992,3515.0,2039696.5324550178,144.6,87409.0,3434.0,24.6,4.9,112.00000000000001,2980747.9999999995,608.0,548.0,229.0,17.3,11.2,6.61849710982659,13.487578184819077,48.92857142857143,35.88659195603647,esbelta,0.9526771833988503,1.0,1.0,1.0,3.2,13.008130081300813,65.3061224489796,11666.920434945809,462.89040855814795,727.4368078705388,324.6548662337071,244.08373776559583,271.92719023719246,4750161.700217002,4694509.365739404,3529450.848090516,3932067.170829803,3529450.848090516,3176505.7632814646,pandeo_flexion_y,3.2,1.0,903980.5182653333,145549.15515,PLT,fluencia,3018.226209477905,51152.3986166396,1475365.683474,1267972.102656,393148.1126793482,168212.40590633146,4342.693378090382,168268.4536286363,0.1237674797332052,0.18607968037753478,0.029836610000345865,0.21591629037788065,0.27780003024448324,Pu/PR < 0.20: Pu/(2PR) + Mux/MRx + Muy/MRy,0.0020457478734160176,0.04034189593721464,0.27780003024448324,200.0,True,Incluido mediante transformacion PDelta del modelo OpenSees.,No se amplifica adicionalmente; revisar B1/B2 si el metodo de proyecto lo exige.,"Orientacion_Beta define los ejes fuerte y debil; conexiones, panel de nudo y continuidad requieren revision independiente.",Cumple
407,Columna_1,IR 610 x 113.1,interaccion,SISMO_DOWN_1,J,A992,3515.0,2039696.5324550178,144.6,87409.0,3434.0,24.6,4.9,112.00000000000001,2980747.9999999995,608.0,548.0,229.0,17.3,11.2,6.61849710982659,13.487578184819077,48.92857142857143,35.88659195603647,esbelta,0.9526771833988503,1.0,1.0,1.0,3.1999999999999993,13.00813008130081,65.30612244897958,11666.920434945814,462.8904085581481,727.4368078705393,324.6548662337071,244.08373776559583,271.92719023719246,4750161.700217002,4694509.365739404,3529450.848090516,3932067.170829803,3529450.848090516,3176505.7632814646,pandeo_flexion_y,3.1999999999999993,1.0,903980.5182653334,145549.15515,PLT,fluencia,19308.903999476075,20949.91726958304,1475365.683474,1267972.102656,137417.62748566395,33049.02095564517,31592.239292275248,45719.879370215465,0.04326062589721409,0.03655943937714897,0.21705546321939778,0.25361490259654673,0.2752452155451538,Pu/PR < 0.20: Pu/(2PR) + Mux/MRx + Muy/MRy,0.013087537697101621,0.016522380283998044,0.2752452155451538,200.0,True,Incluido mediante transformacion PDelta del modelo OpenSees.,No se amplifica adicionalmente; revisar B1/B2 si el metodo de proyecto lo exige.,"Orientacion_Beta define los ejes fuerte y debil; conexiones, panel de nudo y continuidad requieren revision independiente.",Cumple
203,Columna_1,IR 610 x 113.1,interaccion,SISMO_DOWN_1,I,A992,3515.0,2039696.5324550178,144.6,87409.0,3434.0,24.6,4.9,112.00000000000001,2980747.9999999995,608.0,548.0,229.0,17.3,11.2,6.61849710982659,13.487578184819077,48.92857142857143,35.88659195603647,esbelta,0.9526771833988503,1.0,1.0,1.0,3.2,13.008130081300813,65.3061224489796,11666.920434945809,462.89040855814795,727.4368078705388,324.6548662337071,244.08373776559583,271.92719023719246,4750161.700217002,4694509.365739404,3529450.848090516,3932067.170829803,3529450.848090516,3176505.7632814646,pandeo_flexion_y,3.2,1.0,903980.5182653333,145549.15515,PLT,fluencia,18471.485648547638,5305.871060524618,1475365.683474,1267972.102656,351588.1484841997,12073.208116232254,29640.7665465467,32005.271373396263,0.1106839321837069,0.013355606533866218,0.20364780898933785,0.21700341552320407,0.2723453816150575,Pu/PR < 0.20: Pu/(2PR) + Mux/MRx + Muy/MRy,0.012519937162326682,0.004184532963627904,0.2723453816150575,200.0,True,Incluido mediante transformacion PDelta del modelo OpenSees.,No se amplifica adicionalmente; revisar B1/B2 si el metodo de proyecto lo exige.,"Orientacion_Beta define los ejes fuerte y debil; conexiones, panel de nudo y continuidad requieren revision independiente.",Cumple
410,Columna_1,IR 610 x 113.1,interaccion,SISMO_DOWN_1,J,A992,3515.0,2039696.5324550178,144.6,87409.0,3434.0,24.6,4.9,112.00000000000001,2980747.9999999995,608.0,548.0,229.0,17.3,11.2,6.61849710982659,13.487578184819077,48.92857142857143,35.88659195603647,esbelta,0.9526771833988503,1.0,1.0,1.0,3.1999999999999993,13.00813008130081,65.30612244897958,11666.920434945814,462.8904085581481,727.4368078705393,324.6548662337071,244.08373776559583,271.92719023719246,4750161.700217002,4694509.365739404,3529450.848090516,3932067.170829803,3529450.848090516,3176505.7632814646,pandeo_flexion_y,3.1999999999999993,1.0,903980.5182653334,145549.15515,PLT,fluencia,19249.62736910851,6064.479559695937,1475365.683474,1267972.102656,172595.87051983966,7322.068149909124,32732.449030320022,33541.405777254055,0.054335135328557015,0.00809980746483297,0.2248893097083705,0.23298911717320347,0.260156684837482,Pu/PR < 0.20: Pu/(2PR) + Mux/MRx + Muy/MRy,0.013047360111956773,0.004782817813572374,0.260156684837482,200.0,True,Incluido mediante transformacion PDelta del modelo OpenSees.,No se amplifica adicionalmente; revisar B1/B2 si el metodo de proyecto lo exige.,"Orientacion_Beta define los ejes fuerte y debil; conexiones, panel de nudo y continuidad requieren revision independiente.",Cumple
202,Columna_1,IR 610 x 113.1,interaccion,SISMO_DOWN_1,I,A992,3515.0,2039696.5324550178,144.6,87409.0,3434.0,24.6,4.9,112.00000000000001,2980747.9999999995,608.0,548.0,229.0,17.3,11.2,6.61849710982659,13.487578184819077,48.92857142857143,35.88659195603647,esbelta,0.9526771833988503,1.0,1.0,1.0,3.2,13.008130081300813,65.3061224489796,11666.920434945809,462.89040855814795,727.4368078705388,324.6548662337071,244.08373776559583,271.92719023719246,4750161.700217002,4694509.365739404,3529450.848090516,3932067.170829803,3529450.848090516,3176505.7632814646,pandeo_flexion_y,3.2,1.0,903980.5182653333,145549.15515,PLT,fluencia,17495.438260527688,4269.7783977498075,1475365.683474,1267972.102656,370649.57991220284,6722.11945399059,28171.631196876297,28962.52223558115,0.11668468673870945,0.007436133100401104,0.1935540688494082,0.20099020194980932,0.25933254531916405,Pu/PR < 0.20: Pu/(2PR) + Mux/MRx + Muy/MRy,0.01185837413496815,0.0033674072077816016,0.25933254531916405,200.0,True,Incluido mediante transformacion PDelta del modelo OpenSees.,No se amplifica adicionalmente; revisar B1/B2 si el metodo de proyecto lo exige.,"Orientacion_Beta define los ejes fuerte y debil; conexiones, panel de nudo y continuidad requieren revision independiente.",Cumple
109,Columna_1,IR 610 x 113.1,interaccion,SISMO_DOWN_1,I,A992,3515.0,2039696.5324550178,144.6,87409.0,3434.0,24.6,4.9,112.00000000000001,2980747.9999999995,608.0,548.0,229.0,17.3,11.2,6.61849710982659,13.487578184819077,48.92857142857143,35.88659195603647,esbelta,0.9526771833988503,1.0,1.0,1.0,3.2,13.008130081300813,65.3061224489796,11666.920434945809,462.89040855814795,727.4368078705388,324.6548662337071,244.08373776559583,271.92719023719246,4750161.700217002,4694509.365739404,3529450.848090516,3932067.170829803,3529450.848090516,3176505.7632814646,pandeo_flexion_y,3.2,1.0,903980.5182653333,145549.15515,PLT,fluencia,2536.2657932667685,41908.22887736727,1475365.683474,1267972.102656,512641.9047171652,135108.27536105626,4226.985921632408,135174.38174824652,0.16138547917746715,0.14945927775116027,0.029041638319893797,0.17850091607105406,0.25919365565978764,Pu/PR < 0.20: Pu/(2PR) + Mux/MRx + Muy/MRy,0.0017190760376740622,0.033051380854186616,0.25919365565978764,200.0,True,Incluido mediante transformacion PDelta del modelo OpenSees.,No se amplifica adicionalmente; revisar B1/B2 si el metodo de proyecto lo exige.,"Orientacion_Beta define los ejes fuerte y debil; conexiones, panel de nudo y continuidad requieren revision independiente.",Cumple
310,Columna_1,IR 610 x 113.1,interaccion,SISMO_DOWN_1,I,A992,3515.0,2039696.5324550178,144.6,87409.0,3434.0,24.6,4.9,112.00000000000001,2980747.9999999995,608.0,548.0,229.0,17.3,11.2,6.61849710982659,13.487578184819077,48.92857142857143,35.88659195603647,esbelta,0.9526771833988503,1.0,1.0,1.0,3.200000000000001,13.008130081300816,65.30612244897961,11666.920434945801,462.8904085581478,727.4368078705386,324.6548662337071,244.0837377655958,271.9271902371924,4750161.700217002,4694509.365739404,3529450.8480905155,3932067.1708298023,3529450.8480905155,3176505.763281464,pandeo_flexion_y,3.200000000000001,1.0,903980.5182653331,145549.15515,PLT,fluencia,15743.59344363184,8697.879117860386,1475365.683474,1267972.102656,393750.04058057297,13169.63712119316,25334.57820624931,28553.111823275434,0.12395697345557863,0.01456849661590567,0.1740620079871986,0.18863050460310427,0.2506089913308936,Pu/PR < 0.20: Pu/(2PR) + Mux/MRx + Muy/MRy,0.010670977114338774,0.006859677038352093,0.2506089913308936,200.0,True,Incluido mediante transformacion PDelta del modelo OpenSees.,No se amplifica adicionalmente; revisar B1/B2 si el metodo de proyecto lo exige.,"Orientacion_Beta define los ejes fuerte y debil; conexiones, panel de nudo y continuidad requieren revision independiente.",Cumple
303,Columna_1,IR 610 x 113.1,interaccion,SISMO_DOWN_1,J,A992,3515.0,2039696.5324550178,144.6,87409.0,3434.0,24.6,4.9,112.00000000000001,2980747.9999999995,608.0,548.0,229.0,17.3,11.2,6.61849710982659,13.487578184819077,48.92857142857143,35.88659195603647,esbelta,0.9526771833988503,1.0,1.0,1.0,3.200000000000001,13.008130081300816,65.30612244897961,11666.920434945801,462.8904085581478,727.4368078705386,324.6548662337071,244.0837377655958,271.9271902371924,4750161.700217002,4694509.365739404,3529450.8480905155,3932067.1708298023,3529450.8480905155,3176505.763281464,pandeo_flexion_y,3.200000000000001,1.0,903980.5182653331,145549.15515,PLT,fluencia,18380.86720539782,3469.6454737064505,1475365.683474,1267972.102656,217634.5699466285,8676.790221162079,29446.35375191478,30698.117822188375,0.06851382813856532,0.009598426122956886,0.2023120898336233,0.2119105159565802,0.24616743002586286,Pu/PR < 0.20: Pu/(2PR) + Mux/MRx + Muy/MRy,0.012458516157239698,0.002736373668189262,0.24616743002586286,200.0,True,Incluido mediante transformacion PDelta del modelo OpenSees.,No se amplifica adicionalmente; revisar B1/B2 si el metodo de proyecto lo exige.,"Orientacion_Beta define los ejes fuerte y debil; conexiones, panel de nudo y continuidad requieren revision independiente.",Cumple
302,Columna_1,IR 610 x 113.1,interaccion,SISMO_DOWN_1,J,A992,3515.0,2039696.5324550178,144.6,87409.0,3434.0,24.6,4.9,112.00000000000001,2980747.9999999995,608.0,548.0,229.0,17.3,11.2,6.61849710982659,13.487578184819077,48.92857142857143,35.88659195603647,esbelta,0.9526771833988503,1.0,1.0,1.0,3.200000000000001,13.008130081300816,65.30612244897961,11666.920434945801,462.8904085581478,727.4368078705386,324.6548662337071,244.0837377655958,271.9271902371924,4750161.700217002,4694509.365739404,3529450.8480905155,3932067.1708298023,3529450.8480905155,3176505.763281464,pandeo_flexion_y,3.200000000000001,1.0,903980.5182653331,145549.15515,PLT,fluencia,17178.546655711594,4192.603307834373,1475365.683474,1267972.102656,230939.15267761386,9760.255675176057,27493.01200304623,29174.103239764725,0.07270226150606571,0.010796975684725168,0.18889159455932597,0.19968857024405115,0.236039700997084,Pu/PR < 0.20: Pu/(2PR) + Mux/MRx + Muy/MRy,0.011643585619574516,0.00330654223310765,0.236039700997084,200.0,True,Incluido mediante transformacion PDelta del modelo OpenSees.,No se amplifica adicionalmente; revisar B1/B2 si el metodo de proyecto lo exige.,"Orientacion_Beta define los ejes fuerte y debil; conexiones, panel de nudo y continuidad requieren revision independiente.",Cumple
211,Columna_1,IR 610 x 113.1,interaccion,SISMO_DOWN_1,I,A992,3515.0,2039696.5324550178,144.6,87409.0,3434.0,24.6,4.9,112.00000000000001,2980747.9999999995,608.0,548.0,229.0,17.3,11.2,6.61849710982659,13.487578184819077,48.92857142857143,35.88659195603647,esbelta,0.9526771833988503,1.0,1.0,1.0,3.2,13.008130081300813,65.3061224489796,11666.920434945809,462.89040855814795,727.4368078705388,324.6548662337071,244.08373776559583,271.92719023719246,4750161.700217002,4694509.365739404,3529450.848090516,3932067.170829803,3529450.848090516,3176505.7632814646,pandeo_flexion_y,3.2,1.0,903980.5182653333,145549.15515,PLT,fluencia,14885.570975608374,5782.1940816243505,1475365.683474,1267972.102656,357780.44068753533,12688.58131356244,23837.650436393677,27004.32695103852,0.112633335920012,0.01403634376757457,0.16377731915947624,0.1778136629270508,0.23413033088705681,Pu/PR < 0.20: Pu/(2PR) + Mux/MRx + Muy/MRy,0.010089411148941569,0.0045601902987553785,0.23413033088705681,200.0,True,Incluido mediante transformacion PDelta del modelo OpenSees.,No se amplifica adicionalmente; revisar B1/B2 si el metodo de proyecto lo exige.,"Orientacion_Beta define los ejes fuerte y debil; conexiones, panel de nudo y continuidad requieren revision independiente.",Cumple
112,Columna_1,IR 610 x 113.1,interaccion,SISMO_DOWN_1,I,A992,3515.0,2039696.5324550178,144.6,87409.0,3434.0,24.6,4.9,112.00000000000001,2980747.9999999995,608.0,548.0,229.0,17.3,11.2,6.61849710982659,13.487578184819077,48.92857142857143,35.88659195603647,esbelta,0.9526771833988503,1.0,1.0,1.0,3.2,13.008130081300813,65.3061224489796,11666.920434945809,462.89040855814795,727.4368078705388,324.6548662337071,244.08373776559583,271.92719023719246,4750161.700217002,4694509.365739404,3529450.848090516,3932067.170829803,3529450.848090516,3176505.7632814646,pandeo_flexion_y,3.2,1.0,903980.5182653333,145549.15515,PLT,fluencia,1921.9795418612837,42632.98934048179,1475365.683474,1267972.102656,250973.55959294125,136224.18715807653,3598.222151785492,136271.70054538932,0.07900931976703703,0.15069372005879056,0.02472169727180647,0.17541541733059704,0.21492007721411555,Pu/PR < 0.20: Pu/(2PR) + Mux/MRx + Muy/MRy,0.0013027140073745345,0.033622971082076,0.21492007721411555,200.0,True,Incluido mediante transformacion PDelta del modelo OpenSees.,No se amplifica adicionalmente; revisar B1/B2 si el metodo de proyecto lo exige.,"Orientacion_Beta define los ejes fuerte y debil; conexiones, panel de nudo y continuidad requieren revision independiente.",Cumple
103,Columna_1,IR 610 x 113.1,interaccion,SISMO_DOWN_1,I,A992,3515.0,2039696.5324550178,144.6,87409.0,3434.0,24.6,4.9,112.00000000000001,2980747.9999999995,608.0,548.0,229.0,17.3,11.2,6.61849710982659,13.487578184819077,48.92857142857143,35.88659195603647,esbelta,0.9526771833988503,1.0,1.0,1.0,3.2,13.008130081300813,65.3061224489796,11666.920434945809,462.89040855814795,727.4368078705388,324.6548662337071,244.08373776559583,271.92719023719246,4750161.700217002,4694509.365739404,3529450.848090516,3932067.170829803,3529450.848090516,3176505.7632814646,pandeo_flexion_y,3.2,1.0,903980.5182653333,145549.15515,PLT,fluencia,10237.047156922294,6196.1163554024915,1475365.683474,1267972.102656,480032.38523554796,23118.859214637563,16471.12067044778,28386.25490491277,0.151119633020799,0.025574510454053605,0.11316534715349587,0.13873985760754948,0.21429967411794898,Pu/PR < 0.20: Pu/(2PR) + Mux/MRx + Muy/MRy,0.00693865071662601,0.004886634605306844,0.21429967411794898,200.0,True,Incluido mediante transformacion PDelta del modelo OpenSees.,No se amplifica adicionalmente; revisar B1/B2 si el metodo de proyecto lo exige.,"Orientacion_Beta define los ejes fuerte y debil; conexiones, panel de nudo y continuidad requieren revision independiente.",Cumple
102,Columna_1,IR 610 x 113.1,interaccion,SISMO_DOWN_1,I,A992,3515.0,2039696.5324550178,144.6,87409.0,3434.0,24.6,4.9,112.00000000000001,2980747.9999999995,608.0,548.0,229.0,17.3,11.2,6.61849710982659,13.487578184819077,48.92857142857143,35.88659195603647,esbelta,0.9526771833988503,1.0,1.0,1.0,3.2,13.008130081300813,65.3061224489796,11666.920434945809,462.89040855814795,727.4368078705388,324.6548662337071,244.08373776559583,271.92719023719246,4750161.700217002,4694509.365739404,3529450.848090516,3932067.170829803,3529450.848090516,3176505.7632814646,pandeo_flexion_y,3.2,1.0,903980.5182653333,145549.15515,PLT,fluencia,9834.522752457211,5497.348703380095,1475365.683474,1267972.102656,505087.7106083601,19373.452720224832,16041.742825940215,25152.8961194609,0.1590073332927258,0.021431272387817547,0.11021529331041406,0.1316465656982316,0.2111502323445945,Pu/PR < 0.20: Pu/(2PR) + Mux/MRx + Muy/MRy,0.0066658204556446984,0.004335543890803977,0.2111502323445945,200.0,True,Incluido mediante transformacion PDelta del modelo OpenSees.,No se amplifica adicionalmente; revisar B1/B2 si el metodo de proyecto lo exige.,"Orientacion_Beta define los ejes fuerte y debil; conexiones, panel de nudo y continuidad requieren revision independiente.",Cumple
114,Columna_1,IR 610 x 113.1,interaccion,GRAV_DISEÑO,I,A992,3515.0,2039696.5324550178,144.6,87409.0,3434.0,24.6,4.9,112.00000000000001,2980747.9999999995,608.0,548.0,229.0,17.3,11.2,6.61849710982659,13.487578184819077,48.92857142857143,35.88659195603647,esbelta,0.9526771833988503,1.0,1.0,1.0,3.2,13.008130081300813,65.3061224489796,11666.920434945809,462.89040855814795,727.4368078705388,324.6548662337071,244.08373776559583,271.92719023719246,4750161.700217002,4694509.365739404,3529450.848090516,3932067.170829803,3529450.848090516,3176505.7632814646,pandeo_flexion_y,3.2,1.0,903980.5182653333,145549.15515,PLT,fluencia,5121.515130170684,6985.84446767803,1475365.683474,1267972.102656,641353.46544033,6634.76918945971,315.58789108397383,6642.2705390854635,0.2019053366293234,0.007339504619182839,0.002168256426900832,0.009507761046083672,0.21035667978139777,Pu/PR >= 0.20: Pu/PR + 8/9(Mux/MRx + Muy/MRy),0.003471353026262074,0.0055094622768473355,0.21035667978139777,200.0,True,Incluido mediante transformacion PDelta del modelo OpenSees.,No se amplifica adicionalmente; revisar B1/B2 si el metodo de proyecto lo exige.,"Orientacion_Beta define los ejes fuerte y debil; conexiones, panel de nudo y continuidad requieren revision independiente.",Cumple
311,Columna_1,IR 610 x 113.1,interaccion,SISMO_DOWN_1,I,A992,3515.0,2039696.5324550178,144.6,87409.0,3434.0,24.6,4.9,112.00000000000001,2980747.9999999995,608.0,548.0,229.0,17.3,11.2,6.61849710982659,13.487578184819077,48.92857142857143,35.88659195603647,esbelta,0.9526771833988503,1.0,1.0,1.0,3.200000000000001,13.008130081300816,65.30612244897961,11666.920434945801,462.8904085581478,727.4368078705386,324.6548662337071,244.0837377655958,271.9271902371924,4750161.700217002,4694509.365739404,3529450.8480905155,3932067.1708298023,3529450.8480905155,3176505.763281464,pandeo_flexion_y,3.200000000000001,1.0,903980.5182653331,145549.15515,PLT,fluencia,15034.060884802213,4051.9160901818627,1475365.683474,1267972.102656,227068.28043521874,6942.210052028453,24077.10488126822,25057.95801477197,0.07148366707216286,0.007679601398213761,0.16542249837489503,0.17310209977310878,0.2088439333091902,Pu/PR < 0.20: Pu/(2PR) + Mux/MRx + Muy/MRy,0.010190057321519064,0.0031955877275962,0.2088439333091902,200.0,True,Incluido mediante transformacion PDelta del modelo OpenSees.,No se amplifica adicionalmente; revisar B1/B2 si el metodo de proyecto lo exige.,"Orientacion_Beta define los ejes fuerte y debil; conexiones, panel de nudo y continuidad requieren revision independiente.",Cumple
411,Columna_1,IR 610 x 113.1,interaccion,SISMO_DOWN_1,J,A992,3515.0,2039696.5324550178,144.6,87409.0,3434.0,24.6,4.9,112.00000000000001,2980747.9999999995,608.0,548.0,229.0,17.3,11.2,6.61849710982659,13.487578184819077,48.92857142857143,35.88659195603647,esbelta,0.9526771833988503,1.0,1.0,1.0,3.1999999999999993,13.00813008130081,65.30612244897958,11666.920434945814,462.8904085581481,727.4368078705393,324.6548662337071,244.08373776559583,271.92719023719246,4750161.700217002,4694509.365739404,3529450.848090516,3932067.170829803,3529450.848090516,3176505.7632814646,pandeo_flexion_y,3.1999999999999993,1.0,903980.5182653334,145549.15515,PLT,fluencia,16335.535669734534,2995.497592604561,1475365.683474,1267972.102656,93958.1645226335,2639.4476480388466,26727.30720321821,26857.319937438617,0.029579094616712025,0.0029198058970382862,0.18363079590309947,0.18655060180013774,0.20134014910849377,Pu/PR < 0.20: Pu/(2PR) + Mux/MRx + Muy/MRy,0.011072194407605937,0.002362431780896395,0.20134014910849377,200.0,True,Incluido mediante transformacion PDelta del modelo OpenSees.,No se amplifica adicionalmente; revisar B1/B2 si el metodo de proyecto lo exige.,"Orientacion_Beta define los ejes fuerte y debil; conexiones, panel de nudo y continuidad requieren revision independiente.",Cumple
403,Columna_1,IR 610 x 113.1,interaccion,SISMO_DOWN_1,I,A992,3515.0,2039696.5324550178,144.6,87409.0,3434.0,24.6,4.9,112.00000000000001,2980747.9999999995,608.0,548.0,229.0,17.3,11.2,6.61849710982659,13.487578184819077,48.92857142857143,35.88659195603647,esbelta,0.9526771833988503,1.0,1.0,1.0,3.1999999999999993,13.00813008130081,65.30612244897958,11666.920434945814,462.8904085581481,727.4368078705393,324.6548662337071,244.08373776559583,271.92719023719246,4750161.700217002,4694509.365739404,3529450.848090516,3932067.170829803,3529450.848090516,3176505.7632814646,pandeo_flexion_y,3.1999999999999993,1.0,903980.5182653334,145549.15515,PLT,fluencia,15588.906953158043,2267.3884970396884,1475365.683474,1267972.102656,94295.7399372742,5390.777241479691,25973.179772310246,26526.71383251234,0.029685367181535572,0.005963377675244776,0.1784495399203301,0.18441291759557488,0.19925560118634267,Pu/PR < 0.20: Pu/(2PR) + Mux/MRx + Muy/MRy,0.010566130910982898,0.0017882006175768594,0.19925560118634267,200.0,True,Incluido mediante transformacion PDelta del modelo OpenSees.,No se amplifica adicionalmente; revisar B1/B2 si el metodo de proyecto lo exige.,"Orientacion_Beta define los ejes fuerte y debil; conexiones, panel de nudo y continuidad requieren revision independiente.",Cumple
113,Columna_1,IR 610 x 113.1,interaccion,SISMO_DOWN_1,I,A992,3515.0,2039696.5324550178,144.6,87409.0,3434.0,24.6,4.9,112.00000000000001,2980747.9999999995,608.0,548.0,229.0,17.3,11.2,6.61849710982659,13.487578184819077,48.92857142857143,35.88659195603647,esbelta,0.9526771833988503,1.0,1.0,1.0,3.2,13.008130081300813,65.3061224489796,11666.920434945809,462.89040855814795,727.4368078705388,324.6548662337071,244.08373776559583,271.92719023719246,4750161.700217002,4694509.365739404,3529450.848090516,3932067.170829803,3529450.848090516,3176505.7632814646,pandeo_flexion_y,3.2,1.0,903980.5182653333,145549.15515,PLT,fluencia,2310.3283315807575,34950.83133875131,1475365.683474,1267972.102656,297299.8932146452,108647.00295682266,3985.9696821487687,108720.09568523586,0.09359337440884158,0.1201873278920962,0.027385728746009617,0.14757305663810583,0.19436974384252662,Pu/PR < 0.20: Pu/(2PR) + Mux/MRx + Muy/MRy,0.001565936064163222,0.02756435355757464,0.19436974384252662,200.0,True,Incluido mediante transformacion PDelta del modelo OpenSees.,No se amplifica adicionalmente; revisar B1/B2 si el metodo de proyecto lo exige.,"Orientacion_Beta define los ejes fuerte y debil; conexiones, panel de nudo y continuidad requieren revision independiente.",Cumple
116,Columna_1,IR 610 x 113.1,interaccion,SISMO_DOWN_1,I,A992,3515.0,2039696.5324550178,144.6,87409.0,3434.0,24.6,4.9,112.00000000000001,2980747.9999999995,608.0,548.0,229.0,17.3,11.2,6.61849710982659,13.487578184819077,48.92857142857143,35.88659195603647,esbelta,0.9526771833988503,1.0,1.0,1.0,3.2,13.008130081300813,65.3061224489796,11666.920434945809,462.89040855814795,727.4368078705388,324.6548662337071,244.08373776559583,271.92719023719246,4750161.700217002,4694509.365739404,3529450.848090516,3932067.170829803,3529450.848090516,3176505.7632814646,pandeo_flexion_y,3.2,1.0,903980.5182653333,145549.15515,PLT,fluencia,2364.4896804668683,34911.600896947566,1475365.683474,1267972.102656,274198.6170016412,108225.82894605736,4070.2329662981515,108302.33999070014,0.0863208309492826,0.11972141739706307,0.027964662262061582,0.14768607965912467,0.19084649513376598,Pu/PR < 0.20: Pu/(2PR) + Mux/MRx + Muy/MRy,0.001602646521436824,0.027533414042642434,0.19084649513376598,200.0,True,Incluido mediante transformacion PDelta del modelo OpenSees.,No se amplifica adicionalmente; revisar B1/B2 si el metodo de proyecto lo exige.,"Orientacion_Beta define los ejes fuerte y debil; conexiones, panel de nudo y continuidad requieren revision independiente.",Cumple
205,Columna_1,IR 610 x 113.1,interaccion,SISMO_DOWN_1,I,A992,3515.0,2039696.5324550178,144.6,87409.0,3434.0,24.6,4.9,112.00000000000001,2980747.9999999995,608.0,548.0,229.0,17.3,11.2,6.61849710982659,13.487578184819077,48.92857142857143,35.88659195603647,esbelta,0.9526771833988503,1.0,1.0,1.0,3.2,13.008130081300813,65.3061224489796,11666.920434945809,462.89040855814795,727.4368078705388,324.6548662337071,244.08373776559583,271.92719023719246,4750161.700217002,4694509.365739404,3529450.848090516,3932067.170829803,3529450.848090516,3176505.7632814646,pandeo_flexion_y,3.2,1.0,903980.5182653333,145549.15515,PLT,fluencia,4148.868035965681,36712.63380467609,1475365.683474,1267972.102656,386176.6080148263,72420.5150195186,6717.271825182848,72731.37381120828,0.12157277108664509,0.08011291566159834,0.04615122511882782,0.12626414078042617,0.18705052632374872,Pu/PR < 0.20: Pu/(2PR) + Mux/MRx + Muy/MRy,0.002812094711459239,0.028953818248662368,0.18705052632374872,200.0,True,Incluido mediante transformacion PDelta del modelo OpenSees.,No se amplifica adicionalmente; revisar B1/B2 si el metodo de proyecto lo exige.,"Orientacion_Beta define los ejes fuerte y debil; conexiones, panel de nudo y continuidad requieren revision independiente.",Cumple
111,Columna_1,IR 610 x 113.1,interaccion,SISMO_DOWN_1,I,A992,3515.0,2039696.5324550178,144.6,87409.0,3434.0,24.6,4.9,112.00000000000001,2980747.9999999995,608.0,548.0,229.0,17.3,11.2,6.61849710982659,13.487578184819077,48.92857142857143,35.88659195603647,esbelta,0.9526771833988503,1.0,1.0,1.0,3.2,13.008130081300813,65.3061224489796,11666.920434945809,462.89040855814795,727.4368078705388,324.6548662337071,244.08373776559583,271.92719023719246,4750161.700217002,4694509.365739404,3529450.848090516,3932067.170829803,3529450.848090516,3176505.7632814646,pandeo_flexion_y,3.2,1.0,903980.5182653333,145549.15515,PLT,fluencia,8194.597266206294,6296.806792526349,1475365.683474,1267972.102656,487077.02736838115,23226.251765965797,12325.099101430449,26293.85553615352,0.15333736617093685,0.025693310084309258,0.08467997693788365,0.1103732870221929,0.18704197010766133,Pu/PR < 0.20: Pu/(2PR) + Mux/MRx + Muy/MRy,0.005554282140350938,0.0049660452145094775,0.18704197010766133,200.0,True,Incluido mediante transformacion PDelta del modelo OpenSees.,No se amplifica adicionalmente; revisar B1/B2 si el metodo de proyecto lo exige.,"Orientacion_Beta define los ejes fuerte y debil; conexiones, panel de nudo y continuidad requieren revision independiente.",Cumple
208,Columna_1,IR 610 x 113.1,interaccion,SISMO_DOWN_1,I,A992,3515.0,2039696.5324550178,144.6,87409.0,3434.0,24.6,4.9,112.00000000000001,2980747.9999999995,608.0,548.0,229.0,17.3,11.2,6.61849710982659,13.487578184819077,48.92857142857143,35.88659195603647,esbelta,0.9526771833988503,1.0,1.0,1.0,3.2,13.008130081300813,65.3061224489796,11666.920434945809,462.89040855814795,727.4368078705388,324.6548662337071,244.08373776559583,271.92719023719246,4750161.700217002,4694509.365739404,3529450.848090516,3932067.170829803,3529450.848090516,3176505.7632814646,pandeo_flexion_y,3.2,1.0,903980.5182653333,145549.15515,PLT,fluencia,5224.271771896899,37062.10201914571,1475365.683474,1267972.102656,290446.57977224165,71419.25592962345,8427.225604043306,71914.72901236921,0.09143587369795862,0.07900530430309641,0.05789951577086365,0.13690482007396004,0.18262275692293936,Pu/PR < 0.20: Pu/(2PR) + Mux/MRx + Muy/MRy,0.0035410012788120843,0.02922943015979006,0.18262275692293936,200.0,True,Incluido mediante transformacion PDelta del modelo OpenSees.,No se amplifica adicionalmente; revisar B1/B2 si el metodo de proyecto lo exige.,"Orientacion_Beta define los ejes fuerte y debil; conexiones, panel de nudo y continuidad requieren revision independiente.",Cumple
402,Columna_1,IR 610 x 113.1,interaccion,SISMO_DOWN_1,I,A992,3515.0,2039696.5324550178,144.6,87409.0,3434.0,24.6,4.9,112.00000000000001,2980747.9999999995,608.0,548.0,229.0,17.3,11.2,6.61849710982659,13.487578184819077,48.92857142857143,35.88659195603647,esbelta,0.9526771833988503,1.0,1.0,1.0,3.1999999999999993,13.00813008130081,65.30612244897958,11666.920434945814,462.8904085581481,727.4368078705393,324.6548662337071,244.08373776559583,271.92719023719246,4750161.700217002,4694509.365739404,3529450.848090516,3932067.170829803,3529450.848090516,3176505.7632814646,pandeo_flexion_y,3.1999999999999993,1.0,903980.5182653334,145549.15515,PLT,fluencia,14429.718105892674,1214.5693426090145,1475365.683474,1267972.102656,100826.30984954063,876.1178834279355,24063.661581049608,24079.605296452537,0.03174126457286285,0.0009691778370502231,0.16533013576238273,0.16629931359943295,0.18216994588586438,Pu/PR < 0.20: Pu/(2PR) + Mux/MRx + Muy/MRy,0.0097804349576001,0.0009578833320266876,0.18216994588586438,200.0,True,Incluido mediante transformacion PDelta del modelo OpenSees.,No se amplifica adicionalmente; revisar B1/B2 si el metodo de proyecto lo exige.,"Orientacion_Beta define los ejes fuerte y debil; conexiones, panel de nudo y continuidad requieren revision independiente.",Cumple
204,Columna_1,IR 610 x 113.1,interaccion,SISMO_DOWN_1,I,A992,3515.0,2039696.5324550178,144.6,87409.0,3434.0,24.6,4.9,112.00000000000001,2980747.9999999995,608.0,548.0,229.0,17.3,11.2,6.61849710982659,13.487578184819077,48.92857142857143,35.88659195603647,esbelta,0.9526771833988503,1.0,1.0,1.0,3.2,13.008130081300813,65.3061224489796,11666.920434945809,462.89040855814795,727.4368078705388,324.6548662337071,244.08373776559583,271.92719023719246,4750161.700217002,4694509.365739404,3529450.848090516,3932067.170829803,3529450.848090516,3176505.7632814646,pandeo_flexion_y,3.2,1.0,903980.5182653333,145549.15515,PLT,fluencia,4100.86657296935,46215.653047329506,1475365.683474,1267972.102656,208886.91050222763,90762.48601994767,6725.7979481205575,91011.34669127877,0.0657599658457533,0.10040314385769471,0.04620980411180736,0.14661294796950208,0.17949293089237872,Pu/PR < 0.20: Pu/(2PR) + Mux/MRx + Muy/MRy,0.002779559412899696,0.0364484778099789,0.17949293089237872,200.0,True,Incluido mediante transformacion PDelta del modelo OpenSees.,No se amplifica adicionalmente; revisar B1/B2 si el metodo de proyecto lo exige.,"Orientacion_Beta define los ejes fuerte y debil; conexiones, panel de nudo y continuidad requieren revision independiente.",Cumple
209,Columna_1,IR 610 x 113.1,interaccion,SISMO_DOWN_1,I,A992,3515.0,2039696.5324550178,144.6,87409.0,3434.0,24.6,4.9,112.00000000000001,2980747.9999999995,608.0,548.0,229.0,17.3,11.2,6.61849710982659,13.487578184819077,48.92857142857143,35.88659195603647,esbelta,0.9526771833988503,1.0,1.0,1.0,3.2,13.008130081300813,65.3061224489796,11666.920434945809,462.89040855814795,727.4368078705388,324.6548662337071,244.08373776559583,271.92719023719246,4750161.700217002,4694509.365739404,3529450.848090516,3932067.170829803,3529450.848090516,3176505.7632814646,pandeo_flexion_y,3.2,1.0,903980.5182653333,145549.15515,PLT,fluencia,4419.625822364791,29318.07051824215,1475365.683474,1267972.102656,379614.7242344619,56878.41608647276,7082.473506536275,57317.673081491295,0.11950701573489476,0.06291995782787213,0.04866035463577388,0.11158031246364601,0.1713338203310934,Pu/PR < 0.20: Pu/(2PR) + Mux/MRx + Muy/MRy,0.0029956138141684495,0.023122015426703852,0.1713338203310934,200.0,True,Incluido mediante transformacion PDelta del modelo OpenSees.,No se amplifica adicionalmente; revisar B1/B2 si el metodo de proyecto lo exige.,"Orientacion_Beta define los ejes fuerte y debil; conexiones, panel de nudo y continuidad requieren revision independiente.",Cumple
214,Columna_1,IR 610 x 113.1,interaccion,SISMO_DOWN_1,I,A992,3515.0,2039696.5324550178,144.6,87409.0,3434.0,24.6,4.9,112.00000000000001,2980747.9999999995,608.0,548.0,229.0,17.3,11.2,6.61849710982659,13.487578184819077,48.92857142857143,35.88659195603647,esbelta,0.9526771833988503,1.0,1.0,1.0,3.2,13.008130081300813,65.3061224489796,11666.920434945809,462.89040855814795,727.4368078705388,324.6548662337071,244.08373776559583,271.92719023719246,4750161.700217002,4694509.365739404,3529450.848090516,3932067.170829803,3529450.848090516,3176505.7632814646,pandeo_flexion_y,3.2,1.0,903980.5182653333,145549.15515,PLT,fluencia,8765.71426593427,6843.912690590155,1475365.683474,1267972.102656,354136.1831170752,12784.271697220938,14064.538002731459,19006.54708406137,0.11148608235208664,0.014142198243113623,0.09663084604123487,0.11077304428434849,0.16651608546039182,Pu/PR < 0.20: Pu/(2PR) + Mux/MRx + Muy/MRy,0.0059413841355547194,0.00539752623599078,0.16651608546039182,200.0,True,Incluido mediante transformacion PDelta del modelo OpenSees.,No se amplifica adicionalmente; revisar B1/B2 si el metodo de proyecto lo exige.,"Orientacion_Beta define los ejes fuerte y debil; conexiones, panel de nudo y continuidad requieren revision independiente.",Cumple
201,Columna_1,IR 610 x 113.1,interaccion,SISMO_DOWN_1,I,A992,3515.0,2039696.5324550178,144.6,87409.0,3434.0,24.6,4.9,112.00000000000001,2980747.9999999995,608.0,548.0,229.0,17.3,11.2,6.61849710982659,13.487578184819077,48.92857142857143,35.88659195603647,esbelta,0.9526771833988503,1.0,1.0,1.0,3.2,13.008130081300813,65.3061224489796,11666.920434945809,462.89040855814795,727.4368078705388,324.6548662337071,244.08373776559583,271.92719023719246,4750161.700217002,4694509.365739404,3529450.848090516,3932067.170829803,3529450.848090516,3176505.7632814646,pandeo_flexion_y,3.2,1.0,903980.5182653333,145549.15515,PLT,fluencia,3536.1590602884417,41474.88131870697,1475365.683474,1267972.102656,225634.8038072491,81943.20708357512,5690.271694428914,82140.54041152941,0.07103239239023411,0.0906470940776662,0.039095188759870406,0.1297422828375366,0.16525847903265367,Pu/PR < 0.20: Pu/(2PR) + Mux/MRx + Muy/MRy,0.0023968017555904865,0.03270961658527836,0.16525847903265367,200.0,True,Incluido mediante transformacion PDelta del modelo OpenSees.,No se amplifica adicionalmente; revisar B1/B2 si el metodo de proyecto lo exige.,"Orientacion_Beta define los ejes fuerte y debil; conexiones, panel de nudo y continuidad requieren revision independiente.",Cumple
215,Columna_1,IR 610 x 113.1,interaccion,SISMO_DOWN_1,I,A992,3515.0,2039696.5324550178,144.6,87409.0,3434.0,24.6,4.9,112.00000000000001,2980747.9999999995,608.0,548.0,229.0,17.3,11.2,6.61849710982659,13.487578184819077,48.92857142857143,35.88659195603647,esbelta,0.9526771833988503,1.0,1.0,1.0,3.2,13.008130081300813,65.3061224489796,11666.920434945809,462.89040855814795,727.4368078705388,324.6548662337071,244.08373776559583,271.92719023719246,4750161.700217002,4694509.365739404,3529450.848090516,3932067.170829803,3529450.848090516,3176505.7632814646,pandeo_flexion_y,3.2,1.0,903980.5182653333,145549.15515,PLT,fluencia,8667.573640495099,7170.828433955994,1475365.683474,1267972.102656,331557.4560214989,15003.723153877554,13881.125586991548,20440.09187944205,0.10437804327450237,0.016597396570745247,0.09537070533103363,0.11196810190177887,0.16415712353903006,Pu/PR < 0.20: Pu/(2PR) + Mux/MRx + Muy/MRy,0.005874864609895099,0.0056553518953101406,0.16415712353903006,200.0,True,Incluido mediante transformacion PDelta del modelo OpenSees.,No se amplifica adicionalmente; revisar B1/B2 si el metodo de proyecto lo exige.,"Orientacion_Beta define los ejes fuerte y debil; conexiones, panel de nudo y continuidad requieren revision independiente.",Cumple
115,Columna_1,IR 610 x 113.1,interaccion,SISMO_DOWN_1,I,A992,3515.0,2039696.5324550178,144.6,87409.0,3434.0,24.6,4.9,112.00000000000001,2980747.9999999995,608.0,548.0,229.0,17.3,11.2,6.61849710982659,13.487578184819077,48.92857142857143,35.88659195603647,esbelta,0.9526771833988503,1.0,1.0,1.0,3.2,13.008130081300813,65.3061224489796,11666.920434945809,462.89040855814795,727.4368078705388,324.6548662337071,244.08373776559583,271.92719023719246,4750161.700217002,4694509.365739404,3529450.848090516,3932067.170829803,3529450.848090516,3176505.7632814646,pandeo_flexion_y,3.2,1.0,903980.5182653333,145549.15515,PLT,fluencia,5102.469941236238,7078.618357421073,1475365.683474,1267972.102656,447268.08083361544,24060.183970667636,8286.648297500878,25447.219744185142,0.14080505881770183,0.02661582134185504,0.05693367501144769,0.08354949635330274,0.15395202576215367,Pu/PR < 0.20: Pu/(2PR) + Mux/MRx + Muy/MRy,0.003458444234124792,0.005582629414790443,0.15395202576215367,200.0,True,Incluido mediante transformacion PDelta del modelo OpenSees.,No se amplifica adicionalmente; revisar B1/B2 si el metodo de proyecto lo exige.,"Orientacion_Beta define los ejes fuerte y debil; conexiones, panel de nudo y continuidad requieren revision independiente.",Cumple
314,Columna_1,IR 610 x 113.1,interaccion,SISMO_DOWN_1,J,A992,3515.0,2039696.5324550178,144.6,87409.0,3434.0,24.6,4.9,112.00000000000001,2980747.9999999995,608.0,548.0,229.0,17.3,11.2,6.61849710982659,13.487578184819077,48.92857142857143,35.88659195603647,esbelta,0.9526771833988503,1.0,1.0,1.0,3.200000000000001,13.008130081300816,65.30612244897961,11666.920434945801,462.8904085581478,727.4368078705386,324.6548662337071,244.0837377655958,271.9271902371924,4750161.700217002,4694509.365739404,3529450.8480905155,3932067.1708298023,3529450.8480905155,3176505.763281464,pandeo_flexion_y,3.200000000000001,1.0,903980.5182653331,145549.15515,PLT,fluencia,9203.19581765699,5742.276696975353,1475365.683474,1267972.102656,224644.08626918957,9827.928566849429,14735.192002316113,17711.975137183763,0.07072050328569932,0.010871836691468134,0.10123859521637431,0.11211043190784244,0.1474706835506921,Pu/PR < 0.20: Pu/(2PR) + Mux/MRx + Muy/MRy,0.006237908283176613,0.004528709018871237,0.1474706835506921,200.0,True,Incluido mediante transformacion PDelta del modelo OpenSees.,No se amplifica adicionalmente; revisar B1/B2 si el metodo de proyecto lo exige.,"Orientacion_Beta define los ejes fuerte y debil; conexiones, panel de nudo y continuidad requieren revision independiente.",Cumple
315,Columna_1,IR 610 x 113.1,interaccion,SISMO_DOWN_1,I,A992,3515.0,2039696.5324550178,144.6,87409.0,3434.0,24.6,4.9,112.00000000000001,2980747.9999999995,608.0,548.0,229.0,17.3,11.2,6.61849710982659,13.487578184819077,48.92857142857143,35.88659195603647,esbelta,0.9526771833988503,1.0,1.0,1.0,3.200000000000001,13.008130081300816,65.30612244897961,11666.920434945801,462.8904085581478,727.4368078705386,324.6548662337071,244.0837377655958,271.9271902371924,4750161.700217002,4694509.365739404,3529450.8480905155,3932067.1708298023,3529450.8480905155,3176505.763281464,pandeo_flexion_y,3.200000000000001,1.0,903980.5182653331,145549.15515,PLT,fluencia,9039.44307316268,5209.693020862748,1475365.683474,1267972.102656,214221.27975249387,8824.455167359834,14441.108836938736,16923.848068363583,0.06743928571727012,0.009761775822661824,0.09921808767667543,0.10897986349933726,0.14269950635797232,Pu/PR < 0.20: Pu/(2PR) + Mux/MRx + Muy/MRy,0.006126916990422178,0.004108681105798851,0.14269950635797232,200.0,True,Incluido mediante transformacion PDelta del modelo OpenSees.,No se amplifica adicionalmente; revisar B1/B2 si el metodo de proyecto lo exige.,"Orientacion_Beta define los ejes fuerte y debil; conexiones, panel de nudo y continuidad requieren revision independiente.",Cumple
308,Columna_1,IR 610 x 113.1,interaccion,SISMO_DOWN_1,J,A992,3515.0,2039696.5324550178,144.6,87409.0,3434.0,24.6,4.9,112.00000000000001,2980747.9999999995,608.0,548.0,229.0,17.3,11.2,6.61849710982659,13.487578184819077,48.92857142857143,35.88659195603647,esbelta,0.9526771833988503,1.0,1.0,1.0,3.200000000000001,13.008130081300816,65.30612244897961,11666.920434945801,462.8904085581478,727.4368078705386,324.6548662337071,244.0837377655958,271.9271902371924,4750161.700217002,4694509.365739404,3529450.8480905155,3932067.1708298023,3529450.8480905155,3176505.763281464,pandeo_flexion_y,3.200000000000001,1.0,903980.5182653331,145549.15515,PLT,fluencia,4571.063993045766,25792.33919228474,1475365.683474,1267972.102656,179185.7156247523,52122.13999185813,7303.329029607021,52631.3223493915,0.05640969322204092,0.05765847707855074,0.050177749380134556,0.10783622645868529,0.13604107306970575,Pu/PR < 0.20: Pu/(2PR) + Mux/MRx + Muy/MRy,0.003098258312666197,0.0203414090406705,0.13604107306970575,200.0,True,Incluido mediante transformacion PDelta del modelo OpenSees.,No se amplifica adicionalmente; revisar B1/B2 si el metodo de proyecto lo exige.,"Orientacion_Beta define los ejes fuerte y debil; conexiones, panel de nudo y continuidad requieren revision independiente.",Cumple
309,Columna_1,IR 610 x 113.1,interaccion,SISMO_DOWN_1,I,A992,3515.0,2039696.5324550178,144.6,87409.0,3434.0,24.6,4.9,112.00000000000001,2980747.9999999995,608.0,548.0,229.0,17.3,11.2,6.61849710982659,13.487578184819077,48.92857142857143,35.88659195603647,esbelta,0.9526771833988503,1.0,1.0,1.0,3.200000000000001,13.008130081300816,65.30612244897961,11666.920434945801,462.8904085581478,727.4368078705386,324.6548662337071,244.0837377655958,271.9271902371924,4750161.700217002,4694509.365739404,3529450.8480905155,3932067.1708298023,3529450.8480905155,3176505.763281464,pandeo_flexion_y,3.200000000000001,1.0,903980.5182653331,145549.15515,PLT,fluencia,4263.830477880028,19030.303942546267,1475365.683474,1267972.102656,243906.38244103504,45529.07189779436,6774.297986100559,46030.28895280817,0.07678449233760228,0.050365102983813234,0.04654302513208754,0.09690812811590077,0.1353003742847019,Pu/PR < 0.20: Pu/(2PR) + Mux/MRx + Muy/MRy,0.0028900160317136513,0.015008456339602272,0.1353003742847019,200.0,True,Incluido mediante transformacion PDelta del modelo OpenSees.,No se amplifica adicionalmente; revisar B1/B2 si el metodo de proyecto lo exige.,"Orientacion_Beta define los ejes fuerte y debil; conexiones, panel de nudo y continuidad requieren revision independiente.",Cumple
304,Columna_1,IR 610 x 113.1,interaccion,SISMO_DOWN_1,J,A992,3515.0,2039696.5324550178,144.6,87409.0,3434.0,24.6,4.9,112.00000000000001,2980747.9999999995,608.0,548.0,229.0,17.3,11.2,6.61849710982659,13.487578184819077,48.92857142857143,35.88659195603647,esbelta,0.9526771833988503,1.0,1.0,1.0,3.200000000000001,13.008130081300816,65.30612244897961,11666.920434945801,462.8904085581478,727.4368078705386,324.6548662337071,244.0837377655958,271.9271902371924,4750161.700217002,4694509.365739404,3529450.8480905155,3932067.1708298023,3529450.8480905155,3176505.763281464,pandeo_flexion_y,3.200000000000001,1.0,903980.5182653331,145549.15515,PLT,fluencia,3868.8949245144668,32130.36614097875,1475365.683474,1267972.102656,126982.1152502926,64476.56743865291,6157.167683636919,64769.88854827203,0.03997540842460639,0.07132517364685947,0.042303012183694685,0.11362818583055416,0.13361589004285734,Pu/PR < 0.20: Pu/(2PR) + Mux/MRx + Muy/MRy,0.0026223294792952576,0.025339962980002326,0.13361589004285734,200.0,True,Incluido mediante transformacion PDelta del modelo OpenSees.,No se amplifica adicionalmente; revisar B1/B2 si el metodo de proyecto lo exige.,"Orientacion_Beta define los ejes fuerte y debil; conexiones, panel de nudo y continuidad requieren revision independiente.",Cumple
305,Columna_1,IR 610 x 113.1,interaccion,SISMO_DOWN_1,J,A992,3515.0,2039696.5324550178,144.6,87409.0,3434.0,24.6,4.9,112.00000000000001,2980747.9999999995,608.0,548.0,229.0,17.3,11.2,6.61849710982659,13.487578184819077,48.92857142857143,35.88659195603647,esbelta,0.9526771833988503,1.0,1.0,1.0,3.200000000000001,13.008130081300816,65.30612244897961,11666.920434945801,462.8904085581478,727.4368078705386,324.6548662337071,244.0837377655958,271.9271902371924,4750161.700217002,4694509.365739404,3529450.8480905155,3932067.1708298023,3529450.8480905155,3176505.763281464,pandeo_flexion_y,3.200000000000001,1.0,903980.5182653331,145549.15515,PLT,fluencia,3779.4120793743086,23415.27351002917,1475365.683474,1267972.102656,242707.99440319152,48624.84232523272,6048.970893637133,48999.64632551762,0.07640722620709617,0.053789701595051996,0.04155964277087824,0.09534934436593023,0.13355295746947832,Pu/PR < 0.20: Pu/(2PR) + Mux/MRx + Muy/MRy,0.0025616781803376627,0.018466710317191982,0.13355295746947832,200.0,True,Incluido mediante transformacion PDelta del modelo OpenSees.,No se amplifica adicionalmente; revisar B1/B2 si el metodo de proyecto lo exige.,"Orientacion_Beta define los ejes fuerte y debil; conexiones, panel de nudo y continuidad requieren revision independiente.",Cumple
212,Columna_1,IR 610 x 113.1,interaccion,SISMO_DOWN_1,I,A992,3515.0,2039696.5324550178,144.6,87409.0,3434.0,24.6,4.9,112.00000000000001,2980747.9999999995,608.0,548.0,229.0,17.3,11.2,6.61849710982659,13.487578184819077,48.92857142857143,35.88659195603647,esbelta,0.9526771833988503,1.0,1.0,1.0,3.2,13.008130081300813,65.3061224489796,11666.920434945809,462.89040855814795,727.4368078705388,324.6548662337071,244.08373776559583,271.92719023719246,4750161.700217002,4694509.365739404,3529450.848090516,3932067.170829803,3529450.848090516,3176505.7632814646,pandeo_flexion_y,3.2,1.0,903980.5182653333,145549.15515,PLT,fluencia,3310.967775614556,30904.736647735015,1475365.683474,1267972.102656,186229.55102858433,59149.70214621022,5404.056560992796,59396.05282592266,0.058627172404749975,0.0654324965539233,0.03712873877847993,0.10256123533240323,0.13187482153477822,Pu/PR < 0.20: Pu/(2PR) + Mux/MRx + Muy/MRy,0.0022441675394118685,0.024373356939793374,0.13187482153477822,200.0,True,Incluido mediante transformacion PDelta del modelo OpenSees.,No se amplifica adicionalmente; revisar B1/B2 si el metodo de proyecto lo exige.,"Orientacion_Beta define los ejes fuerte y debil; conexiones, panel de nudo y continuidad requieren revision independiente.",Cumple
216,Columna_1,IR 610 x 113.1,interaccion,SISMO_DOWN_1,J,A992,3515.0,2039696.5324550178,144.6,87409.0,3434.0,24.6,4.9,112.00000000000001,2980747.9999999995,608.0,548.0,229.0,17.3,11.2,6.61849710982659,13.487578184819077,48.92857142857143,35.88659195603647,esbelta,0.9526771833988503,1.0,1.0,1.0,3.2,13.008130081300813,65.3061224489796,11666.920434945809,462.89040855814795,727.4368078705388,324.6548662337071,244.08373776559583,271.92719023719246,4750161.700217002,4694509.365739404,3529450.848090516,3932067.170829803,3529450.848090516,3176505.7632814646,pandeo_flexion_y,3.2,1.0,903980.5182653333,145549.15515,PLT,fluencia,4145.12348305389,24222.944718571736,1475365.683474,1267972.102656,199590.88088728275,48611.42478103679,6498.611185984564,49043.88408954781,0.0628334704109263,0.05377485885903631,0.04464891039241847,0.09842376925145478,0.12984050445691792,Pu/PR < 0.20: Pu/(2PR) + Mux/MRx + Muy/MRy,0.002809556660755108,0.01910368900690507,0.12984050445691792,200.0,True,Incluido mediante transformacion PDelta del modelo OpenSees.,No se amplifica adicionalmente; revisar B1/B2 si el metodo de proyecto lo exige.,"Orientacion_Beta define los ejes fuerte y debil; conexiones, panel de nudo y continuidad requieren revision independiente.",Cumple
414,Columna_1,IR 610 x 113.1,interaccion,SISMO_DOWN_1,I,A992,3515.0,2039696.5324550178,144.6,87409.0,3434.0,24.6,4.9,112.00000000000001,2980747.9999999995,608.0,548.0,229.0,17.3,11.2,6.61849710982659,13.487578184819077,48.92857142857143,35.88659195603647,esbelta,0.9526771833988503,1.0,1.0,1.0,3.1999999999999993,13.00813008130081,65.30612244897958,11666.920434945814,462.8904085581481,727.4368078705393,324.6548662337071,244.08373776559583,271.92719023719246,4750161.700217002,4694509.365739404,3529450.848090516,3932067.170829803,3529450.848090516,3176505.7632814646,pandeo_flexion_y,3.1999999999999993,1.0,903980.5182653334,145549.15515,PLT,fluencia,9034.5881970348,5288.878987143538,1475365.683474,1267972.102656,100628.68336129264,8922.537744144196,15138.513950911138,17572.315853000393,0.03167904951550882,0.009870276586563873,0.10400963121572017,0.11387990780228405,0.12971943256003846,Pu/PR < 0.20: Pu/(2PR) + Mux/MRx + Muy/MRy,0.006123626364794741,0.0041711319800057205,0.12971943256003846,200.0,True,Incluido mediante transformacion PDelta del modelo OpenSees.,No se amplifica adicionalmente; revisar B1/B2 si el metodo de proyecto lo exige.,"Orientacion_Beta define los ejes fuerte y debil; conexiones, panel de nudo y continuidad requieren revision independiente.",Cumple
213,Columna_1,IR 610 x 113.1,interaccion,SISMO_DOWN_1,J,A992,3515.0,2039696.5324550178,144.6,87409.0,3434.0,24.6,4.9,112.00000000000001,2980747.9999999995,608.0,548.0,229.0,17.3,11.2,6.61849710982659,13.487578184819077,48.92857142857143,35.88659195603647,esbelta,0.9526771833988503,1.0,1.0,1.0,3.2,13.008130081300813,65.3061224489796,11666.920434945809,462.89040855814795,727.4368078705388,324.6548662337071,244.08373776559583,271.92719023719246,4750161.700217002,4694509.365739404,3529450.848090516,3932067.170829803,3529450.848090516,3176505.7632814646,pandeo_flexion_y,3.2,1.0,903980.5182653333,145549.15515,PLT,fluencia,3882.2508264394282,24156.132381269737,1475365.683474,1267972.102656,216551.25099386467,47998.97481130194,6155.054755306239,48392.00638511298,0.06817278705962683,0.05309735535386111,0.04228849524384366,0.09538585059770477,0.12947224412751818,Pu/PR < 0.20: Pu/(2PR) + Mux/MRx + Muy/MRy,0.0026313820837272064,0.01905099672987307,0.12947224412751818,200.0,True,Incluido mediante transformacion PDelta del modelo OpenSees.,No se amplifica adicionalmente; revisar B1/B2 si el metodo de proyecto lo exige.,"Orientacion_Beta define los ejes fuerte y debil; conexiones, panel de nudo y continuidad requieren revision independiente.",Cumple
415,Columna_1,IR 610 x 113.1,interaccion,SISMO_DOWN_1,I,A992,3515.0,2039696.5324550178,144.6,87409.0,3434.0,24.6,4.9,112.00000000000001,2980747.9999999995,608.0,548.0,229.0,17.3,11.2,6.61849710982659,13.487578184819077,48.92857142857143,35.88659195603647,esbelta,0.9526771833988503,1.0,1.0,1.0,3.1999999999999993,13.00813008130081,65.30612244897958,11666.920434945814,462.8904085581481,727.4368078705393,324.6548662337071,244.08373776559583,271.92719023719246,4750161.700217002,4694509.365739404,3529450.848090516,3932067.170829803,3529450.848090516,3176505.7632814646,pandeo_flexion_y,3.1999999999999993,1.0,903980.5182653334,145549.15515,PLT,fluencia,8918.43421665252,4503.973119245325,1475365.683474,1267972.102656,93964.96636031826,9188.205144959476,14873.478389320378,17482.6620737072,0.02958123591227125,0.01016416278814383,0.10218869614180909,0.11235285892995292,0.12714347688608854,Pu/PR < 0.20: Pu/(2PR) + Mux/MRx + Muy/MRy,0.006044897422076773,0.003552107423981117,0.12714347688608854,200.0,True,Incluido mediante transformacion PDelta del modelo OpenSees.,No se amplifica adicionalmente; revisar B1/B2 si el metodo de proyecto lo exige.,"Orientacion_Beta define los ejes fuerte y debil; conexiones, panel de nudo y continuidad requieren revision independiente.",Cumple
301,Columna_1,IR 610 x 113.1,interaccion,SISMO_DOWN_1,J,A992,3515.0,2039696.5324550178,144.6,87409.0,3434.0,24.6,4.9,112.00000000000001,2980747.9999999995,608.0,548.0,229.0,17.3,11.2,6.61849710982659,13.487578184819077,48.92857142857143,35.88659195603647,esbelta,0.9526771833988503,1.0,1.0,1.0,3.200000000000001,13.008130081300816,65.30612244897961,11666.920434945801,462.8904085581478,727.4368078705386,324.6548662337071,244.0837377655958,271.9271902371924,4750161.700217002,4694509.365739404,3529450.8480905155,3932067.1708298023,3529450.8480905155,3176505.763281464,pandeo_flexion_y,3.200000000000001,1.0,903980.5182653331,145549.15515,PLT,fluencia,3299.650640495557,28083.076835353895,1475365.683474,1267972.102656,138657.92665784186,61270.31787071048,5392.230570031321,61507.137817478426,0.04365108612760784,0.06777836096322447,0.037047487939550025,0.1048258489027745,0.1266513919665784,Pu/PR < 0.20: Pu/(2PR) + Mux/MRx + Muy/MRy,0.0022364968071684893,0.022148024216407238,0.1266513919665784,200.0,True,Incluido mediante transformacion PDelta del modelo OpenSees.,No se amplifica adicionalmente; revisar B1/B2 si el metodo de proyecto lo exige.,"Orientacion_Beta define los ejes fuerte y debil; conexiones, panel de nudo y continuidad requieren revision independiente.",Cumple
316,Columna_1,IR 610 x 113.1,interaccion,SISMO_DOWN_1,I,A992,3515.0,2039696.5324550178,144.6,87409.0,3434.0,24.6,4.9,112.00000000000001,2980747.9999999995,608.0,548.0,229.0,17.3,11.2,6.61849710982659,13.487578184819077,48.92857142857143,35.88659195603647,esbelta,0.9526771833988503,1.0,1.0,1.0,3.200000000000001,13.008130081300816,65.30612244897961,11666.920434945801,462.8904085581478,727.4368078705386,324.6548662337071,244.0837377655958,271.9271902371924,4750161.700217002,4694509.365739404,3529450.8480905155,3932067.1708298023,3529450.8480905155,3176505.763281464,pandeo_flexion_y,3.200000000000001,1.0,903980.5182653331,145549.15515,PLT,fluencia,4060.6871093180216,17900.75053858151,1475365.683474,1267972.102656,129428.1538402534,47662.97435076673,6482.2908126071525,48101.75899217261,0.04074544908319281,0.05272566541835237,0.04453678075923309,0.09726244617758546,0.11763517071918186,Pu/PR < 0.20: Pu/(2PR) + Mux/MRx + Muy/MRy,0.002752325850331859,0.014117621752943227,0.11763517071918186,200.0,True,Incluido mediante transformacion PDelta del modelo OpenSees.,No se amplifica adicionalmente; revisar B1/B2 si el metodo de proyecto lo exige.,"Orientacion_Beta define los ejes fuerte y debil; conexiones, panel de nudo y continuidad requieren revision independiente.",Cumple
313,Columna_1,IR 610 x 113.1,interaccion,SISMO_DOWN_1,I,A992,3515.0,2039696.5324550178,144.6,87409.0,3434.0,24.6,4.9,112.00000000000001,2980747.9999999995,608.0,548.0,229.0,17.3,11.2,6.61849710982659,13.487578184819077,48.92857142857143,35.88659195603647,esbelta,0.9526771833988503,1.0,1.0,1.0,3.200000000000001,13.008130081300816,65.30612244897961,11666.920434945801,462.8904085581478,727.4368078705386,324.6548662337071,244.0837377655958,271.9271902371924,4750161.700217002,4694509.365739404,3529450.8480905155,3932067.1708298023,3529450.8480905155,3176505.763281464,pandeo_flexion_y,3.200000000000001,1.0,903980.5182653331,145549.15515,PLT,fluencia,3732.657315060176,17142.130209703795,1475365.683474,1267972.102656,140797.19869478032,48229.812723073395,5875.698965395222,48586.40420564871,0.04432455320003289,0.05335271252927284,0.04036917259560762,0.09372188512488046,0.1158841617248969,Pu/PR < 0.20: Pu/(2PR) + Mux/MRx + Muy/MRy,0.0025299878917279667,0.013519327573372049,0.1158841617248969,200.0,True,Incluido mediante transformacion PDelta del modelo OpenSees.,No se amplifica adicionalmente; revisar B1/B2 si el metodo de proyecto lo exige.,"Orientacion_Beta define los ejes fuerte y debil; conexiones, panel de nudo y continuidad requieren revision independiente.",Cumple
408,Columna_1,IR 610 x 113.1,interaccion,SISMO_DOWN_1,I,A992,3515.0,2039696.5324550178,144.6,87409.0,3434.0,24.6,4.9,112.00000000000001,2980747.9999999995,608.0,548.0,229.0,17.3,11.2,6.61849710982659,13.487578184819077,48.92857142857143,35.88659195603647,esbelta,0.9526771833988503,1.0,1.0,1.0,3.1999999999999993,13.00813008130081,65.30612244897958,11666.920434945814,462.8904085581481,727.4368078705393,324.6548662337071,244.08373776559583,271.92719023719246,4750161.700217002,4694509.365739404,3529450.848090516,3932067.170829803,3529450.848090516,3176505.7632814646,pandeo_flexion_y,3.1999999999999993,1.0,903980.5182653334,145549.15515,PLT,fluencia,5740.198313294701,16193.62481516245,1475365.683474,1267972.102656,76276.62352099124,39415.91881353459,8041.669590076305,40227.889650230325,0.02401274520030912,0.04360261976571199,0.0552505411782619,0.0988531609439739,0.11085953354412845,Pu/PR < 0.20: Pu/(2PR) + Mux/MRx + Muy/MRy,0.003890695288356189,0.01277127846996155,0.11085953354412845,200.0,True,Incluido mediante transformacion PDelta del modelo OpenSees.,No se amplifica adicionalmente; revisar B1/B2 si el metodo de proyecto lo exige.,"Orientacion_Beta define los ejes fuerte y debil; conexiones, panel de nudo y continuidad requieren revision independiente.",Cumple
312,Columna_1,IR 610 x 113.1,interaccion,SISMO_DOWN_1,I,A992,3515.0,2039696.5324550178,144.6,87409.0,3434.0,24.6,4.9,112.00000000000001,2980747.9999999995,608.0,548.0,229.0,17.3,11.2,6.61849710982659,13.487578184819077,48.92857142857143,35.88659195603647,esbelta,0.9526771833988503,1.0,1.0,1.0,3.200000000000001,13.008130081300816,65.30612244897961,11666.920434945801,462.8904085581478,727.4368078705386,324.6548662337071,244.0837377655958,271.9271902371924,4750161.700217002,4694509.365739404,3529450.8480905155,3932067.1708298023,3529450.8480905155,3176505.763281464,pandeo_flexion_y,3.200000000000001,1.0,903980.5182653331,145549.15515,PLT,fluencia,3321.6517679228373,21002.496426569975,1475365.683474,1267972.102656,119182.74636884705,47211.26090195732,5276.231175031133,47505.17625864632,0.0375200787439234,0.052225971631061234,0.03625051048625845,0.08847648211731968,0.10723652148928138,Pu/PR < 0.20: Pu/(2PR) + Mux/MRx + Muy/MRy,0.0022514091286856028,0.01656384740845354,0.10723652148928138,200.0,True,Incluido mediante transformacion PDelta del modelo OpenSees.,No se amplifica adicionalmente; revisar B1/B2 si el metodo de proyecto lo exige.,"Orientacion_Beta define los ejes fuerte y debil; conexiones, panel de nudo y continuidad requieren revision independiente.",Cumple
409,Columna_1,IR 610 x 113.1,interaccion,SISMO_DOWN_1,I,A992,3515.0,2039696.5324550178,144.6,87409.0,3434.0,24.6,4.9,112.00000000000001,2980747.9999999995,608.0,548.0,229.0,17.3,11.2,6.61849710982659,13.487578184819077,48.92857142857143,35.88659195603647,esbelta,0.9526771833988503,1.0,1.0,1.0,3.1999999999999993,13.00813008130081,65.30612244897958,11666.920434945814,462.8904085581481,727.4368078705393,324.6548662337071,244.08373776559583,271.92719023719246,4750161.700217002,4694509.365739404,3529450.848090516,3932067.170829803,3529450.848090516,3176505.7632814646,pandeo_flexion_y,3.1999999999999993,1.0,903980.5182653334,145549.15515,PLT,fluencia,3404.727126309413,16168.14763739123,1475365.683474,1267972.102656,106985.8231820873,37844.800945544564,5665.135683832915,38266.4699302683,0.03368034914930122,0.04186462006743876,0.038922491016828924,0.08078711108426768,0.09762728565891829,Pu/PR < 0.20: Pu/(2PR) + Mux/MRx + Muy/MRy,0.0023077174455436718,0.012751185616405977,0.09762728565891829,200.0,True,Incluido mediante transformacion PDelta del modelo OpenSees.,No se amplifica adicionalmente; revisar B1/B2 si el metodo de proyecto lo exige.,"Orientacion_Beta define los ejes fuerte y debil; conexiones, panel de nudo y continuidad requieren revision independiente.",Cumple
404,Columna_1,IR 610 x 113.1,interaccion,SISMO_DOWN_1,I,A992,3515.0,2039696.5324550178,144.6,87409.0,3434.0,24.6,4.9,112.00000000000001,2980747.9999999995,608.0,548.0,229.0,17.3,11.2,6.61849710982659,13.487578184819077,48.92857142857143,35.88659195603647,esbelta,0.9526771833988503,1.0,1.0,1.0,3.1999999999999993,13.00813008130081,65.30612244897958,11666.920434945814,462.8904085581481,727.4368078705393,324.6548662337071,244.08373776559583,271.92719023719246,4750161.700217002,4694509.365739404,3529450.848090516,3932067.170829803,3529450.848090516,3176505.7632814646,pandeo_flexion_y,3.1999999999999993,1.0,903980.5182653334,145549.15515,PLT,fluencia,3364.345790625241,19382.10607968101,1475365.683474,1267972.102656,53444.05284814638,43010.21857853242,5543.742173787155,43366.023330051394,0.01682479328887992,0.0475787007678723,0.03808845312824995,0.08566715389612226,0.09407955054056222,Pu/PR < 0.20: Pu/(2PR) + Mux/MRx + Muy/MRy,0.0022803470545033388,0.015285908924243391,0.09407955054056222,200.0,True,Incluido mediante transformacion PDelta del modelo OpenSees.,No se amplifica adicionalmente; revisar B1/B2 si el metodo de proyecto lo exige.,"Orientacion_Beta define los ejes fuerte y debil; conexiones, panel de nudo y continuidad requieren revision independiente.",Cumple
405,Columna_1,IR 610 x 113.1,interaccion,SISMO_DOWN_1,I,A992,3515.0,2039696.5324550178,144.6,87409.0,3434.0,24.6,4.9,112.00000000000001,2980747.9999999995,608.0,548.0,229.0,17.3,11.2,6.61849710982659,13.487578184819077,48.92857142857143,35.88659195603647,esbelta,0.9526771833988503,1.0,1.0,1.0,3.1999999999999993,13.00813008130081,65.30612244897958,11666.920434945814,462.8904085581481,727.4368078705393,324.6548662337071,244.08373776559583,271.92719023719246,4750161.700217002,4694509.365739404,3529450.848090516,3932067.170829803,3529450.848090516,3176505.7632814646,pandeo_flexion_y,3.1999999999999993,1.0,903980.5182653334,145549.15515,PLT,fluencia,2946.3130338914652,17535.70677610338,1475365.683474,1267972.102656,107190.63543656596,39345.149660967734,4871.862441367869,39645.62832761716,0.03374482636727015,0.043524333617795154,0.03347228251752493,0.07699661613532008,0.09386902931895516,Pu/PR < 0.20: Pu/(2PR) + Mux/MRx + Muy/MRy,0.0019970052624200046,0.013829726016346595,0.09386902931895516,200.0,True,Incluido mediante transformacion PDelta del modelo OpenSees.,No se amplifica adicionalmente; revisar B1/B2 si el metodo de proyecto lo exige.,"Orientacion_Beta define los ejes fuerte y debil; conexiones, panel de nudo y continuidad requieren revision independiente.",Cumple
416,Columna_1,IR 610 x 113.1,interaccion,SISMO_DOWN_1,I,A992,3515.0,2039696.5324550178,144.6,87409.0,3434.0,24.6,4.9,112.00000000000001,2980747.9999999995,608.0,548.0,229.0,17.3,11.2,6.61849710982659,13.487578184819077,48.92857142857143,35.88659195603647,esbelta,0.9526771833988503,1.0,1.0,1.0,3.1999999999999993,13.00813008130081,65.30612244897958,11666.920434945814,462.8904085581481,727.4368078705393,324.6548662337071,244.08373776559583,271.92719023719246,4750161.700217002,4694509.365739404,3529450.848090516,3932067.170829803,3529450.848090516,3176505.7632814646,pandeo_flexion_y,3.1999999999999993,1.0,903980.5182653334,145549.15515,PLT,fluencia,3512.424199403196,16514.97331937323,1475365.683474,1267972.102656,54427.148677148456,40361.55574708298,5851.775655897087,40783.556253125316,0.017134282993059302,0.044648700864188526,0.04020480675319871,0.08485350761738723,0.09342064911391688,Pu/PR < 0.20: Pu/(2PR) + Mux/MRx + Muy/MRy,0.0023807143128967145,0.01302471346552467,0.09342064911391688,200.0,True,Incluido mediante transformacion PDelta del modelo OpenSees.,No se amplifica adicionalmente; revisar B1/B2 si el metodo de proyecto lo exige.,"Orientacion_Beta define los ejes fuerte y debil; conexiones, panel de nudo y continuidad requieren revision independiente.",Cumple
413,Columna_1,IR 610 x 113.1,interaccion,SISMO_DOWN_1,I,A992,3515.0,2039696.5324550178,144.6,87409.0,3434.0,24.6,4.9,112.00000000000001,2980747.9999999995,608.0,548.0,229.0,17.3,11.2,6.61849710982659,13.487578184819077,48.92857142857143,35.88659195603647,esbelta,0.9526771833988503,1.0,1.0,1.0,3.1999999999999993,13.00813008130081,65.30612244897958,11666.920434945814,462.8904085581481,727.4368078705393,324.6548662337071,244.08373776559583,271.92719023719246,4750161.700217002,4694509.365739404,3529450.848090516,3932067.170829803,3529450.848090516,3176505.7632814646,pandeo_flexion_y,3.1999999999999993,1.0,903980.5182653334,145549.15515,PLT,fluencia,3015.9708884340425,16723.280522123205,1475365.683474,1267972.102656,60350.06828506442,41392.64118774691,5016.191675742681,41695.47845300917,0.018998885184681753,0.045789306684591045,0.03446390101387463,0.08025320769846567,0.08975265029080655,Pu/PR < 0.20: Pu/(2PR) + Mux/MRx + Muy/MRy,0.0020442192211848286,0.013188997208292854,0.08975265029080655,200.0,True,Incluido mediante transformacion PDelta del modelo OpenSees.,No se amplifica adicionalmente; revisar B1/B2 si el metodo de proyecto lo exige.,"Orientacion_Beta define los ejes fuerte y debil; conexiones, panel de nudo y continuidad requieren revision independiente.",Cumple
412,Columna_1,IR 610 x 113.1,interaccion,SISMO_DOWN_1,I,A992,3515.0,2039696.5324550178,144.6,87409.0,3434.0,24.6,4.9,112.00000000000001,2980747.9999999995,608.0,548.0,229.0,17.3,11.2,6.61849710982659,13.487578184819077,48.92857142857143,35.88659195603647,esbelta,0.9526771833988503,1.0,1.0,1.0,3.1999999999999993,13.00813008130081,65.30612244897958,11666.920434945814,462.8904085581481,727.4368078705393,324.6548662337071,244.08373776559583,271.92719023719246,4750161.700217002,4694509.365739404,3529450.848090516,3932067.170829803,3529450.848090516,3176505.7632814646,pandeo_flexion_y,3.1999999999999993,1.0,903980.5182653334,145549.15515,PLT,fluencia,2420.26622569381,16396.216087639397,1475365.683474,1267972.102656,50657.829513891294,38527.089010317395,4316.258059876324,38768.11410487189,0.015947658618934667,0.04261937976743991,0.029654985323879595,0.0722743650913195,0.08024819440078683,Pu/PR < 0.20: Pu/(2PR) + Mux/MRx + Muy/MRy,0.0016404517556588957,0.01293105428210488,0.08024819440078683,200.0,True,Incluido mediante transformacion PDelta del modelo OpenSees.,No se amplifica adicionalmente; revisar B1/B2 si el metodo de proyecto lo exige.,"Orientacion_Beta define los ejes fuerte y debil; conexiones, panel de nudo y continuidad requieren revision independiente.",Cumple
401,Columna_1,IR 610 x 113.1,interaccion,SISMO_DOWN_1,I,A992,3515.0,2039696.5324550178,144.6,87409.0,3434.0,24.6,4.9,112.00000000000001,2980747.9999999995,608.0,548.0,229.0,17.3,11.2,6.61849710982659,13.487578184819077,48.92857142857143,35.88659195603647,esbelta,0.9526771833988503,1.0,1.0,1.0,3.1999999999999993,13.00813008130081,65.30612244897958,11666.920434945814,462.8904085581481,727.4368078705393,324.6548662337071,244.08373776559583,271.92719023719246,4750161.700217002,4694509.365739404,3529450.848090516,3932067.170829803,3529450.848090516,3176505.7632814646,pandeo_flexion_y,3.1999999999999993,1.0,903980.5182653334,145549.15515,PLT,fluencia,2516.4403985280373,14919.56483821572,1475365.683474,1267972.102656,60231.58129428253,35689.13981895711,4141.838475295153,35928.672769426164,0.01896158413767862,0.03947998778495993,0.028456630140014615,0.06793661792497455,0.07741740999381386,Pu/PR < 0.20: Pu/(2PR) + Mux/MRx + Muy/MRy,0.0017056384235552024,0.011766477201638708,0.07741740999381386,200.0,True,Incluido mediante transformacion PDelta del modelo OpenSees.,No se amplifica adicionalmente; revisar B1/B2 si el metodo de proyecto lo exige.,"Orientacion_Beta define los ejes fuerte y debil; conexiones, panel de nudo y continuidad requieren revision independiente.",Cumple
